{
  "dataset_revision": null,
  "mteb_dataset_name": "AllegroReviews",
  "mteb_version": "1.1.1",
  "test": {
    "accuracy": 0.3385685884691849,
    "accuracy_stderr": 0.041122817119534465,
    "evaluation_time": 2.71,
    "f1": 0.3059572611182218,
    "f1_stderr": 0.029336527522026694,
    "main_score": 0.3385685884691849
  }
}