{
  "dataset_revision": null,
  "mteb_dataset_name": "ArguAna-PL",
  "mteb_version": "1.1.1",
  "test": {
    "evaluation_time": 10.9,
    "map_at_1": 0.20697,
    "map_at_10": 0.34578,
    "map_at_100": 0.35858,
    "map_at_1000": 0.35881,
    "map_at_3": 0.29848,
    "map_at_5": 0.32732,
    "mrr_at_1": 0.21266,
    "mrr_at_10": 0.34808,
    "mrr_at_100": 0.36088,
    "mrr_at_1000": 0.36111,
    "mrr_at_3": 0.30109,
    "mrr_at_5": 0.32965,
    "ndcg_at_1": 0.20697,
    "ndcg_at_10": 0.42616,
    "ndcg_at_100": 0.48428,
    "ndcg_at_1000": 0.4899,
    "ndcg_at_3": 0.32916,
    "ndcg_at_5": 0.38123,
    "precision_at_1": 0.20697,
    "precision_at_10": 0.06842,
    "precision_at_100": 0.00947,
    "precision_at_1000": 0.00099,
    "precision_at_3": 0.1394,
    "precision_at_5": 0.10896,
    "recall_at_1": 0.20697,
    "recall_at_10": 0.68421,
    "recall_at_100": 0.94737,
    "recall_at_1000": 0.99075,
    "recall_at_3": 0.41821,
    "recall_at_5": 0.54481
  }
}