{
  "dataset_revision": null,
  "mteb_dataset_name": "CBD",
  "mteb_version": "1.1.1",
  "test": {
    "accuracy": 0.6499999999999999,
    "accuracy_stderr": 0.04688283267892418,
    "ap": 0.20472701483796038,
    "ap_stderr": 0.0292692876780776,
    "evaluation_time": 6.32,
    "f1": 0.5519605283804813,
    "f1_stderr": 0.038338184275927764,
    "main_score": 0.6499999999999999
  }
}