{
  "dataset_revision": null,
  "mteb_dataset_name": "CDSC-E",
  "mteb_version": "1.1.1",
  "test": {
    "cos_sim": {
      "accuracy": 0.891,
      "accuracy_threshold": 0.9397279024124146,
      "ap": 0.7576396722438552,
      "f1": 0.68,
      "f1_threshold": 0.9337922930717468,
      "precision": 0.74375,
      "recall": 0.6263157894736842
    },
    "dot": {
      "accuracy": 0.848,
      "accuracy_threshold": 7.089698791503906,
      "ap": 0.5884174175005821,
      "f1": 0.5774647887323944,
      "f1_threshold": 6.164608955383301,
      "precision": 0.5211864406779662,
      "recall": 0.6473684210526316
    },
    "euclidean": {
      "accuracy": 0.889,
      "accuracy_threshold": 0.6718214154243469,
      "ap": 0.7533366061826176,
      "f1": 0.6685082872928177,
      "f1_threshold": 1.0114699602127075,
      "precision": 0.7034883720930233,
      "recall": 0.6368421052631579
    },
    "evaluation_time": 0.88,
    "manhattan": {
      "accuracy": 0.889,
      "accuracy_threshold": 17.487991333007812,
      "ap": 0.7515904048214115,
      "f1": 0.6685082872928177,
      "f1_threshold": 21.447036743164062,
      "precision": 0.7034883720930233,
      "recall": 0.6368421052631579
    },
    "max": {
      "accuracy": 0.891,
      "ap": 0.7576396722438552,
      "f1": 0.68
    }
  }
}