{
  "dataset_revision": null,
  "mteb_dataset_name": "CDSC-R",
  "mteb_version": "1.1.1",
  "test": {
    "cos_sim": {
      "pearson": 0.878536273360384,
      "spearman": 0.8879683556834483
    },
    "euclidean": {
      "pearson": 0.8960742905562691,
      "spearman": 0.893070823616761
    },
    "evaluation_time": 1.08,
    "manhattan": {
      "pearson": 0.8942805759195097,
      "spearman": 0.8911898909991377
    }
  }
}