{
  "dataset_revision": null,
  "mteb_dataset_name": "DBPedia-PL",
  "mteb_version": "1.1.1",
  "test": {
    "evaluation_time": 3059.19,
    "map_at_1": 0.04251,
    "map_at_10": 0.08446,
    "map_at_100": 0.11349,
    "map_at_1000": 0.12193,
    "map_at_3": 0.06442,
    "map_at_5": 0.0722,
    "mrr_at_1": 0.36,
    "mrr_at_10": 0.44717,
    "mrr_at_100": 0.45491,
    "mrr_at_1000": 0.45522,
    "mrr_at_3": 0.425,
    "mrr_at_5": 0.4365,
    "ndcg_at_1": 0.275,
    "ndcg_at_10": 0.20185,
    "ndcg_at_100": 0.22868,
    "ndcg_at_1000": 0.2886,
    "ndcg_at_3": 0.23121,
    "ndcg_at_5": 0.2131,
    "precision_at_1": 0.36,
    "precision_at_10": 0.16625,
    "precision_at_100": 0.05227,
    "precision_at_1000": 0.01299,
    "precision_at_3": 0.27083,
    "precision_at_5": 0.2165,
    "recall_at_1": 0.04251,
    "recall_at_10": 0.12392,
    "recall_at_100": 0.28574,
    "recall_at_1000": 0.48763,
    "recall_at_3": 0.07538,
    "recall_at_5": 0.09187
  }
}