{
  "dataset_revision": null,
  "mteb_dataset_name": "FiQA-PL",
  "mteb_version": "1.1.1",
  "test": {
    "evaluation_time": 46.85,
    "map_at_1": 0.07409,
    "map_at_10": 0.11059,
    "map_at_100": 0.12166,
    "map_at_1000": 0.12351,
    "map_at_3": 0.09666,
    "map_at_5": 0.10436,
    "mrr_at_1": 0.14198,
    "mrr_at_10": 0.19137,
    "mrr_at_100": 0.20124,
    "mrr_at_1000": 0.20225,
    "mrr_at_3": 0.17464,
    "mrr_at_5": 0.18436,
    "ndcg_at_1": 0.14198,
    "ndcg_at_10": 0.14683,
    "ndcg_at_100": 0.20231,
    "ndcg_at_1000": 0.24818,
    "ndcg_at_3": 0.13141,
    "ndcg_at_5": 0.13601,
    "precision_at_1": 0.14198,
    "precision_at_10": 0.04213,
    "precision_at_100": 0.00977,
    "precision_at_1000": 0.00177,
    "precision_at_3": 0.08745,
    "precision_at_5": 0.06543,
    "recall_at_1": 0.07409,
    "recall_at_10": 0.17564,
    "recall_at_100": 0.39575,
    "recall_at_1000": 0.68726,
    "recall_at_3": 0.11672,
    "recall_at_5": 0.14094
  }
}