{
  "dataset_revision": null,
  "mteb_dataset_name": "HotpotQA-PL",
  "mteb_version": "1.1.1",
  "test": {
    "evaluation_time": 3538.08,
    "map_at_1": 0.16759,
    "map_at_10": 0.22576,
    "map_at_100": 0.23388,
    "map_at_1000": 0.23492,
    "map_at_3": 0.20907,
    "map_at_5": 0.21842,
    "mrr_at_1": 0.33518,
    "mrr_at_10": 0.40624,
    "mrr_at_100": 0.41344,
    "mrr_at_1000": 0.41405,
    "mrr_at_3": 0.3874,
    "mrr_at_5": 0.39819,
    "ndcg_at_1": 0.33518,
    "ndcg_at_10": 0.29363,
    "ndcg_at_100": 0.33184,
    "ndcg_at_1000": 0.35785,
    "ndcg_at_3": 0.26033,
    "ndcg_at_5": 0.27665,
    "precision_at_1": 0.33518,
    "precision_at_10": 0.06384,
    "precision_at_100": 0.00942,
    "precision_at_1000": 0.00129,
    "precision_at_3": 0.16255,
    "precision_at_5": 0.11047,
    "recall_at_1": 0.16759,
    "recall_at_10": 0.31918,
    "recall_at_100": 0.47117,
    "recall_at_1000": 0.64537,
    "recall_at_3": 0.24382,
    "recall_at_5": 0.27616
  }
}