{
  "dataset_revision": "7d571f92784cd94a019292a1f45445077d0ef634",
  "mteb_dataset_name": "MassiveScenarioClassification",
  "mteb_version": "1.1.1",
  "test": {
    "evaluation_time": 3.56,
    "pl": {
      "accuracy": 0.6898453261600539,
      "accuracy_stderr": 0.018672606901197823,
      "f1": 0.6868067367060983,
      "f1_stderr": 0.012743491596311203,
      "main_score": 0.6898453261600539
    }
  }
}