{
  "dataset_revision": "31efe3c427b0bae9c22cbb560b8f15491cc6bed7",
  "mteb_dataset_name": "MassiveIntentClassification",
  "mteb_version": "1.1.1",
  "test": {
    "evaluation_time": 20.35,
    "pl": {
      "accuracy": 0.6429051782111633,
      "accuracy_stderr": 0.013502754249102637,
      "f1": 0.616942376654025,
      "f1_stderr": 0.01154911180505358,
      "main_score": 0.6429051782111633
    }
  }
}