{
  "dataset_revision": null,
  "mteb_dataset_name": "MSMARCO-PL",
  "mteb_version": "1.1.1",
  "validation": {
    "evaluation_time": 7281.28,
    "map_at_1": 0.05528,
    "map_at_10": 0.09761,
    "map_at_100": 0.10536,
    "map_at_1000": 0.10622,
    "map_at_3": 0.08207,
    "map_at_5": 0.09036,
    "mrr_at_1": 0.05688,
    "mrr_at_10": 0.10005,
    "mrr_at_100": 0.10771,
    "mrr_at_1000": 0.10854,
    "mrr_at_3": 0.08405,
    "mrr_at_5": 0.09265,
    "ndcg_at_1": 0.05702,
    "ndcg_at_10": 0.12447,
    "ndcg_at_100": 0.16633,
    "ndcg_at_1000": 0.19249,
    "ndcg_at_3": 0.09163,
    "ndcg_at_5": 0.10667,
    "precision_at_1": 0.05702,
    "precision_at_10": 0.02172,
    "precision_at_100": 0.00435,
    "precision_at_1000": 0.00066,
    "precision_at_3": 0.04054,
    "precision_at_5": 0.03192,
    "recall_at_1": 0.05528,
    "recall_at_10": 0.2085,
    "recall_at_100": 0.41184,
    "recall_at_1000": 0.62267,
    "recall_at_3": 0.11738,
    "recall_at_5": 0.15353
  }
}