{
  "dataset_revision": null,
  "mteb_dataset_name": "NFCorpus-PL",
  "mteb_version": "1.1.1",
  "test": {
    "evaluation_time": 4.23,
    "map_at_1": 0.02534,
    "map_at_10": 0.05384,
    "map_at_100": 0.07098,
    "map_at_1000": 0.08248,
    "map_at_3": 0.03881,
    "map_at_5": 0.04464,
    "mrr_at_1": 0.25387,
    "mrr_at_10": 0.32067,
    "mrr_at_100": 0.32974,
    "mrr_at_1000": 0.33057,
    "mrr_at_3": 0.30134,
    "mrr_at_5": 0.31109,
    "ndcg_at_1": 0.23529,
    "ndcg_at_10": 0.1853,
    "ndcg_at_100": 0.17737,
    "ndcg_at_1000": 0.27417,
    "ndcg_at_3": 0.20974,
    "ndcg_at_5": 0.19666,
    "precision_at_1": 0.25077,
    "precision_at_10": 0.14644,
    "precision_at_100": 0.0539,
    "precision_at_1000": 0.01841,
    "precision_at_3": 0.19917,
    "precision_at_5": 0.17647,
    "recall_at_1": 0.02534,
    "recall_at_10": 0.08281,
    "recall_at_100": 0.19261,
    "recall_at_1000": 0.5249,
    "recall_at_3": 0.04532,
    "recall_at_5": 0.05551
  }
}