{
  "dataset_revision": null,
  "mteb_dataset_name": "NQ-PL",
  "mteb_version": "1.1.1",
  "test": {
    "evaluation_time": 2014.02,
    "map_at_1": 0.07022,
    "map_at_10": 0.12283,
    "map_at_100": 0.1327,
    "map_at_1000": 0.13366,
    "map_at_3": 0.1047,
    "map_at_5": 0.11423,
    "mrr_at_1": 0.07995,
    "mrr_at_10": 0.13519,
    "mrr_at_100": 0.14439,
    "mrr_at_1000": 0.14522,
    "mrr_at_3": 0.11718,
    "mrr_at_5": 0.12667,
    "ndcg_at_1": 0.07995,
    "ndcg_at_10": 0.15637,
    "ndcg_at_100": 0.20692,
    "ndcg_at_1000": 0.2342,
    "ndcg_at_3": 0.11898,
    "ndcg_at_5": 0.13582,
    "precision_at_1": 0.07995,
    "precision_at_10": 0.02969,
    "precision_at_100": 0.00585,
    "precision_at_1000": 0.00085,
    "precision_at_3": 0.05784,
    "precision_at_5": 0.04444,
    "recall_at_1": 0.07022,
    "recall_at_10": 0.24788,
    "recall_at_100": 0.48346,
    "recall_at_1000": 0.69467,
    "recall_at_3": 0.14791,
    "recall_at_5": 0.18687
  }
}