{
  "dataset_revision": null,
  "mteb_dataset_name": "PAC",
  "mteb_version": "1.1.1",
  "test": {
    "accuracy": 0.6375905010136114,
    "accuracy_stderr": 0.04289691773799051,
    "ap": 0.7474540948776063,
    "ap_stderr": 0.027572608048278414,
    "evaluation_time": 3.05,
    "f1": 0.6125247651600594,
    "f1_stderr": 0.048267538131931215,
    "main_score": 0.6375905010136114
  }
}