{
  "dataset_revision": null,
  "mteb_dataset_name": "PolEmo2.0-IN",
  "mteb_version": "1.1.1",
  "test": {
    "accuracy": 0.6278393351800554,
    "accuracy_stderr": 0.04330132556689512,
    "evaluation_time": 2.27,
    "f1": 0.6285485342319977,
    "f1_stderr": 0.029134697153086392,
    "main_score": 0.6278393351800554
  }
}