{
  "dataset_revision": null,
  "mteb_dataset_name": "PolEmo2.0-OUT",
  "mteb_version": "1.1.1",
  "test": {
    "accuracy": 0.19979757085020244,
    "accuracy_stderr": 0.06612372269424542,
    "evaluation_time": 1.89,
    "f1": 0.2034309730989575,
    "f1_stderr": 0.04892203632528159,
    "main_score": 0.19979757085020244
  }
}