{
  "dataset_revision": null,
  "mteb_dataset_name": "PPC",
  "mteb_version": "1.1.1",
  "test": {
    "cos_sim": {
      "accuracy": 0.882,
      "accuracy_threshold": 0.833200991153717,
      "ap": 0.936715256878321,
      "f1": 0.906372934697089,
      "f1_threshold": 0.8255664110183716,
      "precision": 0.863568215892054,
      "recall": 0.9536423841059603
    },
    "dot": {
      "accuracy": 0.797,
      "accuracy_threshold": 5.370603084564209,
      "ap": 0.8816455864793676,
      "f1": 0.8437259430331023,
      "f1_threshold": 5.370603084564209,
      "precision": 0.7884892086330936,
      "recall": 0.9072847682119205
    },
    "euclidean": {
      "accuracy": 0.879,
      "accuracy_threshold": 1.5867469310760498,
      "ap": 0.9363958381110977,
      "f1": 0.9043887147335423,
      "f1_threshold": 1.6670548915863037,
      "precision": 0.8586309523809523,
      "recall": 0.9552980132450332
    },
    "evaluation_time": 1.45,
    "manhattan": {
      "accuracy": 0.878,
      "accuracy_threshold": 32.654029846191406,
      "ap": 0.9365267488857903,
      "f1": 0.9032258064516129,
      "f1_threshold": 34.959808349609375,
      "precision": 0.8605697151424287,
      "recall": 0.9503311258278145
    },
    "max": {
      "accuracy": 0.882,
      "ap": 0.936715256878321,
      "f1": 0.906372934697089
    }
  }
}