{
  "dataset_revision": null,
  "mteb_dataset_name": "PSC",
  "mteb_version": "1.1.1",
  "test": {
    "cos_sim": {
      "accuracy": 0.9666048237476809,
      "accuracy_threshold": 0.6751389503479004,
      "ap": 0.9825582126037435,
      "f1": 0.9452887537993919,
      "f1_threshold": 0.6751389503479004,
      "precision": 0.9424242424242424,
      "recall": 0.948170731707317
    },
    "dot": {
      "accuracy": 0.8794063079777366,
      "accuracy_threshold": 2.8895206451416016,
      "ap": 0.8807346899492599,
      "f1": 0.8142076502732242,
      "f1_threshold": 2.6952176094055176,
      "precision": 0.7376237623762376,
      "recall": 0.9085365853658537
    },
    "euclidean": {
      "accuracy": 0.9526901669758813,
      "accuracy_threshold": 1.8063405752182007,
      "ap": 0.9728221449973189,
      "f1": 0.9216589861751152,
      "f1_threshold": 1.811239242553711,
      "precision": 0.9287925696594427,
      "recall": 0.9146341463414634
    },
    "evaluation_time": 1.61,
    "manhattan": {
      "accuracy": 0.9536178107606679,
      "accuracy_threshold": 39.36243438720703,
      "ap": 0.9729532019344784,
      "f1": 0.9244712990936556,
      "f1_threshold": 39.36243438720703,
      "precision": 0.9161676646706587,
      "recall": 0.9329268292682927
    },
    "max": {
      "accuracy": 0.9666048237476809,
      "ap": 0.9825582126037435,
      "f1": 0.9452887537993919
    }
  }
}