{
  "dataset_revision": null,
  "mteb_dataset_name": "Quora-PL",
  "mteb_version": "1.1.1",
  "test": {
    "evaluation_time": 203.21,
    "map_at_1": 0.61142,
    "map_at_10": 0.74575,
    "map_at_100": 0.75429,
    "map_at_1000": 0.75456,
    "map_at_3": 0.71393,
    "map_at_5": 0.73373,
    "mrr_at_1": 0.7055,
    "mrr_at_10": 0.78063,
    "mrr_at_100": 0.7835,
    "mrr_at_1000": 0.78357,
    "mrr_at_3": 0.76543,
    "mrr_at_5": 0.77497,
    "ndcg_at_1": 0.7057,
    "ndcg_at_10": 0.79183,
    "ndcg_at_100": 0.81443,
    "ndcg_at_1000": 0.81798,
    "ndcg_at_3": 0.75372,
    "ndcg_at_5": 0.77416,
    "precision_at_1": 0.7057,
    "precision_at_10": 0.12283,
    "precision_at_100": 0.01483,
    "precision_at_1000": 0.00155,
    "precision_at_3": 0.3318,
    "precision_at_5": 0.2218,
    "recall_at_1": 0.61142,
    "recall_at_10": 0.88614,
    "recall_at_100": 0.9715,
    "recall_at_1000": 0.99382,
    "recall_at_3": 0.77938,
    "recall_at_5": 0.83384
  }
}