{
  "dataset_revision": null,
  "mteb_dataset_name": "SCIDOCS-PL",
  "mteb_version": "1.1.1",
  "test": {
    "evaluation_time": 23.04,
    "map_at_1": 0.0265,
    "map_at_10": 0.06277,
    "map_at_100": 0.07522,
    "map_at_1000": 0.07771,
    "map_at_3": 0.04613,
    "map_at_5": 0.05489,
    "mrr_at_1": 0.13,
    "mrr_at_10": 0.20058,
    "mrr_at_100": 0.21229,
    "mrr_at_1000": 0.21331,
    "mrr_at_3": 0.1745,
    "mrr_at_5": 0.1906,
    "ndcg_at_1": 0.13,
    "ndcg_at_10": 0.11178,
    "ndcg_at_100": 0.1699,
    "ndcg_at_1000": 0.2226,
    "ndcg_at_3": 0.10521,
    "ndcg_at_5": 0.09361,
    "precision_at_1": 0.13,
    "precision_at_10": 0.0582,
    "precision_at_100": 0.01431,
    "precision_at_1000": 0.0027,
    "precision_at_3": 0.09867,
    "precision_at_5": 0.083,
    "recall_at_1": 0.0265,
    "recall_at_10": 0.11823,
    "recall_at_100": 0.29058,
    "recall_at_1000": 0.54873,
    "recall_at_3": 0.0603,
    "recall_at_5": 0.08448
  }
}