{
  "dataset_revision": "4755de8baebc07bed0c60cec9f796e9a346600cb",
  "mteb_dataset_name": "SciDefRetrieval",
  "mteb_version": "1.7.49",
  "test": {
    "evaluation_time": 1.57,
    "map_at_1": 0.3137,
    "map_at_10": 0.40488,
    "map_at_100": 0.41494,
    "map_at_1000": 0.41567,
    "map_at_20": 0.41097,
    "map_at_3": 0.38169,
    "map_at_5": 0.39318,
    "mrr_at_1": 0.31517,
    "mrr_at_10": 0.40549,
    "mrr_at_100": 0.41554,
    "mrr_at_1000": 0.41629,
    "mrr_at_20": 0.41159,
    "mrr_at_3": 0.38193,
    "mrr_at_5": 0.39379,
    "ndcg_at_1": 0.3137,
    "ndcg_at_10": 0.45245,
    "ndcg_at_100": 0.50395,
    "ndcg_at_1000": 0.52304,
    "ndcg_at_20": 0.47427,
    "ndcg_at_3": 0.40358,
    "ndcg_at_5": 0.42425,
    "precision_at_1": 0.3137,
    "precision_at_10": 0.06038,
    "precision_at_100": 0.00851,
    "precision_at_1000": 0.001,
    "precision_at_20": 0.03446,
    "precision_at_3": 0.15562,
    "precision_at_5": 0.10339,
    "recall_at_1": 0.3137,
    "recall_at_10": 0.60383,
    "recall_at_100": 0.85125,
    "recall_at_1000": 1.0,
    "recall_at_20": 0.68925,
    "recall_at_3": 0.46686,
    "recall_at_5": 0.51694
  }
}