{
  "dataset_revision": null,
  "mteb_dataset_name": "SciFact-PL",
  "mteb_version": "1.1.1",
  "test": {
    "evaluation_time": 5.42,
    "map_at_1": 0.26778,
    "map_at_10": 0.36525,
    "map_at_100": 0.37444,
    "map_at_1000": 0.37511,
    "map_at_3": 0.33832,
    "map_at_5": 0.35659,
    "mrr_at_1": 0.28,
    "mrr_at_10": 0.37302,
    "mrr_at_100": 0.38063,
    "mrr_at_1000": 0.38121,
    "mrr_at_3": 0.34778,
    "mrr_at_5": 0.36561,
    "ndcg_at_1": 0.28,
    "ndcg_at_10": 0.41531,
    "ndcg_at_100": 0.46265,
    "ndcg_at_1000": 0.48171,
    "ndcg_at_3": 0.3645,
    "ndcg_at_5": 0.39626,
    "precision_at_1": 0.28,
    "precision_at_10": 0.06333,
    "precision_at_100": 0.00907,
    "precision_at_1000": 0.00107,
    "precision_at_3": 0.15667,
    "precision_at_5": 0.112,
    "recall_at_1": 0.26778,
    "recall_at_10": 0.55922,
    "recall_at_100": 0.78822,
    "recall_at_1000": 0.94,
    "recall_at_3": 0.42372,
    "recall_at_5": 0.50522
  }
}