{
  "dataset_revision": "8064b4442da038aa0482a2542370f9a2441cc50a",
  "mteb_dataset_name": "SciField",
  "mteb_version": "1.7.49",
  "test": {
    "accuracy": 0.8203059805285118,
    "accuracy_stderr": 0.022652022913475355,
    "evaluation_time": 6.67,
    "f1": 0.8159708874999694,
    "f1_stderr": 0.024728376135863685,
    "main_score": 0.8203059805285118
  }
}