{
  "dataset_revision": null,
  "mteb_dataset_name": "SICK-E-PL",
  "mteb_version": "1.1.1",
  "test": {
    "cos_sim": {
      "accuracy": 0.8355075417855687,
      "accuracy_threshold": 0.8926644325256348,
      "ap": 0.772202691740588,
      "f1": 0.7065330107155202,
      "f1_threshold": 0.8691501021385193,
      "precision": 0.6863666890530558,
      "recall": 0.7279202279202279
    },
    "dot": {
      "accuracy": 0.7692621280065226,
      "accuracy_threshold": 6.001521110534668,
      "ap": 0.6007445467967873,
      "f1": 0.587117839121401,
      "f1_threshold": 4.966480255126953,
      "precision": 0.5033078880407125,
      "recall": 0.7044159544159544
    },
    "euclidean": {
      "accuracy": 0.8320423970648186,
      "accuracy_threshold": 1.0301859378814697,
      "ap": 0.766261236126153,
      "f1": 0.7012546625974907,
      "f1_threshold": 1.3198492527008057,
      "precision": 0.6692556634304208,
      "recall": 0.7364672364672364
    },
    "evaluation_time": 2.44,
    "manhattan": {
      "accuracy": 0.8316347329800244,
      "accuracy_threshold": 22.39742660522461,
      "ap": 0.766444732699021,
      "f1": 0.7040220006875215,
      "f1_threshold": 28.006126403808594,
      "precision": 0.6803986710963456,
      "recall": 0.7293447293447294
    },
    "max": {
      "accuracy": 0.8355075417855687,
      "ap": 0.772202691740588,
      "f1": 0.7065330107155202
    }
  }
}