{
  "dataset_revision": null,
  "mteb_dataset_name": "SICK-R-PL",
  "mteb_version": "1.1.1",
  "test": {
    "cos_sim": {
      "pearson": 0.7985472481368616,
      "spearman": 0.7312821657390981
    },
    "euclidean": {
      "pearson": 0.7692802773936779,
      "spearman": 0.7316464396518569
    },
    "evaluation_time": 2.9,
    "manhattan": {
      "pearson": 0.7692900708238409,
      "spearman": 0.73103068691828
    }
  }
}