{
  "dataset_revision": "6d1ba47164174a496b7fa5d3569dae26a6813b80",
  "mteb_dataset_name": "STS22",
  "mteb_version": "1.1.1",
  "test": {
    "evaluation_time": 1.21,
    "pl": {
      "cos_sim": {
        "pearson": 0.31434527186830785,
        "spearman": 0.33641098807239295
      },
      "euclidean": {
        "pearson": 0.17700480947125008,
        "spearman": 0.2930684626621205
      },
      "manhattan": {
        "pearson": 0.17487153889423696,
        "spearman": 0.29385036721704194
      }
    }
  }
}