{
  "dataset_revision": "93d57ef91790589e3ce9c365164337a8a78b7632",
  "mteb_dataset_name": "STSBenchmarkMultilingualSTS",
  "mteb_version": "1.7.49",
  "test": {
    "evaluation_time": 1.04,
    "pl": {
      "cos_sim": {
        "pearson": 0.8079490590011926,
        "spearman": 0.8145446090665635
      },
      "euclidean": {
        "pearson": 0.8018930001831033,
        "spearman": 0.802357889760985
      },
      "manhattan": {
        "pearson": 0.8011966049944063,
        "spearman": 0.8005167588110785
      }
    }
  }
}