{
  "dataset_revision": null,
  "mteb_dataset_name": "TRECCOVID-PL",
  "mteb_version": "1.1.1",
  "test": {
    "evaluation_time": 133.37,
    "map_at_1": 0.00107,
    "map_at_10": 0.00718,
    "map_at_100": 0.03477,
    "map_at_1000": 0.07355,
    "map_at_3": 0.00304,
    "map_at_5": 0.00429,
    "mrr_at_1": 0.4,
    "mrr_at_10": 0.54519,
    "mrr_at_100": 0.55198,
    "mrr_at_1000": 0.55198,
    "mrr_at_3": 0.50667,
    "mrr_at_5": 0.53567,
    "ndcg_at_1": 0.39,
    "ndcg_at_10": 0.35383,
    "ndcg_at_100": 0.2486,
    "ndcg_at_1000": 0.23088,
    "ndcg_at_3": 0.40838,
    "ndcg_at_5": 0.3811,
    "precision_at_1": 0.4,
    "precision_at_10": 0.368,
    "precision_at_100": 0.2526,
    "precision_at_1000": 0.1003,
    "precision_at_3": 0.44667,
    "precision_at_5": 0.408,
    "recall_at_1": 0.00107,
    "recall_at_10": 0.00951,
    "recall_at_100": 0.06094,
    "recall_at_1000": 0.222,
    "recall_at_3": 0.00351,
    "recall_at_5": 0.0053
  }
}