{
  "dataset_revision": null,
  "mteb_dataset_name": "AllegroReviews",
  "mteb_version": "1.1.1",
  "test": {
    "accuracy": 0.3088469184890656,
    "accuracy_stderr": 0.04066578407762984,
    "evaluation_time": 1.86,
    "f1": 0.2805476730529378,
    "f1_stderr": 0.02893844767150644,
    "main_score": 0.3088469184890656
  }
}