{
  "dataset_revision": null,
  "mteb_dataset_name": "ArguAna-PL",
  "mteb_version": "1.1.1",
  "test": {
    "evaluation_time": 7.46,
    "map_at_1": 0.17568,
    "map_at_10": 0.30198,
    "map_at_100": 0.31615,
    "map_at_1000": 0.31646,
    "map_at_3": 0.25616,
    "map_at_5": 0.28269,
    "mrr_at_1": 0.17852,
    "mrr_at_10": 0.30337,
    "mrr_at_100": 0.31748,
    "mrr_at_1000": 0.31779,
    "mrr_at_3": 0.25842,
    "mrr_at_5": 0.28427,
    "ndcg_at_1": 0.17568,
    "ndcg_at_10": 0.37834,
    "ndcg_at_100": 0.44425,
    "ndcg_at_1000": 0.45238,
    "ndcg_at_3": 0.28396,
    "ndcg_at_5": 0.33204,
    "precision_at_1": 0.17568,
    "precision_at_10": 0.06245,
    "precision_at_100": 0.00927,
    "precision_at_1000": 0.00099,
    "precision_at_3": 0.12162,
    "precision_at_5": 0.09644,
    "recall_at_1": 0.17568,
    "recall_at_10": 0.62447,
    "recall_at_100": 0.92674,
    "recall_at_1000": 0.99075,
    "recall_at_3": 0.36486,
    "recall_at_5": 0.48222
  }
}