{
  "dataset_revision": null,
  "mteb_dataset_name": "CBD",
  "mteb_version": "1.1.1",
  "test": {
    "accuracy": 0.5767999999999999,
    "accuracy_stderr": 0.09661966673509076,
    "ap": 0.1731965156097753,
    "ap_stderr": 0.025066529825284154,
    "evaluation_time": 11.77,
    "f1": 0.4907072700584643,
    "f1_stderr": 0.05661487689009946,
    "main_score": 0.5767999999999999
  }
}