{
  "dataset_revision": null,
  "mteb_dataset_name": "CDSC-R",
  "mteb_version": "1.1.1",
  "test": {
    "cos_sim": {
      "pearson": 0.8886837415175456,
      "spearman": 0.8897695201459431
    },
    "euclidean": {
      "pearson": 0.8936682208254704,
      "spearman": 0.8948134782787206
    },
    "evaluation_time": 0.93,
    "manhattan": {
      "pearson": 0.8937393545725619,
      "spearman": 0.8949650200230594
    }
  }
}