{
  "dataset_revision": null,
  "mteb_dataset_name": "CDSC-E",
  "mteb_version": "1.1.1",
  "test": {
    "cos_sim": {
      "accuracy": 0.887,
      "accuracy_threshold": 0.9271071553230286,
      "ap": 0.7222191371248264,
      "f1": 0.6647398843930636,
      "f1_threshold": 0.9119753837585449,
      "precision": 0.7371794871794872,
      "recall": 0.6052631578947368
    },
    "dot": {
      "accuracy": 0.832,
      "accuracy_threshold": 21.01310157775879,
      "ap": 0.5279367799635133,
      "f1": 0.5627240143369175,
      "f1_threshold": 13.502243041992188,
      "precision": 0.4266304347826087,
      "recall": 0.8263157894736842
    },
    "euclidean": {
      "accuracy": 0.884,
      "accuracy_threshold": 1.5945672988891602,
      "ap": 0.7233336258351618,
      "f1": 0.6551724137931034,
      "f1_threshold": 1.7943041324615479,
      "precision": 0.7215189873417721,
      "recall": 0.6
    },
    "evaluation_time": 0.72,
    "manhattan": {
      "accuracy": 0.883,
      "accuracy_threshold": 24.38276481628418,
      "ap": 0.7227076554032065,
      "f1": 0.6535211267605634,
      "f1_threshold": 28.371030807495117,
      "precision": 0.703030303030303,
      "recall": 0.6105263157894737
    },
    "max": {
      "accuracy": 0.887,
      "ap": 0.7233336258351618,
      "f1": 0.6647398843930636
    }
  }
}