{
  "dataset_revision": null,
  "mteb_dataset_name": "DBPedia-PL",
  "mteb_version": "1.1.1",
  "test": {
    "evaluation_time": 1430.88,
    "map_at_1": 0.0354,
    "map_at_10": 0.07116,
    "map_at_100": 0.09562,
    "map_at_1000": 0.10272,
    "map_at_3": 0.05183,
    "map_at_5": 0.06109,
    "mrr_at_1": 0.3125,
    "mrr_at_10": 0.40546,
    "mrr_at_100": 0.41163,
    "mrr_at_1000": 0.4122,
    "mrr_at_3": 0.3825,
    "mrr_at_5": 0.395,
    "ndcg_at_1": 0.2375,
    "ndcg_at_10": 0.18005,
    "ndcg_at_100": 0.19892,
    "ndcg_at_1000": 0.25654,
    "ndcg_at_3": 0.20073,
    "ndcg_at_5": 0.19052,
    "precision_at_1": 0.3125,
    "precision_at_10": 0.15375,
    "precision_at_100": 0.04662,
    "precision_at_1000": 0.01114,
    "precision_at_3": 0.23417,
    "precision_at_5": 0.1965,
    "recall_at_1": 0.0354,
    "recall_at_10": 0.11014,
    "recall_at_100": 0.24831,
    "recall_at_1000": 0.44286,
    "recall_at_3": 0.06121,
    "recall_at_5": 0.082
  }
}