{
  "dataset_revision": null,
  "mteb_dataset_name": "FiQA-PL",
  "mteb_version": "1.1.1",
  "test": {
    "evaluation_time": 27.17,
    "map_at_1": 0.051,
    "map_at_10": 0.09091,
    "map_at_100": 0.09975,
    "map_at_1000": 0.10162,
    "map_at_3": 0.07697,
    "map_at_5": 0.08262,
    "mrr_at_1": 0.09877,
    "mrr_at_10": 0.14951,
    "mrr_at_100": 0.15939,
    "mrr_at_1000": 0.16046,
    "mrr_at_3": 0.13297,
    "mrr_at_5": 0.14053,
    "ndcg_at_1": 0.09877,
    "ndcg_at_10": 0.12492,
    "ndcg_at_100": 0.17086,
    "ndcg_at_1000": 0.21667,
    "ndcg_at_3": 0.10427,
    "ndcg_at_5": 0.10883,
    "precision_at_1": 0.09877,
    "precision_at_10": 0.03611,
    "precision_at_100": 0.0084,
    "precision_at_1000": 0.00164,
    "precision_at_3": 0.06739,
    "precision_at_5": 0.05031,
    "recall_at_1": 0.051,
    "recall_at_10": 0.17045,
    "recall_at_100": 0.34625,
    "recall_at_1000": 0.63284,
    "recall_at_3": 0.10295,
    "recall_at_5": 0.12283
  }
}