{
  "dataset_revision": null,
  "mteb_dataset_name": "HotpotQA-PL",
  "mteb_version": "1.1.1",
  "test": {
    "evaluation_time": 2107.29,
    "map_at_1": 0.12512,
    "map_at_10": 0.17207,
    "map_at_100": 0.17919,
    "map_at_1000": 0.18013,
    "map_at_3": 0.15774,
    "map_at_5": 0.16584,
    "mrr_at_1": 0.25024,
    "mrr_at_10": 0.31159,
    "mrr_at_100": 0.31936,
    "mrr_at_1000": 0.32006,
    "mrr_at_3": 0.29338,
    "mrr_at_5": 0.30378,
    "ndcg_at_1": 0.25024,
    "ndcg_at_10": 0.22757,
    "ndcg_at_100": 0.26417,
    "ndcg_at_1000": 0.28942,
    "ndcg_at_3": 0.19776,
    "ndcg_at_5": 0.21247,
    "precision_at_1": 0.25024,
    "precision_at_10": 0.05097,
    "precision_at_100": 0.00803,
    "precision_at_1000": 0.00114,
    "precision_at_3": 0.12501,
    "precision_at_5": 0.08667,
    "recall_at_1": 0.12512,
    "recall_at_10": 0.25483,
    "recall_at_100": 0.40169,
    "recall_at_1000": 0.57144,
    "recall_at_3": 0.18751,
    "recall_at_5": 0.21668
  }
}