{
  "dataset_revision": "7d571f92784cd94a019292a1f45445077d0ef634",
  "mteb_dataset_name": "MassiveScenarioClassification",
  "mteb_version": "1.1.1",
  "test": {
    "evaluation_time": 3.05,
    "pl": {
      "accuracy": 0.6504371217215871,
      "accuracy_stderr": 0.01926859418323738,
      "f1": 0.6457997326589723,
      "f1_stderr": 0.019460538209521996,
      "main_score": 0.6504371217215871
    }
  }
}