{
  "dataset_revision": "31efe3c427b0bae9c22cbb560b8f15491cc6bed7",
  "mteb_dataset_name": "MassiveIntentClassification",
  "mteb_version": "1.1.1",
  "test": {
    "evaluation_time": 18.28,
    "pl": {
      "accuracy": 0.5943174176193678,
      "accuracy_stderr": 0.011261278943794072,
      "f1": 0.5719052969420737,
      "f1_stderr": 0.010658104148977046,
      "main_score": 0.5943174176193678
    }
  }
}