{
  "dataset_revision": null,
  "mteb_dataset_name": "MSMARCO-PL",
  "mteb_version": "1.1.1",
  "validation": {
    "evaluation_time": 3808.37,
    "map_at_1": 0.04651,
    "map_at_10": 0.08213,
    "map_at_100": 0.08908,
    "map_at_1000": 0.0899,
    "map_at_3": 0.06981,
    "map_at_5": 0.07605,
    "mrr_at_1": 0.04785,
    "mrr_at_10": 0.08409,
    "mrr_at_100": 0.09105,
    "mrr_at_1000": 0.09185,
    "mrr_at_3": 0.07142,
    "mrr_at_5": 0.07784,
    "ndcg_at_1": 0.04799,
    "ndcg_at_10": 0.10393,
    "ndcg_at_100": 0.14197,
    "ndcg_at_1000": 0.16732,
    "ndcg_at_3": 0.07787,
    "ndcg_at_5": 0.0893,
    "precision_at_1": 0.04799,
    "precision_at_10": 0.01781,
    "precision_at_100": 0.00376,
    "precision_at_1000": 0.0006,
    "precision_at_3": 0.03424,
    "precision_at_5": 0.02633,
    "recall_at_1": 0.04651,
    "recall_at_10": 0.1718,
    "recall_at_100": 0.35737,
    "recall_at_1000": 0.56233,
    "recall_at_3": 0.09955,
    "recall_at_5": 0.12741
  }
}