{
  "dataset_revision": null,
  "mteb_dataset_name": "NFCorpus-PL",
  "mteb_version": "1.1.1",
  "test": {
    "evaluation_time": 3.59,
    "map_at_1": 0.01575,
    "map_at_10": 0.04339,
    "map_at_100": 0.06206,
    "map_at_1000": 0.07276,
    "map_at_3": 0.02925,
    "map_at_5": 0.03531,
    "mrr_at_1": 0.2291,
    "mrr_at_10": 0.30034,
    "mrr_at_100": 0.30949,
    "mrr_at_1000": 0.31044,
    "mrr_at_3": 0.27915,
    "mrr_at_5": 0.29045,
    "ndcg_at_1": 0.20898,
    "ndcg_at_10": 0.17158,
    "ndcg_at_100": 0.16722,
    "ndcg_at_1000": 0.25944,
    "ndcg_at_3": 0.19258,
    "ndcg_at_5": 0.18473,
    "precision_at_1": 0.2291,
    "precision_at_10": 0.14303,
    "precision_at_100": 0.0544,
    "precision_at_1000": 0.01767,
    "precision_at_3": 0.18885,
    "precision_at_5": 0.17276,
    "recall_at_1": 0.01575,
    "recall_at_10": 0.07483,
    "recall_at_100": 0.19062,
    "recall_at_1000": 0.52622,
    "recall_at_3": 0.03737,
    "recall_at_5": 0.05041
  }
}