{
  "dataset_revision": null,
  "mteb_dataset_name": "NQ-PL",
  "mteb_version": "1.1.1",
  "test": {
    "evaluation_time": 1115.59,
    "map_at_1": 0.05359,
    "map_at_10": 0.09675,
    "map_at_100": 0.10575,
    "map_at_1000": 0.10674,
    "map_at_3": 0.08047,
    "map_at_5": 0.08892,
    "mrr_at_1": 0.06257,
    "mrr_at_10": 0.10797,
    "mrr_at_100": 0.11667,
    "mrr_at_1000": 0.11752,
    "mrr_at_3": 0.09154,
    "mrr_at_5": 0.1002,
    "ndcg_at_1": 0.06257,
    "ndcg_at_10": 0.12563,
    "ndcg_at_100": 0.17235,
    "ndcg_at_1000": 0.20007,
    "ndcg_at_3": 0.09162,
    "ndcg_at_5": 0.10683,
    "precision_at_1": 0.06257,
    "precision_at_10": 0.02433,
    "precision_at_100": 0.00509,
    "precision_at_1000": 0.00078,
    "precision_at_3": 0.04452,
    "precision_at_5": 0.03523,
    "recall_at_1": 0.05359,
    "recall_at_10": 0.20507,
    "recall_at_100": 0.42306,
    "recall_at_1000": 0.63748,
    "recall_at_3": 0.11298,
    "recall_at_5": 0.14871
  }
}