{
  "dataset_revision": null,
  "mteb_dataset_name": "PAC",
  "mteb_version": "1.1.1",
  "test": {
    "accuracy": 0.6576310454677092,
    "accuracy_stderr": 0.03244921313051538,
    "ap": 0.7512506620851125,
    "ap_stderr": 0.019265644494199725,
    "evaluation_time": 2.45,
    "f1": 0.626272765994068,
    "f1_stderr": 0.03591307565104998,
    "main_score": 0.6576310454677092
  }
}