{
  "dataset_revision": null,
  "mteb_dataset_name": "PolEmo2.0-OUT",
  "mteb_version": "1.1.1",
  "test": {
    "accuracy": 0.2870445344129554,
    "accuracy_stderr": 0.06575551911079756,
    "evaluation_time": 1.51,
    "f1": 0.2611843363685848,
    "f1_stderr": 0.048635040332731416,
    "main_score": 0.2870445344129554
  }
}