{
  "dataset_revision": null,
  "mteb_dataset_name": "PolEmo2.0-IN",
  "mteb_version": "1.1.1",
  "test": {
    "accuracy": 0.5775623268698061,
    "accuracy_stderr": 0.04161122172044506,
    "evaluation_time": 1.67,
    "f1": 0.5877209460303492,
    "f1_stderr": 0.0307355259773091,
    "main_score": 0.5775623268698061
  }
}