{
  "dataset_revision": null,
  "mteb_dataset_name": "PPC",
  "mteb_version": "1.1.1",
  "test": {
    "cos_sim": {
      "accuracy": 0.845,
      "accuracy_threshold": 0.8181483149528503,
      "ap": 0.9179696880754898,
      "f1": 0.878010878010878,
      "f1_threshold": 0.7860287427902222,
      "precision": 0.8272327964860908,
      "recall": 0.9354304635761589
    },
    "dot": {
      "accuracy": 0.708,
      "accuracy_threshold": 12.740962982177734,
      "ap": 0.7939531821937549,
      "f1": 0.789400278940028,
      "f1_threshold": 10.274351119995117,
      "precision": 0.6819277108433734,
      "recall": 0.9370860927152318
    },
    "euclidean": {
      "accuracy": 0.86,
      "accuracy_threshold": 2.572499990463257,
      "ap": 0.9236259224628206,
      "f1": 0.88871834228703,
      "f1_threshold": 2.9480319023132324,
      "precision": 0.8283261802575107,
      "recall": 0.9586092715231788
    },
    "evaluation_time": 1.22,
    "manhattan": {
      "accuracy": 0.859,
      "accuracy_threshold": 39.1446647644043,
      "ap": 0.9231762362188576,
      "f1": 0.8873456790123457,
      "f1_threshold": 45.47846221923828,
      "precision": 0.8309248554913294,
      "recall": 0.9519867549668874
    },
    "max": {
      "accuracy": 0.86,
      "ap": 0.9236259224628206,
      "f1": 0.88871834228703
    }
  }
}