{
  "dataset_revision": null,
  "mteb_dataset_name": "PSC",
  "mteb_version": "1.1.1",
  "test": {
    "cos_sim": {
      "accuracy": 0.9499072356215214,
      "accuracy_threshold": 0.6202088594436646,
      "ap": 0.9714384547007008,
      "f1": 0.9179331306990882,
      "f1_threshold": 0.6202088594436646,
      "precision": 0.9151515151515152,
      "recall": 0.9207317073170732
    },
    "dot": {
      "accuracy": 0.9313543599257885,
      "accuracy_threshold": 4.9237060546875,
      "ap": 0.9235062450071416,
      "f1": 0.8945868945868946,
      "f1_threshold": 4.9237060546875,
      "precision": 0.839572192513369,
      "recall": 0.9573170731707317
    },
    "euclidean": {
      "accuracy": 0.9406307977736549,
      "accuracy_threshold": 2.6766910552978516,
      "ap": 0.9627171752665328,
      "f1": 0.9044776119402985,
      "f1_threshold": 2.713798999786377,
      "precision": 0.8859649122807017,
      "recall": 0.9237804878048781
    },
    "evaluation_time": 1.11,
    "manhattan": {
      "accuracy": 0.9415584415584416,
      "accuracy_threshold": 41.37043762207031,
      "ap": 0.9615378429743014,
      "f1": 0.9035222052067382,
      "f1_threshold": 41.37043762207031,
      "precision": 0.9076923076923077,
      "recall": 0.899390243902439
    },
    "max": {
      "accuracy": 0.9499072356215214,
      "ap": 0.9714384547007008,
      "f1": 0.9179331306990882
    }
  }
}