{
  "dataset_revision": null,
  "mteb_dataset_name": "Quora-PL",
  "mteb_version": "1.1.1",
  "test": {
    "evaluation_time": 180.99,
    "map_at_1": 0.59641,
    "map_at_10": 0.72575,
    "map_at_100": 0.73452,
    "map_at_1000": 0.73484,
    "map_at_3": 0.69468,
    "map_at_5": 0.71363,
    "mrr_at_1": 0.6878,
    "mrr_at_10": 0.76139,
    "mrr_at_100": 0.76464,
    "mrr_at_1000": 0.76474,
    "mrr_at_3": 0.74603,
    "mrr_at_5": 0.75576,
    "ndcg_at_1": 0.688,
    "ndcg_at_10": 0.77179,
    "ndcg_at_100": 0.79624,
    "ndcg_at_1000": 0.80063,
    "ndcg_at_3": 0.73353,
    "ndcg_at_5": 0.75372,
    "precision_at_1": 0.688,
    "precision_at_10": 0.1197,
    "precision_at_100": 0.0146,
    "precision_at_1000": 0.00154,
    "precision_at_3": 0.3229,
    "precision_at_5": 0.21538,
    "recall_at_1": 0.59641,
    "recall_at_10": 0.86566,
    "recall_at_100": 0.95973,
    "recall_at_1000": 0.98802,
    "recall_at_3": 0.75749,
    "recall_at_5": 0.81196
  }
}