{
  "dataset_revision": "4755de8baebc07bed0c60cec9f796e9a346600cb",
  "mteb_dataset_name": "SciDefRetrieval",
  "mteb_version": "1.7.49",
  "test": {
    "evaluation_time": 1.51,
    "map_at_1": 0.2327,
    "map_at_10": 0.31066,
    "map_at_100": 0.32239,
    "map_at_1000": 0.32332,
    "map_at_20": 0.31681,
    "map_at_3": 0.28596,
    "map_at_5": 0.30304,
    "mrr_at_1": 0.2327,
    "mrr_at_10": 0.31049,
    "mrr_at_100": 0.32219,
    "mrr_at_1000": 0.32312,
    "mrr_at_20": 0.31662,
    "mrr_at_3": 0.28547,
    "mrr_at_5": 0.30263,
    "ndcg_at_1": 0.2327,
    "ndcg_at_10": 0.35203,
    "ndcg_at_100": 0.41647,
    "ndcg_at_1000": 0.44171,
    "ndcg_at_20": 0.37463,
    "ndcg_at_3": 0.30295,
    "ndcg_at_5": 0.3335,
    "precision_at_1": 0.2327,
    "precision_at_10": 0.04831,
    "precision_at_100": 0.00801,
    "precision_at_1000": 0.001,
    "precision_at_20": 0.02865,
    "precision_at_3": 0.11733,
    "precision_at_5": 0.08513,
    "recall_at_1": 0.2327,
    "recall_at_10": 0.48306,
    "recall_at_100": 0.80118,
    "recall_at_1000": 1.0,
    "recall_at_20": 0.5729,
    "recall_at_3": 0.35199,
    "recall_at_5": 0.42563
  }
}