{
  "dataset_revision": null,
  "mteb_dataset_name": "SCIDOCS-PL",
  "mteb_version": "1.1.1",
  "test": {
    "evaluation_time": 15.61,
    "map_at_1": 0.0253,
    "map_at_10": 0.05653,
    "map_at_100": 0.0688,
    "map_at_1000": 0.07111,
    "map_at_3": 0.04145,
    "map_at_5": 0.049,
    "mrr_at_1": 0.125,
    "mrr_at_10": 0.18929,
    "mrr_at_100": 0.20014,
    "mrr_at_1000": 0.20118,
    "mrr_at_3": 0.16483,
    "mrr_at_5": 0.17723,
    "ndcg_at_1": 0.125,
    "ndcg_at_10": 0.10257,
    "ndcg_at_100": 0.15933,
    "ndcg_at_1000": 0.2104,
    "ndcg_at_3": 0.09604,
    "ndcg_at_5": 0.08437,
    "precision_at_1": 0.125,
    "precision_at_10": 0.0533,
    "precision_at_100": 0.0136,
    "precision_at_1000": 0.0026,
    "precision_at_3": 0.08867,
    "precision_at_5": 0.0736,
    "recall_at_1": 0.0253,
    "recall_at_10": 0.10818,
    "recall_at_100": 0.27618,
    "recall_at_1000": 0.52888,
    "recall_at_3": 0.05405,
    "recall_at_5": 0.0747
  }
}