{
  "dataset_revision": null,
  "mteb_dataset_name": "SciFact-PL",
  "mteb_version": "1.1.1",
  "test": {
    "evaluation_time": 4.37,
    "map_at_1": 0.30111,
    "map_at_10": 0.3659,
    "map_at_100": 0.37624,
    "map_at_1000": 0.37698,
    "map_at_3": 0.34472,
    "map_at_5": 0.35418,
    "mrr_at_1": 0.32333,
    "mrr_at_10": 0.38093,
    "mrr_at_100": 0.39006,
    "mrr_at_1000": 0.39068,
    "mrr_at_3": 0.36444,
    "mrr_at_5": 0.37111,
    "ndcg_at_1": 0.32333,
    "ndcg_at_10": 0.40235,
    "ndcg_at_100": 0.45374,
    "ndcg_at_1000": 0.47609,
    "ndcg_at_3": 0.36287,
    "ndcg_at_5": 0.37679,
    "precision_at_1": 0.32333,
    "precision_at_10": 0.05667,
    "precision_at_100": 0.00847,
    "precision_at_1000": 0.00105,
    "precision_at_3": 0.14333,
    "precision_at_5": 0.09533,
    "recall_at_1": 0.30111,
    "recall_at_10": 0.50139,
    "recall_at_100": 0.74422,
    "recall_at_1000": 0.92333,
    "recall_at_3": 0.39306,
    "recall_at_5": 0.42694
  }
}