{
  "dataset_revision": "8064b4442da038aa0482a2542370f9a2441cc50a",
  "mteb_dataset_name": "SciField",
  "mteb_version": "1.7.49",
  "test": {
    "accuracy": 0.7929068150208624,
    "accuracy_stderr": 0.02125226644845232,
    "evaluation_time": 6.67,
    "f1": 0.7885997482297951,
    "f1_stderr": 0.02301599173827413,
    "main_score": 0.7929068150208624
  }
}