{
  "dataset_revision": null,
  "mteb_dataset_name": "SICK-R-PL",
  "mteb_version": "1.1.1",
  "test": {
    "cos_sim": {
      "pearson": 0.7576394399571826,
      "spearman": 0.6876768699448386
    },
    "euclidean": {
      "pearson": 0.7389373972114096,
      "spearman": 0.6940299919649691
    },
    "evaluation_time": 2.6,
    "manhattan": {
      "pearson": 0.7385104827204005,
      "spearman": 0.693707264519098
    }
  }
}