{
  "dataset_revision": null,
  "mteb_dataset_name": "SICK-E-PL",
  "mteb_version": "1.1.1",
  "test": {
    "cos_sim": {
      "accuracy": 0.8169588259274357,
      "accuracy_threshold": 0.8844592571258545,
      "ap": 0.7194250605237359,
      "f1": 0.6648294867378575,
      "f1_threshold": 0.8435400724411011,
      "precision": 0.6437625083388926,
      "recall": 0.6873219373219374
    },
    "dot": {
      "accuracy": 0.7592743579290665,
      "accuracy_threshold": 18.81698989868164,
      "ap": 0.5694455784525019,
      "f1": 0.5807033363390441,
      "f1_threshold": 15.414151191711426,
      "precision": 0.5023400936037441,
      "recall": 0.688034188034188
    },
    "euclidean": {
      "accuracy": 0.8132898491642886,
      "accuracy_threshold": 2.075697183609009,
      "ap": 0.7180317931980791,
      "f1": 0.6651116294568477,
      "f1_threshold": 2.6135826110839844,
      "precision": 0.6249217282404509,
      "recall": 0.7108262108262108
    },
    "evaluation_time": 2.3,
    "manhattan": {
      "accuracy": 0.8136975132490828,
      "accuracy_threshold": 34.02931213378906,
      "ap": 0.7180880032933941,
      "f1": 0.6623465211459755,
      "f1_threshold": 40.040809631347656,
      "precision": 0.6354712041884817,
      "recall": 0.6915954415954416
    },
    "max": {
      "accuracy": 0.8169588259274357,
      "ap": 0.7194250605237359,
      "f1": 0.6651116294568477
    }
  }
}