{
  "dataset_revision": "6d1ba47164174a496b7fa5d3569dae26a6813b80",
  "mteb_dataset_name": "STS22",
  "mteb_version": "1.1.1",
  "test": {
    "evaluation_time": 0.74,
    "pl": {
      "cos_sim": {
        "pearson": 0.3195766999309094,
        "spearman": 0.3372706891762297
      },
      "euclidean": {
        "pearson": 0.17326962880969188,
        "spearman": 0.32149374600948405
      },
      "manhattan": {
        "pearson": 0.18802290623288662,
        "spearman": 0.32720834567221585
      }
    }
  }
}