{
  "dataset_revision": "93d57ef91790589e3ce9c365164337a8a78b7632",
  "mteb_dataset_name": "STSBenchmarkMultilingualSTS",
  "mteb_version": "1.7.49",
  "test": {
    "evaluation_time": 1.04,
    "pl": {
      "cos_sim": {
        "pearson": 0.7836725275547431,
        "spearman": 0.7828769915652865
      },
      "euclidean": {
        "pearson": 0.7625497818036884,
        "spearman": 0.7587375131727718
      },
      "manhattan": {
        "pearson": 0.7611749590224727,
        "spearman": 0.757039572320639
      }
    }
  }
}