{
  "dataset_revision": null,
  "mteb_dataset_name": "TRECCOVID-PL",
  "mteb_version": "1.1.1",
  "test": {
    "evaluation_time": 105.9,
    "map_at_1": 0.00148,
    "map_at_10": 0.00679,
    "map_at_100": 0.03479,
    "map_at_1000": 0.07293,
    "map_at_3": 0.00291,
    "map_at_5": 0.00407,
    "mrr_at_1": 0.5,
    "mrr_at_10": 0.59269,
    "mrr_at_100": 0.59969,
    "mrr_at_1000": 0.59997,
    "mrr_at_3": 0.55333,
    "mrr_at_5": 0.57233,
    "ndcg_at_1": 0.49,
    "ndcg_at_10": 0.34384,
    "ndcg_at_100": 0.24562,
    "ndcg_at_1000": 0.22856,
    "ndcg_at_3": 0.39581,
    "ndcg_at_5": 0.36283,
    "precision_at_1": 0.5,
    "precision_at_10": 0.356,
    "precision_at_100": 0.2494,
    "precision_at_1000": 0.10144,
    "precision_at_3": 0.39333,
    "precision_at_5": 0.364,
    "recall_at_1": 0.00148,
    "recall_at_10": 0.00897,
    "recall_at_100": 0.0594,
    "recall_at_1000": 0.21586,
    "recall_at_3": 0.00303,
    "recall_at_5": 0.00467
  }
}