{
  "dataset_revision": null,
  "mteb_dataset_name": "AllegroReviews",
  "mteb_version": "1.1.1",
  "test": {
    "accuracy": 0.21998011928429423,
    "accuracy_stderr": 0.02782252713996268,
    "evaluation_time": 14.57,
    "f1": 0.20712537757021537,
    "f1_stderr": 0.026007725868469816,
    "main_score": 0.21998011928429423
  }
}