{
  "dataset_revision": null,
  "mteb_dataset_name": "ArguAna-PL",
  "mteb_version": "1.1.1",
  "test": {
    "evaluation_time": 149.55,
    "map_at_1": 0.02916,
    "map_at_10": 0.05447,
    "map_at_100": 0.05949,
    "map_at_1000": 0.06054,
    "map_at_3": 0.04587,
    "map_at_5": 0.05032,
    "mrr_at_1": 0.03058,
    "mrr_at_10": 0.05489,
    "mrr_at_100": 0.06005,
    "mrr_at_1000": 0.06109,
    "mrr_at_3": 0.04623,
    "mrr_at_5": 0.05075,
    "ndcg_at_1": 0.02916,
    "ndcg_at_10": 0.07011,
    "ndcg_at_100": 0.09883,
    "ndcg_at_1000": 0.13386,
    "ndcg_at_3": 0.05178,
    "ndcg_at_5": 0.05989,
    "precision_at_1": 0.02916,
    "precision_at_10": 0.01209,
    "precision_at_100": 0.00265,
    "precision_at_1000": 0.00056,
    "precision_at_3": 0.023,
    "precision_at_5": 0.01778,
    "recall_at_1": 0.02916,
    "recall_at_10": 0.12091,
    "recall_at_100": 0.26529,
    "recall_at_1000": 0.55761,
    "recall_at_3": 0.06899,
    "recall_at_5": 0.0889
  }
}