{
  "dataset_revision": null,
  "mteb_dataset_name": "CBD",
  "mteb_version": "1.1.1",
  "test": {
    "accuracy": 0.5707000000000001,
    "accuracy_stderr": 0.0970103602714679,
    "ap": 0.15242687627957768,
    "ap_stderr": 0.013883617899395963,
    "evaluation_time": 6.45,
    "f1": 0.47264316401119466,
    "f1_stderr": 0.057212498835803205,
    "main_score": 0.5707000000000001
  }
}