{
  "dataset_revision": null,
  "mteb_dataset_name": "CDSC-E",
  "mteb_version": "1.1.1",
  "test": {
    "cos_sim": {
      "accuracy": 0.847,
      "accuracy_threshold": 0.9706734418869019,
      "ap": 0.5185132651526156,
      "f1": 0.5854922279792746,
      "f1_threshold": 0.963786780834198,
      "precision": 0.576530612244898,
      "recall": 0.5947368421052631
    },
    "dot": {
      "accuracy": 0.818,
      "accuracy_threshold": 3.1218671798706055,
      "ap": 0.3290965952648766,
      "f1": 0.3597883597883599,
      "f1_threshold": 2.7224507331848145,
      "precision": 0.3617021276595745,
      "recall": 0.35789473684210527
    },
    "euclidean": {
      "accuracy": 0.849,
      "accuracy_threshold": 0.39829230308532715,
      "ap": 0.5203774982181589,
      "f1": 0.5929919137466307,
      "f1_threshold": 0.4174671769142151,
      "precision": 0.6077348066298343,
      "recall": 0.5789473684210527
    },
    "evaluation_time": 4.09,
    "manhattan": {
      "accuracy": 0.851,
      "accuracy_threshold": 6.944343090057373,
      "ap": 0.5220082348112187,
      "f1": 0.6005361930294907,
      "f1_threshold": 6.944343090057373,
      "precision": 0.6120218579234973,
      "recall": 0.5894736842105263
    },
    "max": {
      "accuracy": 0.851,
      "ap": 0.5220082348112187,
      "f1": 0.6005361930294907
    }
  }
}