{
  "dataset_revision": null,
  "mteb_dataset_name": "CDSC-R",
  "mteb_version": "1.1.1",
  "test": {
    "cos_sim": {
      "pearson": 0.6023457338632293,
      "spearman": 0.7226347130220936
    },
    "euclidean": {
      "pearson": 0.7147368290892616,
      "spearman": 0.7608998024865261
    },
    "evaluation_time": 2.63,
    "manhattan": {
      "pearson": 0.7559559008087794,
      "spearman": 0.7907216708225387
    }
  }
}