{
  "dataset_revision": null,
  "mteb_dataset_name": "DBPedia-PL",
  "mteb_version": "1.1.1",
  "test": {
    "evaluation_time": 21397.59,
    "map_at_1": 0.00423,
    "map_at_10": 0.01029,
    "map_at_100": 0.01342,
    "map_at_1000": 0.01535,
    "map_at_3": 0.00699,
    "map_at_5": 0.00875,
    "mrr_at_1": 0.08,
    "mrr_at_10": 0.12372,
    "mrr_at_100": 0.1315,
    "mrr_at_1000": 0.13233,
    "mrr_at_3": 0.10542,
    "mrr_at_5": 0.11717,
    "ndcg_at_1": 0.0625,
    "ndcg_at_10": 0.0433,
    "ndcg_at_100": 0.04774,
    "ndcg_at_1000": 0.07927,
    "ndcg_at_3": 0.05022,
    "ndcg_at_5": 0.04805,
    "precision_at_1": 0.08,
    "precision_at_10": 0.04075,
    "precision_at_100": 0.01485,
    "precision_at_1000": 0.00452,
    "precision_at_3": 0.06083,
    "precision_at_5": 0.0545,
    "recall_at_1": 0.00423,
    "recall_at_10": 0.02183,
    "recall_at_100": 0.06314,
    "recall_at_1000": 0.17923,
    "recall_at_3": 0.00858,
    "recall_at_5": 0.01498
  }
}