{
  "dataset_revision": null,
  "mteb_dataset_name": "FiQA-PL",
  "mteb_version": "1.1.1",
  "test": {
    "evaluation_time": 645.11,
    "map_at_1": 0.01907,
    "map_at_10": 0.02974,
    "map_at_100": 0.03321,
    "map_at_1000": 0.03413,
    "map_at_3": 0.02663,
    "map_at_5": 0.02718,
    "mrr_at_1": 0.03704,
    "mrr_at_10": 0.05668,
    "mrr_at_100": 0.06202,
    "mrr_at_1000": 0.06299,
    "mrr_at_3": 0.05118,
    "mrr_at_5": 0.05265,
    "ndcg_at_1": 0.03704,
    "ndcg_at_10": 0.04219,
    "ndcg_at_100": 0.0629,
    "ndcg_at_1000": 0.09337,
    "ndcg_at_3": 0.03664,
    "ndcg_at_5": 0.03593,
    "precision_at_1": 0.03704,
    "precision_at_10": 0.01188,
    "precision_at_100": 0.00319,
    "precision_at_1000": 0.00082,
    "precision_at_3": 0.02469,
    "precision_at_5": 0.01636,
    "recall_at_1": 0.01907,
    "recall_at_10": 0.05415,
    "recall_at_100": 0.13505,
    "recall_at_1000": 0.33638,
    "recall_at_3": 0.03575,
    "recall_at_5": 0.03786
  }
}