{
  "dataset_revision": null,
  "mteb_dataset_name": "HotpotQA-PL",
  "mteb_version": "1.1.1",
  "test": {
    "evaluation_time": 24078.16,
    "map_at_1": 0.06502,
    "map_at_10": 0.08893,
    "map_at_100": 0.093,
    "map_at_1000": 0.09371,
    "map_at_3": 0.08129,
    "map_at_5": 0.08578,
    "mrr_at_1": 0.13005,
    "mrr_at_10": 0.16627,
    "mrr_at_100": 0.17163,
    "mrr_at_1000": 0.17234,
    "mrr_at_3": 0.15483,
    "mrr_at_5": 0.16157,
    "ndcg_at_1": 0.13005,
    "ndcg_at_10": 0.11991,
    "ndcg_at_100": 0.14374,
    "ndcg_at_1000": 0.16554,
    "ndcg_at_3": 0.10306,
    "ndcg_at_5": 0.11176,
    "precision_at_1": 0.13005,
    "precision_at_10": 0.02708,
    "precision_at_100": 0.00467,
    "precision_at_1000": 0.00076,
    "precision_at_3": 0.06509,
    "precision_at_5": 0.04594,
    "recall_at_1": 0.06502,
    "recall_at_10": 0.13538,
    "recall_at_100": 0.23336,
    "recall_at_1000": 0.38157,
    "recall_at_3": 0.09764,
    "recall_at_5": 0.11485
  }
}