{
  "dataset_revision": "31efe3c427b0bae9c22cbb560b8f15491cc6bed7",
  "mteb_dataset_name": "MassiveIntentClassification",
  "mteb_version": "1.1.1",
  "test": {
    "evaluation_time": 47.99,
    "pl": {
      "accuracy": 0.45073974445191667,
      "accuracy_stderr": 0.01309143186772017,
      "f1": 0.4188670732299332,
      "f1_stderr": 0.011855491635678117,
      "main_score": 0.45073974445191667
    }
  }
}