{
  "dataset_revision": "7d571f92784cd94a019292a1f45445077d0ef634",
  "mteb_dataset_name": "MassiveScenarioClassification",
  "mteb_version": "1.1.1",
  "test": {
    "evaluation_time": 31.04,
    "pl": {
      "accuracy": 0.5158372562205783,
      "accuracy_stderr": 0.01639802109285029,
      "f1": 0.5092903936115157,
      "f1_stderr": 0.016093396525419044,
      "main_score": 0.5158372562205783
    }
  }
}