{
  "dataset_revision": null,
  "mteb_dataset_name": "MSMARCO-PL",
  "mteb_version": "1.1.1",
  "validation": {
    "evaluation_time": 49340.75,
    "map_at_1": 0.01046,
    "map_at_10": 0.01966,
    "map_at_100": 0.02184,
    "map_at_1000": 0.02232,
    "map_at_3": 0.01603,
    "map_at_5": 0.01814,
    "mrr_at_1": 0.0106,
    "mrr_at_10": 0.02022,
    "mrr_at_100": 0.02247,
    "mrr_at_1000": 0.02295,
    "mrr_at_3": 0.01643,
    "mrr_at_5": 0.01862,
    "ndcg_at_1": 0.0106,
    "ndcg_at_10": 0.02551,
    "ndcg_at_100": 0.0381,
    "ndcg_at_1000": 0.05455,
    "ndcg_at_3": 0.01803,
    "ndcg_at_5": 0.02184,
    "precision_at_1": 0.0106,
    "precision_at_10": 0.00454,
    "precision_at_100": 0.00112,
    "precision_at_1000": 0.00026,
    "precision_at_3": 0.00807,
    "precision_at_5": 0.00673,
    "recall_at_1": 0.01046,
    "recall_at_10": 0.04362,
    "recall_at_100": 0.10635,
    "recall_at_1000": 0.24261,
    "recall_at_3": 0.0234,
    "recall_at_5": 0.03252
  }
}