{
  "dataset_revision": null,
  "mteb_dataset_name": "NFCorpus-PL",
  "mteb_version": "1.1.1",
  "test": {
    "evaluation_time": 80.54,
    "map_at_1": 0.00538,
    "map_at_10": 0.00986,
    "map_at_100": 0.01435,
    "map_at_1000": 0.02077,
    "map_at_3": 0.00789,
    "map_at_5": 0.00847,
    "mrr_at_1": 0.06192,
    "mrr_at_10": 0.1022,
    "mrr_at_100": 0.11758,
    "mrr_at_1000": 0.11891,
    "mrr_at_3": 0.08308,
    "mrr_at_5": 0.09174,
    "ndcg_at_1": 0.05418,
    "ndcg_at_10": 0.0416,
    "ndcg_at_100": 0.06291,
    "ndcg_at_1000": 0.16243,
    "ndcg_at_3": 0.04422,
    "ndcg_at_5": 0.04008,
    "precision_at_1": 0.06192,
    "precision_at_10": 0.03313,
    "precision_at_100": 0.02211,
    "precision_at_1000": 0.01433,
    "precision_at_3": 0.04231,
    "precision_at_5": 0.03591,
    "recall_at_1": 0.00538,
    "recall_at_10": 0.0214,
    "recall_at_100": 0.09877,
    "recall_at_1000": 0.43856,
    "recall_at_3": 0.01107,
    "recall_at_5": 0.01297
  }
}