{
  "dataset_revision": null,
  "mteb_dataset_name": "NQ-PL",
  "mteb_version": "1.1.1",
  "test": {
    "evaluation_time": 20614.86,
    "map_at_1": 0.01304,
    "map_at_10": 0.02451,
    "map_at_100": 0.02858,
    "map_at_1000": 0.02925,
    "map_at_3": 0.01899,
    "map_at_5": 0.02203,
    "mrr_at_1": 0.01477,
    "mrr_at_10": 0.0284,
    "mrr_at_100": 0.03248,
    "mrr_at_1000": 0.03315,
    "mrr_at_3": 0.02192,
    "mrr_at_5": 0.02554,
    "ndcg_at_1": 0.01477,
    "ndcg_at_10": 0.03352,
    "ndcg_at_100": 0.05606,
    "ndcg_at_1000": 0.07741,
    "ndcg_at_3": 0.02169,
    "ndcg_at_5": 0.02741,
    "precision_at_1": 0.01477,
    "precision_at_10": 0.00684,
    "precision_at_100": 0.00196,
    "precision_at_1000": 0.0004,
    "precision_at_3": 0.01033,
    "precision_at_5": 0.00939,
    "recall_at_1": 0.01304,
    "recall_at_10": 0.05794,
    "recall_at_100": 0.16628,
    "recall_at_1000": 0.33459,
    "recall_at_3": 0.02665,
    "recall_at_5": 0.03993
  }
}