{
  "dataset_revision": null,
  "mteb_dataset_name": "PolEmo2.0-OUT",
  "mteb_version": "1.1.1",
  "test": {
    "accuracy": 0.2937246963562753,
    "accuracy_stderr": 0.0728545294290329,
    "evaluation_time": 10.1,
    "f1": 0.23225134332313924,
    "f1_stderr": 0.05673645484573584,
    "main_score": 0.2937246963562753
  }
}