{
  "dataset_revision": null,
  "mteb_dataset_name": "PolEmo2.0-IN",
  "mteb_version": "1.1.1",
  "test": {
    "accuracy": 0.4609418282548477,
    "accuracy_stderr": 0.03503799265869661,
    "evaluation_time": 14.46,
    "f1": 0.4714789732826411,
    "f1_stderr": 0.03653700355491076,
    "main_score": 0.4609418282548477
  }
}