{
  "dataset_revision": null,
  "mteb_dataset_name": "PPC",
  "mteb_version": "1.1.1",
  "test": {
    "cos_sim": {
      "accuracy": 0.654,
      "accuracy_threshold": 0.8541502451041783,
      "ap": 0.7376262228175152,
      "f1": 0.7574039067422809,
      "f1_threshold": 0.4570703771098473,
      "precision": 0.6113936927772126,
      "recall": 0.9950331125827815
    },
    "dot": {
      "accuracy": 0.631,
      "accuracy_threshold": 1.4575371003261695,
      "ap": 0.7073014856455815,
      "f1": 0.7572692793931732,
      "f1_threshold": 0.7538441945422387,
      "precision": 0.6124744376278118,
      "recall": 0.9917218543046358
    },
    "euclidean": {
      "accuracy": 0.649,
      "accuracy_threshold": 0.7647582233914372,
      "ap": 0.7323180230724192,
      "f1": 0.7562814070351759,
      "f1_threshold": 1.4209168196553403,
      "precision": 0.6093117408906883,
      "recall": 0.9966887417218543
    },
    "evaluation_time": 8.78,
    "manhattan": {
      "accuracy": 0.654,
      "accuracy_threshold": 16.351008312213708,
      "ap": 0.73034145207996,
      "f1": 0.7561128526645768,
      "f1_threshold": 35.32426443408076,
      "precision": 0.6084762865792129,
      "recall": 0.9983443708609272
    },
    "max": {
      "accuracy": 0.654,
      "ap": 0.7376262228175152,
      "f1": 0.7574039067422809
    }
  }
}