{
  "dataset_revision": null,
  "mteb_dataset_name": "PSC",
  "mteb_version": "1.1.1",
  "test": {
    "cos_sim": {
      "accuracy": 0.8098330241187384,
      "accuracy_threshold": 0.9683653116226196,
      "ap": 0.7487806543379989,
      "f1": 0.6819484240687678,
      "f1_threshold": 0.9649025797843933,
      "precision": 0.6432432432432432,
      "recall": 0.725609756097561
    },
    "dot": {
      "accuracy": 0.7300556586270872,
      "accuracy_threshold": 5.755008697509766,
      "ap": 0.41205282726926373,
      "f1": 0.47129008202833705,
      "f1_threshold": 4.3438029289245605,
      "precision": 0.3119447186574531,
      "recall": 0.9634146341463414
    },
    "euclidean": {
      "accuracy": 0.8794063079777366,
      "accuracy_threshold": 0.5831941366195679,
      "ap": 0.864541056281481,
      "f1": 0.7916666666666666,
      "f1_threshold": 0.5831941366195679,
      "precision": 0.8344594594594594,
      "recall": 0.7530487804878049
    },
    "evaluation_time": 9.11,
    "manhattan": {
      "accuracy": 0.8998144712430427,
      "accuracy_threshold": 12.09593391418457,
      "ap": 0.9088445297736898,
      "f1": 0.8244514106583072,
      "f1_threshold": 12.3908052444458,
      "precision": 0.8483870967741935,
      "recall": 0.801829268292683
    },
    "max": {
      "accuracy": 0.8998144712430427,
      "ap": 0.9088445297736898,
      "f1": 0.8244514106583072
    }
  }
}