{
  "dataset_revision": null,
  "mteb_dataset_name": "Quora-PL",
  "mteb_version": "1.1.1",
  "test": {
    "evaluation_time": 764.75,
    "map_at_1": 0.41637,
    "map_at_10": 0.50487,
    "map_at_100": 0.51252,
    "map_at_1000": 0.51307,
    "map_at_3": 0.48292,
    "map_at_5": 0.49494,
    "mrr_at_1": 0.48,
    "mrr_at_10": 0.5508,
    "mrr_at_100": 0.5558,
    "mrr_at_1000": 0.5561,
    "mrr_at_3": 0.53418,
    "mrr_at_5": 0.54368,
    "ndcg_at_1": 0.4809,
    "ndcg_at_10": 0.54992,
    "ndcg_at_100": 0.58071,
    "ndcg_at_1000": 0.59244,
    "ndcg_at_3": 0.51644,
    "ndcg_at_5": 0.53135,
    "precision_at_1": 0.4809,
    "precision_at_10": 0.08365,
    "precision_at_100": 0.0109,
    "precision_at_1000": 0.00126,
    "precision_at_3": 0.22327,
    "precision_at_5": 0.148,
    "recall_at_1": 0.41637,
    "recall_at_10": 0.63845,
    "recall_at_100": 0.77008,
    "recall_at_1000": 0.85205,
    "recall_at_3": 0.54005,
    "recall_at_5": 0.58145
  }
}