{
  "dataset_revision": null,
  "mteb_dataset_name": "SCIDOCS-PL",
  "mteb_version": "1.1.1",
  "test": {
    "evaluation_time": 385.13,
    "map_at_1": 0.0068,
    "map_at_10": 0.01475,
    "map_at_100": 0.018,
    "map_at_1000": 0.01931,
    "map_at_3": 0.01127,
    "map_at_5": 0.01299,
    "mrr_at_1": 0.033,
    "mrr_at_10": 0.05931,
    "mrr_at_100": 0.06704,
    "mrr_at_1000": 0.06829,
    "mrr_at_3": 0.04867,
    "mrr_at_5": 0.05462,
    "ndcg_at_1": 0.033,
    "ndcg_at_10": 0.0297,
    "ndcg_at_100": 0.05376,
    "ndcg_at_1000": 0.09179,
    "ndcg_at_3": 0.02723,
    "ndcg_at_5": 0.02436,
    "precision_at_1": 0.033,
    "precision_at_10": 0.0156,
    "precision_at_100": 0.00521,
    "precision_at_1000": 0.00145,
    "precision_at_3": 0.02533,
    "precision_at_5": 0.0216,
    "recall_at_1": 0.0068,
    "recall_at_10": 0.0316,
    "recall_at_100": 0.10575,
    "recall_at_1000": 0.29563,
    "recall_at_3": 0.0154,
    "recall_at_5": 0.02185
  }
}