{
  "dataset_revision": null,
  "mteb_dataset_name": "SciFact-PL",
  "mteb_version": "1.1.1",
  "test": {
    "evaluation_time": 100.26,
    "map_at_1": 0.08667,
    "map_at_10": 0.1156,
    "map_at_100": 0.12403,
    "map_at_1000": 0.12565,
    "map_at_3": 0.10403,
    "map_at_5": 0.10919,
    "mrr_at_1": 0.09333,
    "mrr_at_10": 0.12466,
    "mrr_at_100": 0.13317,
    "mrr_at_1000": 0.13466,
    "mrr_at_3": 0.11278,
    "mrr_at_5": 0.11794,
    "ndcg_at_1": 0.09333,
    "ndcg_at_10": 0.1365,
    "ndcg_at_100": 0.18407,
    "ndcg_at_1000": 0.23188,
    "ndcg_at_3": 0.11169,
    "ndcg_at_5": 0.12091,
    "precision_at_1": 0.09333,
    "precision_at_10": 0.02167,
    "precision_at_100": 0.0048,
    "precision_at_1000": 0.00091,
    "precision_at_3": 0.04556,
    "precision_at_5": 0.03267,
    "recall_at_1": 0.08667,
    "recall_at_10": 0.195,
    "recall_at_100": 0.42639,
    "recall_at_1000": 0.80867,
    "recall_at_3": 0.12583,
    "recall_at_5": 0.14806
  }
}