{
  "dataset_revision": null,
  "mteb_dataset_name": "SICK-E-PL",
  "mteb_version": "1.1.1",
  "test": {
    "cos_sim": {
      "accuracy": 0.735833673053404,
      "accuracy_threshold": 0.9584434032440186,
      "ap": 0.4939501043470771,
      "f1": 0.5083903045369794,
      "f1_threshold": 0.9104624390602112,
      "precision": 0.45093715545755236,
      "recall": 0.5826210826210826
    },
    "dot": {
      "accuracy": 0.7144313086017122,
      "accuracy_threshold": 3.0685243606567383,
      "ap": 0.3325628915795086,
      "f1": 0.45625109591443097,
      "f1_threshold": 1.2805240154266357,
      "precision": 0.3026285182600605,
      "recall": 0.9266381766381766
    },
    "euclidean": {
      "accuracy": 0.73889115368936,
      "accuracy_threshold": 0.47440022230148315,
      "ap": 0.5112843238230211,
      "f1": 0.5313114293737714,
      "f1_threshold": 0.6921285390853882,
      "precision": 0.4385720908669448,
      "recall": 0.6737891737891738
    },
    "evaluation_time": 21.68,
    "manhattan": {
      "accuracy": 0.7407256420709335,
      "accuracy_threshold": 8.45296859741211,
      "ap": 0.518877143361717,
      "f1": 0.5472350230414746,
      "f1_threshold": 13.740257263183594,
      "precision": 0.45938104448742745,
      "recall": 0.6766381766381766
    },
    "max": {
      "accuracy": 0.7407256420709335,
      "ap": 0.518877143361717,
      "f1": 0.5472350230414746
    }
  }
}