{
  "dataset_revision": null,
  "mteb_dataset_name": "SICK-R-PL",
  "mteb_version": "1.1.1",
  "test": {
    "cos_sim": {
      "pearson": 0.49705555169766374,
      "spearman": 0.4687858533878788
    },
    "euclidean": {
      "pearson": 0.5528901629009967,
      "spearman": 0.5233920945824265
    },
    "evaluation_time": 8.76,
    "manhattan": {
      "pearson": 0.5861719983677268,
      "spearman": 0.5474361029337992
    }
  }
}