{
  "dataset_revision": "6d1ba47164174a496b7fa5d3569dae26a6813b80",
  "mteb_dataset_name": "STS22",
  "mteb_version": "1.1.1",
  "test": {
    "evaluation_time": 10.66,
    "pl": {
      "cos_sim": {
        "pearson": -0.07205955583091748,
        "spearman": 0.18610738306678729
      },
      "euclidean": {
        "pearson": -0.055196487356385576,
        "spearman": 0.19077989651103885
      },
      "manhattan": {
        "pearson": -0.012664853216067334,
        "spearman": 0.21605919784550887
      }
    }
  }
}