{
  "dataset_revision": null,
  "mteb_dataset_name": "TRECCOVID-PL",
  "mteb_version": "1.1.1",
  "test": {
    "evaluation_time": 2474.41,
    "map_at_1": 0.00084,
    "map_at_10": 0.00269,
    "map_at_100": 0.00647,
    "map_at_1000": 0.0137,
    "map_at_3": 0.00173,
    "map_at_5": 0.00216,
    "mrr_at_1": 0.32,
    "mrr_at_10": 0.41627,
    "mrr_at_100": 0.43012,
    "mrr_at_1000": 0.43026,
    "mrr_at_3": 0.39,
    "mrr_at_5": 0.395,
    "ndcg_at_1": 0.3,
    "ndcg_at_10": 0.15766,
    "ndcg_at_100": 0.09771,
    "ndcg_at_1000": 0.10187,
    "ndcg_at_3": 0.22927,
    "ndcg_at_5": 0.19388,
    "precision_at_1": 0.34,
    "precision_at_10": 0.15,
    "precision_at_100": 0.0982,
    "precision_at_1000": 0.0489,
    "precision_at_3": 0.24,
    "precision_at_5": 0.192,
    "recall_at_1": 0.00084,
    "recall_at_10": 0.00401,
    "recall_at_100": 0.02148,
    "recall_at_1000": 0.1056,
    "recall_at_3": 0.00196,
    "recall_at_5": 0.00266
  }
}