{
  "dataset_revision": null,
  "mteb_dataset_name": "AllegroReviews",
  "mteb_version": "1.1.1",
  "test": {
    "accuracy": 0.33031809145129226,
    "accuracy_stderr": 0.03770279586683857,
    "evaluation_time": 2.36,
    "f1": 0.29800304217426166,
    "f1_stderr": 0.029834188074113425,
    "main_score": 0.33031809145129226
  }
}