{
  "dataset_revision": null,
  "mteb_dataset_name": "ArguAna-PL",
  "mteb_version": "1.1.1",
  "test": {
    "evaluation_time": 14.52,
    "map_at_1": 0.28805,
    "map_at_10": 0.45327,
    "map_at_100": 0.4617,
    "map_at_1000": 0.46177,
    "map_at_3": 0.40529,
    "map_at_5": 0.43335,
    "mrr_at_1": 0.30299,
    "mrr_at_10": 0.45763,
    "mrr_at_100": 0.46641,
    "mrr_at_1000": 0.46648,
    "mrr_at_3": 0.41074,
    "mrr_at_5": 0.43837,
    "ndcg_at_1": 0.28805,
    "ndcg_at_10": 0.54308,
    "ndcg_at_100": 0.57879,
    "ndcg_at_1000": 0.58048,
    "ndcg_at_3": 0.44502,
    "ndcg_at_5": 0.49519,
    "precision_at_1": 0.28805,
    "precision_at_10": 0.08286,
    "precision_at_100": 0.00984,
    "precision_at_1000": 0.001,
    "precision_at_3": 0.18682,
    "precision_at_5": 0.13627,
    "recall_at_1": 0.28805,
    "recall_at_10": 0.82859,
    "recall_at_100": 0.98364,
    "recall_at_1000": 0.99644,
    "recall_at_3": 0.56046,
    "recall_at_5": 0.68137
  }
}