{
  "dataset_revision": null,
  "mteb_dataset_name": "CBD",
  "mteb_version": "1.1.1",
  "test": {
    "accuracy": 0.6424,
    "accuracy_stderr": 0.06075557587579927,
    "ap": 0.17967103105024707,
    "ap_stderr": 0.020669524446728368,
    "evaluation_time": 5.79,
    "f1": 0.529737541612946,
    "f1_stderr": 0.02885816030117483,
    "main_score": 0.6424
  }
}