{
  "dataset_revision": null,
  "mteb_dataset_name": "CDSC-R",
  "mteb_version": "1.1.1",
  "test": {
    "cos_sim": {
      "pearson": 0.9164169404461496,
      "spearman": 0.919755161377078
    },
    "euclidean": {
      "pearson": 0.9087481478491249,
      "spearman": 0.9192362666383986
    },
    "evaluation_time": 0.84,
    "manhattan": {
      "pearson": 0.908415510499638,
      "spearman": 0.9185927127194697
    }
  }
}