{
  "dataset_revision": null,
  "mteb_dataset_name": "DBPedia-PL",
  "mteb_version": "1.1.1",
  "test": {
    "evaluation_time": 1714.28,
    "map_at_1": 0.06148,
    "map_at_10": 0.12871,
    "map_at_100": 0.1804,
    "map_at_1000": 0.19286,
    "map_at_3": 0.09156,
    "map_at_5": 0.10858,
    "mrr_at_1": 0.5325,
    "mrr_at_10": 0.61017,
    "mrr_at_100": 0.61484,
    "mrr_at_1000": 0.61508,
    "mrr_at_3": 0.5875,
    "mrr_at_5": 0.60375,
    "ndcg_at_1": 0.41,
    "ndcg_at_10": 0.30281,
    "ndcg_at_100": 0.33956,
    "ndcg_at_1000": 0.4077,
    "ndcg_at_3": 0.34127,
    "ndcg_at_5": 0.32274,
    "precision_at_1": 0.525,
    "precision_at_10": 0.24525,
    "precision_at_100": 0.08125,
    "precision_at_1000": 0.01728,
    "precision_at_3": 0.37083,
    "precision_at_5": 0.3215,
    "recall_at_1": 0.06148,
    "recall_at_10": 0.17866,
    "recall_at_100": 0.39213,
    "recall_at_1000": 0.61604,
    "recall_at_3": 0.10084,
    "recall_at_5": 0.13334
  }
}