{
  "dataset_revision": null,
  "mteb_dataset_name": "FiQA-PL",
  "mteb_version": "1.1.1",
  "test": {
    "evaluation_time": 58.18,
    "map_at_1": 0.14643,
    "map_at_10": 0.23166,
    "map_at_100": 0.24725,
    "map_at_1000": 0.2492,
    "map_at_3": 0.20166,
    "map_at_5": 0.22003,
    "mrr_at_1": 0.2963,
    "mrr_at_10": 0.37632,
    "mrr_at_100": 0.38512,
    "mrr_at_1000": 0.38578,
    "mrr_at_3": 0.35391,
    "mrr_at_5": 0.36857,
    "ndcg_at_1": 0.29167,
    "ndcg_at_10": 0.29749,
    "ndcg_at_100": 0.35983,
    "ndcg_at_1000": 0.39817,
    "ndcg_at_3": 0.26739,
    "ndcg_at_5": 0.27993,
    "precision_at_1": 0.29167,
    "precision_at_10": 0.08333,
    "precision_at_100": 0.01448,
    "precision_at_1000": 0.00213,
    "precision_at_3": 0.17747,
    "precision_at_5": 0.1358,
    "recall_at_1": 0.14643,
    "recall_at_10": 0.35247,
    "recall_at_100": 0.59151,
    "recall_at_1000": 0.82565,
    "recall_at_3": 0.24006,
    "recall_at_5": 0.29383
  }
}