{
  "dataset_revision": null,
  "mteb_dataset_name": "HotpotQA-PL",
  "mteb_version": "1.1.1",
  "test": {
    "evaluation_time": 2345.3,
    "map_at_1": 0.32627,
    "map_at_10": 0.48041,
    "map_at_100": 0.49008,
    "map_at_1000": 0.49093,
    "map_at_3": 0.44774,
    "map_at_5": 0.46791,
    "mrr_at_1": 0.6528,
    "mrr_at_10": 0.72535,
    "mrr_at_100": 0.72892,
    "mrr_at_1000": 0.72909,
    "mrr_at_3": 0.71083,
    "mrr_at_5": 0.71985,
    "ndcg_at_1": 0.65253,
    "ndcg_at_10": 0.57137,
    "ndcg_at_100": 0.60783,
    "ndcg_at_1000": 0.62507,
    "ndcg_at_3": 0.5217,
    "ndcg_at_5": 0.54896,
    "precision_at_1": 0.65253,
    "precision_at_10": 0.12088,
    "precision_at_100": 0.01496,
    "precision_at_1000": 0.00172,
    "precision_at_3": 0.3296,
    "precision_at_5": 0.21931,
    "recall_at_1": 0.32627,
    "recall_at_10": 0.60439,
    "recall_at_100": 0.74808,
    "recall_at_1000": 0.86219,
    "recall_at_3": 0.4944,
    "recall_at_5": 0.54828
  }
}