{
  "dataset_revision": "31efe3c427b0bae9c22cbb560b8f15491cc6bed7",
  "mteb_dataset_name": "MassiveIntentClassification",
  "mteb_version": "1.1.1",
  "test": {
    "evaluation_time": 19.69,
    "pl": {
      "accuracy": 0.6735373234700739,
      "accuracy_stderr": 0.01534957768301286,
      "f1": 0.6467852047603644,
      "f1_stderr": 0.011280922498268687,
      "main_score": 0.6735373234700739
    }
  }
}