{
  "dataset_revision": null,
  "mteb_dataset_name": "MSMARCO-PL",
  "mteb_version": "1.1.1",
  "validation": {
    "evaluation_time": 4628.39,
    "map_at_1": 0.13151,
    "map_at_10": 0.21179,
    "map_at_100": 0.22227,
    "map_at_1000": 0.22308,
    "map_at_3": 0.18473,
    "map_at_5": 0.19943,
    "mrr_at_1": 0.13467,
    "mrr_at_10": 0.21471,
    "mrr_at_100": 0.22509,
    "mrr_at_1000": 0.22585,
    "mrr_at_3": 0.18789,
    "mrr_at_5": 0.20262,
    "ndcg_at_1": 0.13539,
    "ndcg_at_10": 0.25943,
    "ndcg_at_100": 0.31387,
    "ndcg_at_1000": 0.33641,
    "ndcg_at_3": 0.20368,
    "ndcg_at_5": 0.23004,
    "precision_at_1": 0.13539,
    "precision_at_10": 0.04249,
    "precision_at_100": 0.00704,
    "precision_at_1000": 0.0009,
    "precision_at_3": 0.08782,
    "precision_at_5": 0.06605,
    "recall_at_1": 0.13151,
    "recall_at_10": 0.40698,
    "recall_at_100": 0.6671,
    "recall_at_1000": 0.84491,
    "recall_at_3": 0.25452,
    "recall_at_5": 0.31791
  }
}