{
  "dataset_revision": null,
  "mteb_dataset_name": "NFCorpus-PL",
  "mteb_version": "1.1.1",
  "test": {
    "evaluation_time": 8.19,
    "map_at_1": 0.0418,
    "map_at_10": 0.09524,
    "map_at_100": 0.12272,
    "map_at_1000": 0.13616,
    "map_at_3": 0.06717,
    "map_at_5": 0.08172,
    "mrr_at_1": 0.37152,
    "mrr_at_10": 0.45068,
    "mrr_at_100": 0.46026,
    "mrr_at_1000": 0.46085,
    "mrr_at_3": 0.43344,
    "mrr_at_5": 0.44412,
    "ndcg_at_1": 0.3452,
    "ndcg_at_10": 0.27604,
    "ndcg_at_100": 0.26013,
    "ndcg_at_1000": 0.35272,
    "ndcg_at_3": 0.31538,
    "ndcg_at_5": 0.30166,
    "precision_at_1": 0.36223,
    "precision_at_10": 0.21053,
    "precision_at_100": 0.0708,
    "precision_at_1000": 0.01993,
    "precision_at_3": 0.30031,
    "precision_at_5": 0.26997,
    "recall_at_1": 0.0418,
    "recall_at_10": 0.12901,
    "recall_at_100": 0.27438,
    "recall_at_1000": 0.60768,
    "recall_at_3": 0.07492,
    "recall_at_5": 0.1005
  }
}