{
  "dataset_revision": null,
  "mteb_dataset_name": "NQ-PL",
  "mteb_version": "1.1.1",
  "test": {
    "evaluation_time": 1760.9,
    "map_at_1": 0.17965,
    "map_at_10": 0.2804,
    "map_at_100": 0.29217,
    "map_at_1000": 0.29285,
    "map_at_3": 0.24818,
    "map_at_5": 0.26617,
    "mrr_at_1": 0.2022,
    "mrr_at_10": 0.30148,
    "mrr_at_100": 0.31138,
    "mrr_at_1000": 0.3119,
    "mrr_at_3": 0.27202,
    "mrr_at_5": 0.28885,
    "ndcg_at_1": 0.20365,
    "ndcg_at_10": 0.33832,
    "ndcg_at_100": 0.3933,
    "ndcg_at_1000": 0.411,
    "ndcg_at_3": 0.2746,
    "ndcg_at_5": 0.30584,
    "precision_at_1": 0.20365,
    "precision_at_10": 0.05849,
    "precision_at_100": 0.00896,
    "precision_at_1000": 0.00107,
    "precision_at_3": 0.1264,
    "precision_at_5": 0.09334,
    "recall_at_1": 0.17965,
    "recall_at_10": 0.49503,
    "recall_at_100": 0.74351,
    "recall_at_1000": 0.87766,
    "recall_at_3": 0.32665,
    "recall_at_5": 0.39974
  }
}