{
  "dataset_revision": null,
  "mteb_dataset_name": "PAC",
  "mteb_version": "1.1.1",
  "test": {
    "accuracy": 0.6311323486823052,
    "accuracy_stderr": 0.05084513432895473,
    "ap": 0.7453486257377787,
    "ap_stderr": 0.025331217320006802,
    "evaluation_time": 2.46,
    "f1": 0.6063100537341773,
    "f1_stderr": 0.05178864386804017,
    "main_score": 0.6311323486823052
  }
}