{
  "dataset_revision": null,
  "mteb_dataset_name": "PolEmo2.0-OUT",
  "mteb_version": "1.1.1",
  "test": {
    "accuracy": 0.40323886639676115,
    "accuracy_stderr": 0.027649183933544735,
    "evaluation_time": 2.28,
    "f1": 0.32339117999015754,
    "f1_stderr": 0.011355886223707711,
    "main_score": 0.40323886639676115
  }
}