{
  "dataset_revision": null,
  "mteb_dataset_name": "PolEmo2.0-IN",
  "mteb_version": "1.1.1",
  "test": {
    "accuracy": 0.6396121883656509,
    "accuracy_stderr": 0.03486235151161394,
    "evaluation_time": 2.54,
    "f1": 0.643979989243291,
    "f1_stderr": 0.021826579573409225,
    "main_score": 0.6396121883656509
  }
}