{
  "dataset_revision": null,
  "mteb_dataset_name": "PPC",
  "mteb_version": "1.1.1",
  "test": {
    "cos_sim": {
      "accuracy": 0.801,
      "accuracy_threshold": 0.9724779829747607,
      "ap": 0.8969526236458292,
      "f1": 0.8337468982630274,
      "f1_threshold": 0.9680370665803402,
      "precision": 0.8330578512396695,
      "recall": 0.8344370860927153
    },
    "dot": {
      "accuracy": 0.778,
      "accuracy_threshold": 79.0,
      "ap": 0.8772366051496103,
      "f1": 0.8283752860411899,
      "f1_threshold": 78.625,
      "precision": 0.768033946251768,
      "recall": 0.8990066225165563
    },
    "euclidean": {
      "accuracy": 0.801,
      "accuracy_threshold": 2.148226209851355,
      "ap": 0.8961317191870039,
      "f1": 0.8340214698596202,
      "f1_threshold": 2.2953855301026875,
      "precision": 0.8319604612850082,
      "recall": 0.8360927152317881
    },
    "evaluation_time": 1.15,
    "manhattan": {
      "accuracy": 0.796,
      "accuracy_threshold": 32.42770791053772,
      "ap": 0.8948363786968472,
      "f1": 0.8296296296296296,
      "f1_threshold": 35.830156207084656,
      "precision": 0.8248772504091653,
      "recall": 0.8344370860927153
    },
    "max": {
      "accuracy": 0.801,
      "ap": 0.8969526236458292,
      "f1": 0.8340214698596202
    }
  }
}