{
  "dataset_revision": null,
  "mteb_dataset_name": "PSC",
  "mteb_version": "1.1.1",
  "test": {
    "cos_sim": {
      "accuracy": 0.9693877551020408,
      "accuracy_threshold": 0.8995102096843549,
      "ap": 0.9886489482248999,
      "f1": 0.9511111111111112,
      "f1_threshold": 0.8995102096843549,
      "precision": 0.9250720461095101,
      "recall": 0.9786585365853658
    },
    "dot": {
      "accuracy": 0.9573283858998145,
      "accuracy_threshold": 74.25,
      "ap": 0.978261652492545,
      "f1": 0.9321533923303835,
      "f1_threshold": 74.0625,
      "precision": 0.9028571428571428,
      "recall": 0.9634146341463414
    },
    "euclidean": {
      "accuracy": 0.9693877551020408,
      "accuracy_threshold": 3.9405864086703604,
      "ap": 0.9884837797066623,
      "f1": 0.9511111111111112,
      "f1_threshold": 4.082659028537218,
      "precision": 0.9250720461095101,
      "recall": 0.9786585365853658
    },
    "evaluation_time": 1.29,
    "manhattan": {
      "accuracy": 0.9684601113172542,
      "accuracy_threshold": 63.74696934223175,
      "ap": 0.9878659090944161,
      "f1": 0.949404761904762,
      "f1_threshold": 63.74696934223175,
      "precision": 0.9273255813953488,
      "recall": 0.9725609756097561
    },
    "max": {
      "accuracy": 0.9693877551020408,
      "ap": 0.9886489482248999,
      "f1": 0.9511111111111112
    }
  }
}