{
  "dataset_revision": null,
  "mteb_dataset_name": "Quora-PL",
  "mteb_version": "1.1.1",
  "test": {
    "evaluation_time": 174.77,
    "map_at_1": 0.62757,
    "map_at_10": 0.7656,
    "map_at_100": 0.77328,
    "map_at_1000": 0.77355,
    "map_at_3": 0.73288,
    "map_at_5": 0.75255,
    "mrr_at_1": 0.7228,
    "mrr_at_10": 0.79879,
    "mrr_at_100": 0.80121,
    "mrr_at_1000": 0.80127,
    "mrr_at_3": 0.78407,
    "mrr_at_5": 0.79357,
    "ndcg_at_1": 0.7233,
    "ndcg_at_10": 0.81151,
    "ndcg_at_100": 0.83107,
    "ndcg_at_1000": 0.83397,
    "ndcg_at_3": 0.773,
    "ndcg_at_5": 0.79307,
    "precision_at_1": 0.7233,
    "precision_at_10": 0.12587,
    "precision_at_100": 0.01488,
    "precision_at_1000": 0.00155,
    "precision_at_3": 0.33943,
    "precision_at_5": 0.2261,
    "recall_at_1": 0.62757,
    "recall_at_10": 0.90616,
    "recall_at_100": 0.97905,
    "recall_at_1000": 0.99618,
    "recall_at_3": 0.79928,
    "recall_at_5": 0.85305
  }
}