{
  "dataset_revision": "4755de8baebc07bed0c60cec9f796e9a346600cb",
  "mteb_dataset_name": "SciDefRetrieval",
  "mteb_version": "1.7.49",
  "test": {
    "evaluation_time": 1.62,
    "map_at_1": 0.44919,
    "map_at_10": 0.53925,
    "map_at_100": 0.54588,
    "map_at_1000": 0.54624,
    "map_at_20": 0.54313,
    "map_at_3": 0.51497,
    "map_at_5": 0.52786,
    "mrr_at_1": 0.44919,
    "mrr_at_10": 0.53948,
    "mrr_at_100": 0.54587,
    "mrr_at_1000": 0.54623,
    "mrr_at_20": 0.54313,
    "mrr_at_3": 0.51522,
    "mrr_at_5": 0.52744,
    "ndcg_at_1": 0.44919,
    "ndcg_at_10": 0.5877,
    "ndcg_at_100": 0.62297,
    "ndcg_at_1000": 0.6336,
    "ndcg_at_20": 0.6021,
    "ndcg_at_3": 0.53664,
    "ndcg_at_5": 0.56009,
    "precision_at_1": 0.44919,
    "precision_at_10": 0.07423,
    "precision_at_100": 0.00915,
    "precision_at_1000": 0.001,
    "precision_at_20": 0.03999,
    "precision_at_3": 0.1998,
    "precision_at_5": 0.13137,
    "recall_at_1": 0.44919,
    "recall_at_10": 0.74227,
    "recall_at_100": 0.91458,
    "recall_at_1000": 1.0,
    "recall_at_20": 0.79971,
    "recall_at_3": 0.59941,
    "recall_at_5": 0.65685
  }
}