{
  "dataset_revision": null,
  "mteb_dataset_name": "SCIDOCS-PL",
  "mteb_version": "1.1.1",
  "test": {
    "evaluation_time": 39.85,
    "map_at_1": 0.03313,
    "map_at_10": 0.0856,
    "map_at_100": 0.10178,
    "map_at_1000": 0.1046,
    "map_at_3": 0.06094,
    "map_at_5": 0.07323,
    "mrr_at_1": 0.163,
    "mrr_at_10": 0.25579,
    "mrr_at_100": 0.26717,
    "mrr_at_1000": 0.26799,
    "mrr_at_3": 0.22583,
    "mrr_at_5": 0.24298,
    "ndcg_at_1": 0.163,
    "ndcg_at_10": 0.14789,
    "ndcg_at_100": 0.21731,
    "ndcg_at_1000": 0.27262,
    "ndcg_at_3": 0.1374,
    "ndcg_at_5": 0.12199,
    "precision_at_1": 0.163,
    "precision_at_10": 0.0778,
    "precision_at_100": 0.0179,
    "precision_at_1000": 0.00313,
    "precision_at_3": 0.12933,
    "precision_at_5": 0.1086,
    "recall_at_1": 0.03313,
    "recall_at_10": 0.15772,
    "recall_at_100": 0.36392,
    "recall_at_1000": 0.63525,
    "recall_at_3": 0.07863,
    "recall_at_5": 0.11003
  }
}