{
  "dataset_revision": "8064b4442da038aa0482a2542370f9a2441cc50a",
  "mteb_dataset_name": "SciField",
  "mteb_version": "1.7.49",
  "test": {
    "accuracy": 0.8256606397774687,
    "accuracy_stderr": 0.023440691412099077,
    "evaluation_time": 3.53,
    "f1": 0.8224442868316911,
    "f1_stderr": 0.02464998446801059,
    "main_score": 0.8256606397774687
  }
}