{
  "dataset_revision": null,
  "mteb_dataset_name": "SciFact-PL",
  "mteb_version": "1.1.1",
  "test": {
    "evaluation_time": 10.56,
    "map_at_1": 0.43528,
    "map_at_10": 0.5329,
    "map_at_100": 0.54342,
    "map_at_1000": 0.54377,
    "map_at_3": 0.50652,
    "map_at_5": 0.52248,
    "mrr_at_1": 0.46667,
    "mrr_at_10": 0.55286,
    "mrr_at_100": 0.56094,
    "mrr_at_1000": 0.56125,
    "mrr_at_3": 0.53222,
    "mrr_at_5": 0.54339,
    "ndcg_at_1": 0.46,
    "ndcg_at_10": 0.58142,
    "ndcg_at_100": 0.62426,
    "ndcg_at_1000": 0.63396,
    "ndcg_at_3": 0.5353,
    "ndcg_at_5": 0.55842,
    "precision_at_1": 0.46,
    "precision_at_10": 0.07967,
    "precision_at_100": 0.01023,
    "precision_at_1000": 0.00111,
    "precision_at_3": 0.21444,
    "precision_at_5": 0.14333,
    "recall_at_1": 0.43528,
    "recall_at_10": 0.71511,
    "recall_at_100": 0.89933,
    "recall_at_1000": 0.97667,
    "recall_at_3": 0.59067,
    "recall_at_5": 0.64789
  }
}