{
  "dataset_revision": null,
  "mteb_dataset_name": "SICK-E-PL",
  "mteb_version": "1.1.1",
  "test": {
    "cos_sim": {
      "accuracy": 0.8179779861394211,
      "accuracy_threshold": 0.9741061139622232,
      "ap": 0.7321294750778903,
      "f1": 0.6657391304347826,
      "f1_threshold": 0.9649786922721468,
      "precision": 0.6505778382053025,
      "recall": 0.6816239316239316
    },
    "dot": {
      "accuracy": 0.7867916836526702,
      "accuracy_threshold": 79.5,
      "ap": 0.636194381597818,
      "f1": 0.6245014245014245,
      "f1_threshold": 77.5625,
      "precision": 0.5204178537511871,
      "recall": 0.7806267806267806
    },
    "euclidean": {
      "accuracy": 0.817774154097024,
      "accuracy_threshold": 2.149667394737646,
      "ap": 0.7325053778387148,
      "f1": 0.6655064392620953,
      "f1_threshold": 2.382601560886927,
      "precision": 0.6507828454731109,
      "recall": 0.6809116809116809
    },
    "evaluation_time": 2.33,
    "manhattan": {
      "accuracy": 0.8163473298002446,
      "accuracy_threshold": 31.927621245384216,
      "ap": 0.7299781945530033,
      "f1": 0.663623595505618,
      "f1_threshold": 36.73470497131348,
      "precision": 0.6544321329639889,
      "recall": 0.6730769230769231
    },
    "max": {
      "accuracy": 0.8179779861394211,
      "ap": 0.7325053778387148,
      "f1": 0.6657391304347826
    }
  }
}