{
  "dataset_revision": null,
  "mteb_dataset_name": "SICK-R-PL",
  "mteb_version": "1.1.1",
  "test": {
    "cos_sim": {
      "pearson": 0.7962332929388756,
      "spearman": 0.7370598290849304
    },
    "euclidean": {
      "pearson": 0.773603286710006,
      "spearman": 0.7374420279933932
    },
    "evaluation_time": 2.64,
    "manhattan": {
      "pearson": 0.7712735032552481,
      "spearman": 0.7353014836690127
    }
  }
}