{
  "dataset_revision": "6d1ba47164174a496b7fa5d3569dae26a6813b80",
  "mteb_dataset_name": "STS22",
  "mteb_version": "1.1.1",
  "test": {
    "evaluation_time": 1.44,
    "pl": {
      "cos_sim": {
        "pearson": 0.3769694292868673,
        "spearman": 0.406271445245692
      },
      "euclidean": {
        "pearson": 0.3021273446137083,
        "spearman": 0.40666433766996374
      },
      "manhattan": {
        "pearson": 0.2990223716230108,
        "spearman": 0.4035576319091178
      }
    }
  }
}