{
  "dataset_revision": "93d57ef91790589e3ce9c365164337a8a78b7632",
  "mteb_dataset_name": "STSBenchmarkMultilingualSTS",
  "mteb_version": "1.7.49",
  "test": {
    "evaluation_time": 0.99,
    "pl": {
      "cos_sim": {
        "pearson": 0.8064154421379461,
        "spearman": 0.8144387355829609
      },
      "euclidean": {
        "pearson": 0.807602865697574,
        "spearman": 0.813654704764001
      },
      "manhattan": {
        "pearson": 0.806287794654588,
        "spearman": 0.8120620339264922
      }
    }
  }
}