{
  "dataset_revision": null,
  "mteb_dataset_name": "TRECCOVID-PL",
  "mteb_version": "1.1.1",
  "test": {
    "evaluation_time": 244.5,
    "map_at_1": 0.00227,
    "map_at_10": 0.01338,
    "map_at_100": 0.06965,
    "map_at_1000": 0.17135,
    "map_at_3": 0.0053,
    "map_at_5": 0.00799,
    "mrr_at_1": 0.84,
    "mrr_at_10": 0.88083,
    "mrr_at_100": 0.88432,
    "mrr_at_1000": 0.88432,
    "mrr_at_3": 0.87333,
    "mrr_at_5": 0.87833,
    "ndcg_at_1": 0.76,
    "ndcg_at_10": 0.58199,
    "ndcg_at_100": 0.4323,
    "ndcg_at_1000": 0.39751,
    "ndcg_at_3": 0.63743,
    "ndcg_at_5": 0.6043,
    "precision_at_1": 0.84,
    "precision_at_10": 0.62,
    "precision_at_100": 0.4452,
    "precision_at_1000": 0.17746,
    "precision_at_3": 0.67333,
    "precision_at_5": 0.632,
    "recall_at_1": 0.00227,
    "recall_at_10": 0.01627,
    "recall_at_100": 0.10601,
    "recall_at_1000": 0.37532,
    "recall_at_3": 0.00547,
    "recall_at_5": 0.00864
  }
}