{
  "dataset_revision": null,
  "mteb_dataset_name": "AllegroReviews",
  "mteb_version": "1.1.1",
  "test": {
    "accuracy": 0.3334990059642148,
    "accuracy_stderr": 0.043674837528158886,
    "evaluation_time": 3.24,
    "f1": 0.30602952872150696,
    "f1_stderr": 0.029086543609471646,
    "main_score": 0.3334990059642148
  }
}