{
  "dataset_revision": null,
  "mteb_dataset_name": "ArguAna-PL",
  "mteb_version": "1.1.1",
  "test": {
    "evaluation_time": 22.57,
    "map_at_1": 0.21266,
    "map_at_10": 0.35751,
    "map_at_100": 0.36967,
    "map_at_1000": 0.36988,
    "map_at_3": 0.31235,
    "map_at_5": 0.33536,
    "mrr_at_1": 0.2276,
    "mrr_at_10": 0.36378,
    "mrr_at_100": 0.37566,
    "mrr_at_1000": 0.37587,
    "mrr_at_3": 0.31686,
    "mrr_at_5": 0.34182,
    "ndcg_at_1": 0.21266,
    "ndcg_at_10": 0.44125,
    "ndcg_at_100": 0.49518,
    "ndcg_at_1000": 0.50047,
    "ndcg_at_3": 0.34636,
    "ndcg_at_5": 0.38804,
    "precision_at_1": 0.21266,
    "precision_at_10": 0.07105,
    "precision_at_100": 0.00952,
    "precision_at_1000": 0.00099,
    "precision_at_3": 0.14841,
    "precision_at_5": 0.10939,
    "recall_at_1": 0.21266,
    "recall_at_10": 0.71053,
    "recall_at_100": 0.95164,
    "recall_at_1000": 0.99289,
    "recall_at_3": 0.44523,
    "recall_at_5": 0.54694
  }
}