{
  "dataset_revision": null,
  "mteb_dataset_name": "CBD",
  "mteb_version": "1.1.1",
  "test": {
    "accuracy": 0.6851,
    "accuracy_stderr": 0.06456539320719731,
    "ap": 0.20654441984233682,
    "ap_stderr": 0.028011294534103573,
    "evaluation_time": 8.68,
    "f1": 0.5711805686117969,
    "f1_stderr": 0.044302523807175226,
    "main_score": 0.6851
  }
}