{
  "dataset_revision": null,
  "mteb_dataset_name": "CDSC-E",
  "mteb_version": "1.1.1",
  "test": {
    "cos_sim": {
      "accuracy": 0.877,
      "accuracy_threshold": 0.9903201658465028,
      "ap": 0.6735367050676583,
      "f1": 0.6165413533834587,
      "f1_threshold": 0.9680819469864508,
      "precision": 0.5885167464114832,
      "recall": 0.6473684210526316
    },
    "dot": {
      "accuracy": 0.842,
      "accuracy_threshold": 423.0,
      "ap": 0.5152726727061586,
      "f1": 0.55,
      "f1_threshold": 416.25,
      "precision": 0.5823529411764706,
      "recall": 0.5210526315789473
    },
    "euclidean": {
      "accuracy": 0.877,
      "accuracy_threshold": 2.6670815760020283,
      "ap": 0.6752987448794012,
      "f1": 0.6177215189873418,
      "f1_threshold": 5.111392621840514,
      "precision": 0.5951219512195122,
      "recall": 0.6421052631578947
    },
    "evaluation_time": 0.75,
    "manhattan": {
      "accuracy": 0.877,
      "accuracy_threshold": 57.86022925376892,
      "ap": 0.675619351423543,
      "f1": 0.615,
      "f1_threshold": 112.98969966173172,
      "precision": 0.5857142857142857,
      "recall": 0.6473684210526316
    },
    "max": {
      "accuracy": 0.877,
      "ap": 0.675619351423543,
      "f1": 0.6177215189873418
    }
  }
}