{
  "dataset_revision": null,
  "mteb_dataset_name": "CDSC-R",
  "mteb_version": "1.1.1",
  "test": {
    "cos_sim": {
      "pearson": 0.8912745618355281,
      "spearman": 0.8908664533987339
    },
    "euclidean": {
      "pearson": 0.8839148429569309,
      "spearman": 0.8953804958875596
    },
    "evaluation_time": 0.9,
    "manhattan": {
      "pearson": 0.8858596915282305,
      "spearman": 0.8968469589528116
    }
  }
}