{
  "dataset_revision": null,
  "mteb_dataset_name": "DBPedia-PL",
  "mteb_version": "1.1.1",
  "test": {
    "evaluation_time": 3669.91,
    "map_at_1": 0.05363,
    "map_at_10": 0.11024,
    "map_at_100": 0.15516,
    "map_at_1000": 0.16632,
    "map_at_3": 0.0817,
    "map_at_5": 0.0945,
    "mrr_at_1": 0.44,
    "mrr_at_10": 0.53998,
    "mrr_at_100": 0.5475,
    "mrr_at_1000": 0.54784,
    "mrr_at_3": 0.52042,
    "mrr_at_5": 0.53354,
    "ndcg_at_1": 0.3425,
    "ndcg_at_10": 0.26324,
    "ndcg_at_100": 0.30542,
    "ndcg_at_1000": 0.37309,
    "ndcg_at_3": 0.29353,
    "ndcg_at_5": 0.27871,
    "precision_at_1": 0.44,
    "precision_at_10": 0.21175,
    "precision_at_100": 0.07183,
    "precision_at_1000": 0.01554,
    "precision_at_3": 0.325,
    "precision_at_5": 0.276,
    "recall_at_1": 0.05363,
    "recall_at_10": 0.15702,
    "recall_at_100": 0.36926,
    "recall_at_1000": 0.58855,
    "recall_at_3": 0.0969,
    "recall_at_5": 0.12119
  }
}