{
  "dataset_revision": null,
  "mteb_dataset_name": "FiQA-PL",
  "mteb_version": "1.1.1",
  "test": {
    "evaluation_time": 123.27,
    "map_at_1": 0.11811,
    "map_at_10": 0.18909,
    "map_at_100": 0.20313,
    "map_at_1000": 0.20506,
    "map_at_3": 0.16172,
    "map_at_5": 0.17575,
    "mrr_at_1": 0.23457,
    "mrr_at_10": 0.31238,
    "mrr_at_100": 0.32232,
    "mrr_at_1000": 0.32296,
    "mrr_at_3": 0.28781,
    "mrr_at_5": 0.30216,
    "ndcg_at_1": 0.23302,
    "ndcg_at_10": 0.24947,
    "ndcg_at_100": 0.31022,
    "ndcg_at_1000": 0.34975,
    "ndcg_at_3": 0.21719,
    "ndcg_at_5": 0.22777,
    "precision_at_1": 0.23302,
    "precision_at_10": 0.0713,
    "precision_at_100": 0.01327,
    "precision_at_1000": 0.002,
    "precision_at_3": 0.14352,
    "precision_at_5": 0.11049,
    "recall_at_1": 0.11811,
    "recall_at_10": 0.30758,
    "recall_at_100": 0.53716,
    "recall_at_1000": 0.78391,
    "recall_at_3": 0.19761,
    "recall_at_5": 0.24232
  }
}