{
  "dataset_revision": null,
  "mteb_dataset_name": "HotpotQA-PL",
  "mteb_version": "1.1.1",
  "test": {
    "evaluation_time": 4377.12,
    "map_at_1": 0.26779,
    "map_at_10": 0.36155,
    "map_at_100": 0.37031,
    "map_at_1000": 0.37116,
    "map_at_3": 0.33848,
    "map_at_5": 0.35159,
    "mrr_at_1": 0.53464,
    "mrr_at_10": 0.61513,
    "mrr_at_100": 0.62035,
    "mrr_at_1000": 0.62062,
    "mrr_at_3": 0.59759,
    "mrr_at_5": 0.60812,
    "ndcg_at_1": 0.53558,
    "ndcg_at_10": 0.45135,
    "ndcg_at_100": 0.48774,
    "ndcg_at_1000": 0.50672,
    "ndcg_at_3": 0.41078,
    "ndcg_at_5": 0.4312,
    "precision_at_1": 0.53558,
    "precision_at_10": 0.09468,
    "precision_at_100": 0.01234,
    "precision_at_1000": 0.00149,
    "precision_at_3": 0.2546,
    "precision_at_5": 0.16891,
    "recall_at_1": 0.26779,
    "recall_at_10": 0.4734,
    "recall_at_100": 0.61722,
    "recall_at_1000": 0.74423,
    "recall_at_3": 0.3819,
    "recall_at_5": 0.42228
  }
}