{
  "dataset_revision": "7d571f92784cd94a019292a1f45445077d0ef634",
  "mteb_dataset_name": "MassiveScenarioClassification",
  "mteb_version": "1.1.1",
  "test": {
    "evaluation_time": 4.07,
    "pl": {
      "accuracy": 0.6997310020174848,
      "accuracy_stderr": 0.009681358472688615,
      "f1": 0.70310085333345,
      "f1_stderr": 0.008118278723182017,
      "main_score": 0.6997310020174848
    }
  }
}