{
  "dataset_revision": "31efe3c427b0bae9c22cbb560b8f15491cc6bed7",
  "mteb_dataset_name": "MassiveIntentClassification",
  "mteb_version": "1.1.1",
  "test": {
    "evaluation_time": 24.18,
    "pl": {
      "accuracy": 0.6662743779421654,
      "accuracy_stderr": 0.014916849215057136,
      "f1": 0.6459835324448062,
      "f1_stderr": 0.009448999574225974,
      "main_score": 0.6662743779421654
    }
  }
}