{
  "dataset_revision": null,
  "mteb_dataset_name": "MSMARCO-PL",
  "mteb_version": "1.1.1",
  "validation": {
    "evaluation_time": 8814.37,
    "map_at_1": 0.11603,
    "map_at_10": 0.20233,
    "map_at_100": 0.21486,
    "map_at_1000": 0.21566,
    "map_at_3": 0.17141,
    "map_at_5": 0.18858,
    "mrr_at_1": 0.11734,
    "mrr_at_10": 0.20403,
    "mrr_at_100": 0.21629,
    "mrr_at_1000": 0.21704,
    "mrr_at_3": 0.17359,
    "mrr_at_5": 0.19036,
    "ndcg_at_1": 0.11877,
    "ndcg_at_10": 0.25466,
    "ndcg_at_100": 0.31842,
    "ndcg_at_1000": 0.34019,
    "ndcg_at_3": 0.19078,
    "ndcg_at_5": 0.22167,
    "precision_at_1": 0.11877,
    "precision_at_10": 0.04358,
    "precision_at_100": 0.0076,
    "precision_at_1000": 0.00095,
    "precision_at_3": 0.08386,
    "precision_at_5": 0.06596,
    "recall_at_1": 0.11603,
    "recall_at_10": 0.4179,
    "recall_at_100": 0.72015,
    "recall_at_1000": 0.89088,
    "recall_at_3": 0.24299,
    "recall_at_5": 0.31747
  }
}