{
  "dataset_revision": null,
  "mteb_dataset_name": "NFCorpus-PL",
  "mteb_version": "1.1.1",
  "test": {
    "evaluation_time": 13.06,
    "map_at_1": 0.04794,
    "map_at_10": 0.10049,
    "map_at_100": 0.12343,
    "map_at_1000": 0.13483,
    "map_at_3": 0.07307,
    "map_at_5": 0.08692,
    "mrr_at_1": 0.40248,
    "mrr_at_10": 0.48188,
    "mrr_at_100": 0.48895,
    "mrr_at_1000": 0.48945,
    "mrr_at_3": 0.46233,
    "mrr_at_5": 0.47255,
    "ndcg_at_1": 0.38545,
    "ndcg_at_10": 0.28554,
    "ndcg_at_100": 0.25661,
    "ndcg_at_1000": 0.34339,
    "ndcg_at_3": 0.33927,
    "ndcg_at_5": 0.31733,
    "precision_at_1": 0.39628,
    "precision_at_10": 0.21053,
    "precision_at_100": 0.06368,
    "precision_at_1000": 0.01871,
    "precision_at_3": 0.31889,
    "precision_at_5": 0.27492,
    "recall_at_1": 0.04794,
    "recall_at_10": 0.13168,
    "recall_at_100": 0.26029,
    "recall_at_1000": 0.56858,
    "recall_at_3": 0.08173,
    "recall_at_5": 0.10447
  }
}