{
  "dataset_revision": null,
  "mteb_dataset_name": "NQ-PL",
  "mteb_version": "1.1.1",
  "test": {
    "evaluation_time": 3359.29,
    "map_at_1": 0.19527,
    "map_at_10": 0.31253,
    "map_at_100": 0.32477,
    "map_at_1000": 0.32539,
    "map_at_3": 0.27458,
    "map_at_5": 0.29559,
    "mrr_at_1": 0.21698,
    "mrr_at_10": 0.33292,
    "mrr_at_100": 0.34292,
    "mrr_at_1000": 0.3434,
    "mrr_at_3": 0.29881,
    "mrr_at_5": 0.31718,
    "ndcg_at_1": 0.21958,
    "ndcg_at_10": 0.37901,
    "ndcg_at_100": 0.4352,
    "ndcg_at_1000": 0.45091,
    "ndcg_at_3": 0.30479,
    "ndcg_at_5": 0.34043,
    "precision_at_1": 0.21958,
    "precision_at_10": 0.06634,
    "precision_at_100": 0.00983,
    "precision_at_1000": 0.00113,
    "precision_at_3": 0.14156,
    "precision_at_5": 0.10527,
    "recall_at_1": 0.19527,
    "recall_at_10": 0.56269,
    "recall_at_100": 0.81475,
    "recall_at_1000": 0.93325,
    "recall_at_3": 0.36653,
    "recall_at_5": 0.44921
  }
}