{
  "dataset_revision": null,
  "mteb_dataset_name": "PAC",
  "mteb_version": "1.1.1",
  "test": {
    "accuracy": 0.6626411815812338,
    "accuracy_stderr": 0.03797038697711652,
    "ap": 0.7629480160314369,
    "ap_stderr": 0.021550336228938125,
    "evaluation_time": 2.91,
    "f1": 0.6404838172836329,
    "f1_stderr": 0.036092255002321494,
    "main_score": 0.6626411815812338
  }
}