{
  "dataset_revision": null,
  "mteb_dataset_name": "PolEmo2.0-IN",
  "mteb_version": "1.1.1",
  "test": {
    "accuracy": 0.6351800554016621,
    "accuracy_stderr": 0.04866682051905131,
    "evaluation_time": 3.39,
    "f1": 0.648584233356017,
    "f1_stderr": 0.034204853746208165,
    "main_score": 0.6351800554016621
  }
}