{
  "dataset_revision": null,
  "mteb_dataset_name": "PolEmo2.0-OUT",
  "mteb_version": "1.1.1",
  "test": {
    "accuracy": 0.4469635627530364,
    "accuracy_stderr": 0.05368610349554907,
    "evaluation_time": 2.71,
    "f1": 0.36271007167480074,
    "f1_stderr": 0.04226450068604318,
    "main_score": 0.4469635627530364
  }
}