{
  "dataset_revision": null,
  "mteb_dataset_name": "PPC",
  "mteb_version": "1.1.1",
  "test": {
    "cos_sim": {
      "accuracy": 0.731,
      "accuracy_threshold": 0.9532223750730238,
      "ap": 0.8532697051833191,
      "f1": 0.7945205479452055,
      "f1_threshold": 0.9488580167291922,
      "precision": 0.7352112676056338,
      "recall": 0.8642384105960265
    },
    "dot": {
      "accuracy": 0.609,
      "accuracy_threshold": 338.0,
      "ap": 0.6768535493440043,
      "f1": 0.7526612398246713,
      "f1_threshold": 291.5,
      "precision": 0.6052366565961732,
      "recall": 0.9950331125827815
    },
    "euclidean": {
      "accuracy": 0.728,
      "accuracy_threshold": 5.476028530615642,
      "ap": 0.8576069693824427,
      "f1": 0.7925373134328358,
      "f1_threshold": 6.572632230589383,
      "precision": 0.7214673913043478,
      "recall": 0.8791390728476821
    },
    "evaluation_time": 1.15,
    "manhattan": {
      "accuracy": 0.731,
      "accuracy_threshold": 131.25130075216293,
      "ap": 0.8598453634063282,
      "f1": 0.7926549349655699,
      "f1_threshold": 136.0704642534256,
      "precision": 0.7368421052631579,
      "recall": 0.8576158940397351
    },
    "max": {
      "accuracy": 0.731,
      "ap": 0.8598453634063282,
      "f1": 0.7945205479452055
    }
  }
}