{
  "dataset_revision": null,
  "mteb_dataset_name": "PSC",
  "mteb_version": "1.1.1",
  "test": {
    "cos_sim": {
      "accuracy": 0.9730983302411874,
      "accuracy_threshold": 0.9359357366105595,
      "ap": 0.9845728032267743,
      "f1": 0.9553158705701078,
      "f1_threshold": 0.9359357366105595,
      "precision": 0.9657320872274143,
      "recall": 0.9451219512195121
    },
    "dot": {
      "accuracy": 0.937847866419295,
      "accuracy_threshold": 442.0,
      "ap": 0.958973557218648,
      "f1": 0.8985074626865672,
      "f1_threshold": 441.0,
      "precision": 0.8801169590643275,
      "recall": 0.9176829268292683
    },
    "euclidean": {
      "accuracy": 0.974025974025974,
      "accuracy_threshold": 8.06010239273031,
      "ap": 0.9854560081604075,
      "f1": 0.9573170731707317,
      "f1_threshold": 8.06010239273031,
      "precision": 0.9573170731707317,
      "recall": 0.9573170731707317
    },
    "evaluation_time": 1.53,
    "manhattan": {
      "accuracy": 0.9749536178107606,
      "accuracy_threshold": 175.611726552248,
      "ap": 0.9859568267715484,
      "f1": 0.9590288315629742,
      "f1_threshold": 175.611726552248,
      "precision": 0.9546827794561934,
      "recall": 0.9634146341463414
    },
    "max": {
      "accuracy": 0.9749536178107606,
      "ap": 0.9859568267715484,
      "f1": 0.9590288315629742
    }
  }
}