{
  "dataset_revision": null,
  "mteb_dataset_name": "Quora-PL",
  "mteb_version": "1.1.1",
  "test": {
    "evaluation_time": 203.92,
    "map_at_1": 0.59379,
    "map_at_10": 0.72959,
    "map_at_100": 0.73802,
    "map_at_1000": 0.73835,
    "map_at_3": 0.69719,
    "map_at_5": 0.71699,
    "mrr_at_1": 0.682,
    "mrr_at_10": 0.76617,
    "mrr_at_100": 0.769,
    "mrr_at_1000": 0.76907,
    "mrr_at_3": 0.74938,
    "mrr_at_5": 0.75989,
    "ndcg_at_1": 0.6827,
    "ndcg_at_10": 0.7798,
    "ndcg_at_100": 0.80299,
    "ndcg_at_1000": 0.80686,
    "ndcg_at_3": 0.73867,
    "ndcg_at_5": 0.76044,
    "precision_at_1": 0.6827,
    "precision_at_10": 0.12113,
    "precision_at_100": 0.01467,
    "precision_at_1000": 0.00155,
    "precision_at_3": 0.32507,
    "precision_at_5": 0.21734,
    "recall_at_1": 0.59379,
    "recall_at_10": 0.88435,
    "recall_at_100": 0.97231,
    "recall_at_1000": 0.99515,
    "recall_at_3": 0.76977,
    "recall_at_5": 0.82759
  }
}