{
  "dataset_revision": "4755de8baebc07bed0c60cec9f796e9a346600cb",
  "mteb_dataset_name": "SciDefRetrieval",
  "mteb_version": "1.7.49",
  "test": {
    "evaluation_time": 2.05,
    "map_at_1": 0.67599,
    "map_at_10": 0.75537,
    "map_at_100": 0.75827,
    "map_at_1000": 0.75839,
    "map_at_20": 0.75691,
    "map_at_3": 0.73981,
    "map_at_5": 0.75005,
    "mrr_at_1": 0.6701,
    "mrr_at_10": 0.75211,
    "mrr_at_100": 0.755,
    "mrr_at_1000": 0.75512,
    "mrr_at_20": 0.75357,
    "mrr_at_3": 0.73711,
    "mrr_at_5": 0.74713,
    "ndcg_at_1": 0.67599,
    "ndcg_at_10": 0.79162,
    "ndcg_at_100": 0.80659,
    "ndcg_at_1000": 0.80964,
    "ndcg_at_20": 0.79696,
    "ndcg_at_3": 0.76015,
    "ndcg_at_5": 0.77847,
    "precision_at_1": 0.67599,
    "precision_at_10": 0.09043,
    "precision_at_100": 0.00976,
    "precision_at_1000": 0.001,
    "precision_at_20": 0.04624,
    "precision_at_3": 0.27295,
    "precision_at_5": 0.17261,
    "recall_at_1": 0.67599,
    "recall_at_10": 0.90427,
    "recall_at_100": 0.97644,
    "recall_at_1000": 1.0,
    "recall_at_20": 0.92489,
    "recall_at_3": 0.81885,
    "recall_at_5": 0.86303
  }
}