{
  "dataset_revision": null,
  "mteb_dataset_name": "SCIDOCS-PL",
  "mteb_version": "1.1.1",
  "test": {
    "evaluation_time": 71.19,
    "map_at_1": 0.02618,
    "map_at_10": 0.06071,
    "map_at_100": 0.07207,
    "map_at_1000": 0.07418,
    "map_at_3": 0.04589,
    "map_at_5": 0.05228,
    "mrr_at_1": 0.131,
    "mrr_at_10": 0.2013,
    "mrr_at_100": 0.21243,
    "mrr_at_1000": 0.21334,
    "mrr_at_3": 0.175,
    "mrr_at_5": 0.1898,
    "ndcg_at_1": 0.129,
    "ndcg_at_10": 0.10899,
    "ndcg_at_100": 0.163,
    "ndcg_at_1000": 0.20905,
    "ndcg_at_3": 0.10484,
    "ndcg_at_5": 0.08904,
    "precision_at_1": 0.129,
    "precision_at_10": 0.0563,
    "precision_at_100": 0.01349,
    "precision_at_1000": 0.00246,
    "precision_at_3": 0.098,
    "precision_at_5": 0.0766,
    "recall_at_1": 0.02618,
    "recall_at_10": 0.11418,
    "recall_at_100": 0.2738,
    "recall_at_1000": 0.50062,
    "recall_at_3": 0.05968,
    "recall_at_5": 0.07778
  }
}