{
  "dataset_revision": null,
  "mteb_dataset_name": "SciFact-PL",
  "mteb_version": "1.1.1",
  "test": {
    "evaluation_time": 17.86,
    "map_at_1": 0.41444,
    "map_at_10": 0.49473,
    "map_at_100": 0.50385,
    "map_at_1000": 0.50427,
    "map_at_3": 0.46319,
    "map_at_5": 0.48088,
    "mrr_at_1": 0.42667,
    "mrr_at_10": 0.51266,
    "mrr_at_100": 0.52008,
    "mrr_at_1000": 0.52036,
    "mrr_at_3": 0.49056,
    "mrr_at_5": 0.50306,
    "ndcg_at_1": 0.43667,
    "ndcg_at_10": 0.54445,
    "ndcg_at_100": 0.58614,
    "ndcg_at_1000": 0.59691,
    "ndcg_at_3": 0.48647,
    "ndcg_at_5": 0.51583,
    "precision_at_1": 0.43667,
    "precision_at_10": 0.076,
    "precision_at_100": 0.00987,
    "precision_at_1000": 0.00108,
    "precision_at_3": 0.18778,
    "precision_at_5": 0.13,
    "recall_at_1": 0.41444,
    "recall_at_10": 0.67817,
    "recall_at_100": 0.86978,
    "recall_at_1000": 0.95433,
    "recall_at_3": 0.52606,
    "recall_at_5": 0.59711
  }
}