{
  "dataset_revision": null,
  "mteb_dataset_name": "SICK-R-PL",
  "mteb_version": "1.1.1",
  "test": {
    "cos_sim": {
      "pearson": 0.7523573089262297,
      "spearman": 0.6726208784652183
    },
    "euclidean": {
      "pearson": 0.7202335177763028,
      "spearman": 0.6743807891398391
    },
    "evaluation_time": 2.94,
    "manhattan": {
      "pearson": 0.7227728300023106,
      "spearman": 0.6754733694233548
    }
  }
}