{
  "dataset_revision": null,
  "mteb_dataset_name": "SICK-E-PL",
  "mteb_version": "1.1.1",
  "test": {
    "cos_sim": {
      "accuracy": 0.763962494904199,
      "accuracy_threshold": 0.9792455539599054,
      "ap": 0.581850558957331,
      "f1": 0.5922034835499033,
      "f1_threshold": 0.9450014694826501,
      "precision": 0.4839584274740172,
      "recall": 0.7628205128205128
    },
    "dot": {
      "accuracy": 0.7280880554423156,
      "accuracy_threshold": 433.75,
      "ap": 0.4712278461226262,
      "f1": 0.5193548387096774,
      "f1_threshold": 387.5,
      "precision": 0.38385558583106266,
      "recall": 0.8027065527065527
    },
    "euclidean": {
      "accuracy": 0.764166326946596,
      "accuracy_threshold": 4.241856695581928,
      "ap": 0.5844960187846278,
      "f1": 0.5952712100139083,
      "f1_threshold": 6.770253313987517,
      "precision": 0.48836147877681424,
      "recall": 0.7621082621082621
    },
    "evaluation_time": 2.41,
    "manhattan": {
      "accuracy": 0.7662046473705667,
      "accuracy_threshold": 92.58857917785645,
      "ap": 0.5853552987260845,
      "f1": 0.59572103362045,
      "f1_threshold": 147.39080226421356,
      "precision": 0.48838268792710704,
      "recall": 0.7635327635327636
    },
    "max": {
      "accuracy": 0.7662046473705667,
      "ap": 0.5853552987260845,
      "f1": 0.59572103362045
    }
  }
}