{
  "dataset_revision": "6d1ba47164174a496b7fa5d3569dae26a6813b80",
  "mteb_dataset_name": "STS22",
  "mteb_version": "1.1.1",
  "test": {
    "evaluation_time": 1.81,
    "pl": {
      "cos_sim": {
        "pearson": 0.3224908021622728,
        "spearman": 0.38692912471944874
      },
      "euclidean": {
        "pearson": 0.27009672123231543,
        "spearman": 0.3887340666083966
      },
      "manhattan": {
        "pearson": 0.2830658184065024,
        "spearman": 0.39518085032194933
      }
    }
  }
}