{
  "dataset_revision": null,
  "mteb_dataset_name": "TRECCOVID-PL",
  "mteb_version": "1.1.1",
  "test": {
    "evaluation_time": 449.86,
    "map_at_1": 0.00172,
    "map_at_10": 0.00992,
    "map_at_100": 0.05417,
    "map_at_1000": 0.13347,
    "map_at_3": 0.00387,
    "map_at_5": 0.00584,
    "mrr_at_1": 0.64,
    "mrr_at_10": 0.72338,
    "mrr_at_100": 0.7273,
    "mrr_at_1000": 0.7273,
    "mrr_at_3": 0.7,
    "mrr_at_5": 0.709,
    "ndcg_at_1": 0.57,
    "ndcg_at_10": 0.46977,
    "ndcg_at_100": 0.36889,
    "ndcg_at_1000": 0.3489,
    "ndcg_at_3": 0.50346,
    "ndcg_at_5": 0.48703,
    "precision_at_1": 0.64,
    "precision_at_10": 0.498,
    "precision_at_100": 0.3824,
    "precision_at_1000": 0.16018,
    "precision_at_3": 0.54,
    "precision_at_5": 0.52,
    "recall_at_1": 0.00172,
    "recall_at_10": 0.0126,
    "recall_at_100": 0.08888,
    "recall_at_1000": 0.33491,
    "recall_at_3": 0.00411,
    "recall_at_5": 0.00681
  }
}