{
  "dataset_revision": null,
  "mteb_dataset_name": "AllegroReviews",
  "mteb_version": "1.1.1",
  "test": {
    "accuracy": 0.3768389662027833,
    "accuracy_stderr": 0.031704755399251175,
    "evaluation_time": 6.81,
    "f1": 0.3419193027014284,
    "f1_stderr": 0.023950926668592925,
    "main_score": 0.3768389662027833
  }
}