{
  "dataset_revision": null,
  "mteb_dataset_name": "ArguAna-PL",
  "mteb_version": "1.1.1",
  "test": {
    "evaluation_time": 71.43,
    "map_at_1": 0.38407,
    "map_at_10": 0.55147,
    "map_at_100": 0.55757,
    "map_at_1000": 0.55761,
    "map_at_3": 0.51268,
    "map_at_5": 0.53697,
    "mrr_at_1": 0.40043,
    "mrr_at_10": 0.55841,
    "mrr_at_100": 0.56459,
    "mrr_at_1000": 0.56463,
    "mrr_at_3": 0.52074,
    "mrr_at_5": 0.54365,
    "ndcg_at_1": 0.38407,
    "ndcg_at_10": 0.63248,
    "ndcg_at_100": 0.65717,
    "ndcg_at_1000": 0.6579,
    "ndcg_at_3": 0.55404,
    "ndcg_at_5": 0.5976,
    "precision_at_1": 0.38407,
    "precision_at_10": 0.08862,
    "precision_at_100": 0.00991,
    "precision_at_1000": 0.001,
    "precision_at_3": 0.22451,
    "precision_at_5": 0.15576,
    "recall_at_1": 0.38407,
    "recall_at_10": 0.8862,
    "recall_at_100": 0.99075,
    "recall_at_1000": 0.99573,
    "recall_at_3": 0.67354,
    "recall_at_5": 0.77881
  }
}