{
  "dataset_revision": null,
  "mteb_dataset_name": "CBD",
  "mteb_version": "1.1.1",
  "test": {
    "accuracy": 0.6615,
    "accuracy_stderr": 0.07817064666484473,
    "ap": 0.2169513674684204,
    "ap_stderr": 0.02739664782099978,
    "evaluation_time": 60.44,
    "f1": 0.5648142830893528,
    "f1_stderr": 0.05132663560829586,
    "main_score": 0.6615
  }
}