{
  "dataset_revision": null,
  "mteb_dataset_name": "CDSC-R",
  "mteb_version": "1.1.1",
  "test": {
    "cos_sim": {
      "pearson": 0.9373949495291659,
      "spearman": 0.9350397366192923
    },
    "euclidean": {
      "pearson": 0.9247498888987635,
      "spearman": 0.9339315936230747
    },
    "evaluation_time": 1.73,
    "manhattan": {
      "pearson": 0.9247250250777653,
      "spearman": 0.9336739690549108
    }
  }
}