{
  "dataset_revision": null,
  "mteb_dataset_name": "DBPedia-PL",
  "mteb_version": "1.1.1",
  "test": {
    "evaluation_time": 10840.37,
    "map_at_1": 0.08434,
    "map_at_10": 0.18424,
    "map_at_100": 0.26428,
    "map_at_1000": 0.28002,
    "map_at_3": 0.13502,
    "map_at_5": 0.15577,
    "mrr_at_1": 0.63,
    "mrr_at_10": 0.72714,
    "mrr_at_100": 0.73021,
    "mrr_at_1000": 0.73028,
    "mrr_at_3": 0.7075,
    "mrr_at_5": 0.723,
    "ndcg_at_1": 0.5275,
    "ndcg_at_10": 0.3984,
    "ndcg_at_100": 0.44989,
    "ndcg_at_1000": 0.52533,
    "ndcg_at_3": 0.45198,
    "ndcg_at_5": 0.42015,
    "precision_at_1": 0.63,
    "precision_at_10": 0.3105,
    "precision_at_100": 0.1026,
    "precision_at_1000": 0.01988,
    "precision_at_3": 0.4825,
    "precision_at_5": 0.4045,
    "recall_at_1": 0.08434,
    "recall_at_10": 0.24004,
    "recall_at_100": 0.51428,
    "recall_at_1000": 0.75712,
    "recall_at_3": 0.15015,
    "recall_at_5": 0.18283
  }
}