{
  "dataset_revision": null,
  "mteb_dataset_name": "FiQA-PL",
  "mteb_version": "1.1.1",
  "test": {
    "evaluation_time": 328.44,
    "map_at_1": 0.19088,
    "map_at_10": 0.31818,
    "map_at_100": 0.33689,
    "map_at_1000": 0.3386,
    "map_at_3": 0.27399,
    "map_at_5": 0.29945,
    "mrr_at_1": 0.38117,
    "mrr_at_10": 0.47668,
    "mrr_at_100": 0.48428,
    "mrr_at_1000": 0.48475,
    "mrr_at_3": 0.45242,
    "mrr_at_5": 0.46716,
    "ndcg_at_1": 0.38272,
    "ndcg_at_10": 0.39903,
    "ndcg_at_100": 0.46661,
    "ndcg_at_1000": 0.49625,
    "ndcg_at_3": 0.35921,
    "ndcg_at_5": 0.37558,
    "precision_at_1": 0.38272,
    "precision_at_10": 0.11358,
    "precision_at_100": 0.01819,
    "precision_at_1000": 0.00235,
    "precision_at_3": 0.24434,
    "precision_at_5": 0.18395,
    "recall_at_1": 0.19088,
    "recall_at_10": 0.47356,
    "recall_at_100": 0.72451,
    "recall_at_1000": 0.90257,
    "recall_at_3": 0.32931,
    "recall_at_5": 0.39878
  }
}