{
  "dataset_revision": null,
  "mteb_dataset_name": "HotpotQA-PL",
  "mteb_version": "1.1.1",
  "test": {
    "evaluation_time": 11788.7,
    "map_at_1": 0.39095,
    "map_at_10": 0.62529,
    "map_at_100": 0.63425,
    "map_at_1000": 0.63483,
    "map_at_3": 0.58887,
    "map_at_5": 0.61186,
    "mrr_at_1": 0.78123,
    "mrr_at_10": 0.84231,
    "mrr_at_100": 0.84408,
    "mrr_at_1000": 0.84414,
    "mrr_at_3": 0.83286,
    "mrr_at_5": 0.8394,
    "ndcg_at_1": 0.7819,
    "ndcg_at_10": 0.70938,
    "ndcg_at_100": 0.73992,
    "ndcg_at_1000": 0.751,
    "ndcg_at_3": 0.65863,
    "ndcg_at_5": 0.68755,
    "precision_at_1": 0.7819,
    "precision_at_10": 0.14949,
    "precision_at_100": 0.01733,
    "precision_at_1000": 0.00188,
    "precision_at_3": 0.42381,
    "precision_at_5": 0.27711,
    "recall_at_1": 0.39095,
    "recall_at_10": 0.74747,
    "recall_at_100": 0.86631,
    "recall_at_1000": 0.93923,
    "recall_at_3": 0.63572,
    "recall_at_5": 0.69278
  }
}