{
  "dataset_revision": "7d571f92784cd94a019292a1f45445077d0ef634",
  "mteb_dataset_name": "MassiveScenarioClassification",
  "mteb_version": "1.1.1",
  "test": {
    "evaluation_time": 17.77,
    "pl": {
      "accuracy": 0.7526899798251513,
      "accuracy_stderr": 0.017481797102271407,
      "f1": 0.7555876166863844,
      "f1_stderr": 0.01224470049466444,
      "main_score": 0.7526899798251513
    }
  }
}