{
  "dataset_revision": null,
  "mteb_dataset_name": "MSMARCO-PL",
  "mteb_version": "1.1.1",
  "validation": {
    "evaluation_time": 24892.65,
    "map_at_1": 0.1944,
    "map_at_10": 0.30264,
    "map_at_100": 0.31438,
    "map_at_1000": 0.31495,
    "map_at_3": 0.26735,
    "map_at_5": 0.28716,
    "mrr_at_1": 0.19914,
    "mrr_at_10": 0.30754,
    "mrr_at_100": 0.31877,
    "mrr_at_1000": 0.31929,
    "mrr_at_3": 0.27299,
    "mrr_at_5": 0.29254,
    "ndcg_at_1": 0.20014,
    "ndcg_at_10": 0.36472,
    "ndcg_at_100": 0.42231,
    "ndcg_at_1000": 0.43744,
    "ndcg_at_3": 0.29268,
    "ndcg_at_5": 0.3279,
    "precision_at_1": 0.20014,
    "precision_at_10": 0.05814,
    "precision_at_100": 0.00871,
    "precision_at_1000": 0.001,
    "precision_at_3": 0.12426,
    "precision_at_5": 0.09238,
    "recall_at_1": 0.1944,
    "recall_at_10": 0.55535,
    "recall_at_100": 0.82444,
    "recall_at_1000": 0.94217,
    "recall_at_3": 0.35963,
    "recall_at_5": 0.44367
  }
}