{
  "dataset_revision": null,
  "mteb_dataset_name": "NFCorpus-PL",
  "mteb_version": "1.1.1",
  "test": {
    "evaluation_time": 38.11,
    "map_at_1": 0.05772,
    "map_at_10": 0.12708,
    "map_at_100": 0.16194,
    "map_at_1000": 0.1763,
    "map_at_3": 0.0934,
    "map_at_5": 0.10741,
    "mrr_at_1": 0.43344,
    "mrr_at_10": 0.53429,
    "mrr_at_100": 0.53887,
    "mrr_at_1000": 0.53925,
    "mrr_at_3": 0.51342,
    "mrr_at_5": 0.52456,
    "ndcg_at_1": 0.41641,
    "ndcg_at_10": 0.34028,
    "ndcg_at_100": 0.31613,
    "ndcg_at_1000": 0.40428,
    "ndcg_at_3": 0.38991,
    "ndcg_at_5": 0.36704,
    "precision_at_1": 0.43034,
    "precision_at_10": 0.25325,
    "precision_at_100": 0.07889,
    "precision_at_1000": 0.02069,
    "precision_at_3": 0.36739,
    "precision_at_5": 0.32074,
    "recall_at_1": 0.05772,
    "recall_at_10": 0.16827,
    "recall_at_100": 0.32346,
    "recall_at_1000": 0.62739,
    "recall_at_3": 0.1056,
    "recall_at_5": 0.12655
  }
}