{
  "dataset_revision": null,
  "mteb_dataset_name": "NQ-PL",
  "mteb_version": "1.1.1",
  "test": {
    "evaluation_time": 9956.18,
    "map_at_1": 0.26101,
    "map_at_10": 0.39912,
    "map_at_100": 0.41037,
    "map_at_1000": 0.41077,
    "map_at_3": 0.35691,
    "map_at_5": 0.38155,
    "mrr_at_1": 0.29403,
    "mrr_at_10": 0.42377,
    "mrr_at_100": 0.43249,
    "mrr_at_1000": 0.43277,
    "mrr_at_3": 0.38794,
    "mrr_at_5": 0.40933,
    "ndcg_at_1": 0.29519,
    "ndcg_at_10": 0.4733,
    "ndcg_at_100": 0.52171,
    "ndcg_at_1000": 0.53125,
    "ndcg_at_3": 0.39316,
    "ndcg_at_5": 0.43457,
    "precision_at_1": 0.29519,
    "precision_at_10": 0.0803,
    "precision_at_100": 0.01075,
    "precision_at_1000": 0.00117,
    "precision_at_3": 0.18009,
    "precision_at_5": 0.13221,
    "recall_at_1": 0.26101,
    "recall_at_10": 0.67504,
    "recall_at_100": 0.88647,
    "recall_at_1000": 0.95771,
    "recall_at_3": 0.46669,
    "recall_at_5": 0.5624
  }
}