{
  "dataset_revision": null,
  "mteb_dataset_name": "PAC",
  "mteb_version": "1.1.1",
  "test": {
    "accuracy": 0.6376773819866782,
    "accuracy_stderr": 0.04304666547893247,
    "ap": 0.7487896817642535,
    "ap_stderr": 0.027666035544251157,
    "evaluation_time": 5.98,
    "f1": 0.6142050609272143,
    "f1_stderr": 0.045565924406132136,
    "main_score": 0.6376773819866782
  }
}