{
  "dataset_revision": null,
  "mteb_dataset_name": "PolEmo2.0-OUT",
  "mteb_version": "1.1.1",
  "test": {
    "accuracy": 0.4313765182186235,
    "accuracy_stderr": 0.04867105716747011,
    "evaluation_time": 6.58,
    "f1": 0.3615557441785656,
    "f1_stderr": 0.02824594986429394,
    "main_score": 0.4313765182186235
  }
}