{
  "dataset_revision": null,
  "mteb_dataset_name": "PolEmo2.0-IN",
  "mteb_version": "1.1.1",
  "test": {
    "accuracy": 0.6945983379501385,
    "accuracy_stderr": 0.03314997926890004,
    "evaluation_time": 8.28,
    "f1": 0.6860917948426785,
    "f1_stderr": 0.01620319401773011,
    "main_score": 0.6945983379501385
  }
}