{
  "dataset_revision": null,
  "mteb_dataset_name": "PSC",
  "mteb_version": "1.1.1",
  "test": {
    "cos_sim": {
      "accuracy": 0.9805194805194806,
      "accuracy_threshold": 0.864552819896719,
      "ap": 0.9952709687103496,
      "f1": 0.9683257918552036,
      "f1_threshold": 0.863822017313316,
      "precision": 0.9582089552238806,
      "recall": 0.9786585365853658
    },
    "dot": {
      "accuracy": 0.9230055658627088,
      "accuracy_threshold": 251.5,
      "ap": 0.9412759311032354,
      "f1": 0.8700906344410877,
      "f1_threshold": 245.75,
      "precision": 0.8622754491017964,
      "recall": 0.8780487804878049
    },
    "euclidean": {
      "accuracy": 0.9805194805194806,
      "accuracy_threshold": 8.597055945368075,
      "ap": 0.9949402675624125,
      "f1": 0.968133535660091,
      "f1_threshold": 8.71081043638043,
      "precision": 0.9637462235649547,
      "recall": 0.9725609756097561
    },
    "evaluation_time": 3.63,
    "manhattan": {
      "accuracy": 0.9805194805194806,
      "accuracy_threshold": 220.60047137737274,
      "ap": 0.9950120505935962,
      "f1": 0.968133535660091,
      "f1_threshold": 222.0901624560356,
      "precision": 0.9637462235649547,
      "recall": 0.9725609756097561
    },
    "max": {
      "accuracy": 0.9805194805194806,
      "ap": 0.9952709687103496,
      "f1": 0.9683257918552036
    }
  }
}