{
  "dataset_revision": null,
  "mteb_dataset_name": "Quora-PL",
  "mteb_version": "1.1.1",
  "test": {
    "evaluation_time": 399.44,
    "map_at_1": 0.67448,
    "map_at_10": 0.81566,
    "map_at_100": 0.82284,
    "map_at_1000": 0.82301,
    "map_at_3": 0.78425,
    "map_at_5": 0.80434,
    "mrr_at_1": 0.7761,
    "mrr_at_10": 0.84467,
    "mrr_at_100": 0.84632,
    "mrr_at_1000": 0.84634,
    "mrr_at_3": 0.83288,
    "mrr_at_5": 0.84095,
    "ndcg_at_1": 0.7766,
    "ndcg_at_10": 0.85632,
    "ndcg_at_100": 0.87166,
    "ndcg_at_1000": 0.87306,
    "ndcg_at_3": 0.82323,
    "ndcg_at_5": 0.8422,
    "precision_at_1": 0.7766,
    "precision_at_10": 0.13136,
    "precision_at_100": 0.01522,
    "precision_at_1000": 0.00156,
    "precision_at_3": 0.36153,
    "precision_at_5": 0.23982,
    "recall_at_1": 0.67448,
    "recall_at_10": 0.93832,
    "recall_at_100": 0.99212,
    "recall_at_1000": 0.9994,
    "recall_at_3": 0.84539,
    "recall_at_5": 0.8971
  }
}