{
  "dataset_revision": "4755de8baebc07bed0c60cec9f796e9a346600cb",
  "mteb_dataset_name": "SciDefRetrieval",
  "mteb_version": "1.7.49",
  "test": {
    "evaluation_time": 3.41,
    "map_at_1": 0.67452,
    "map_at_10": 0.75481,
    "map_at_100": 0.75815,
    "map_at_1000": 0.75829,
    "map_at_20": 0.75691,
    "map_at_3": 0.74325,
    "map_at_5": 0.74833,
    "mrr_at_1": 0.67747,
    "mrr_at_10": 0.7565,
    "mrr_at_100": 0.75982,
    "mrr_at_1000": 0.75996,
    "mrr_at_20": 0.75859,
    "mrr_at_3": 0.74472,
    "mrr_at_5": 0.75032,
    "ndcg_at_1": 0.67452,
    "ndcg_at_10": 0.78989,
    "ndcg_at_100": 0.80626,
    "ndcg_at_1000": 0.80958,
    "ndcg_at_20": 0.79766,
    "ndcg_at_3": 0.76534,
    "ndcg_at_5": 0.77447,
    "precision_at_1": 0.67452,
    "precision_at_10": 0.08984,
    "precision_at_100": 0.00975,
    "precision_at_1000": 0.001,
    "precision_at_20": 0.04647,
    "precision_at_3": 0.27639,
    "precision_at_5": 0.17025,
    "recall_at_1": 0.67452,
    "recall_at_10": 0.89838,
    "recall_at_100": 0.97496,
    "recall_at_1000": 1.0,
    "recall_at_20": 0.92931,
    "recall_at_3": 0.82916,
    "recall_at_5": 0.85125
  }
}