{
  "dataset_revision": null,
  "mteb_dataset_name": "SCIDOCS-PL",
  "mteb_version": "1.1.1",
  "test": {
    "evaluation_time": 218.15,
    "map_at_1": 0.04393,
    "map_at_10": 0.11472,
    "map_at_100": 0.13585,
    "map_at_1000": 0.13918,
    "map_at_3": 0.08212,
    "map_at_5": 0.09864,
    "mrr_at_1": 0.217,
    "mrr_at_10": 0.32268,
    "mrr_at_100": 0.33495,
    "mrr_at_1000": 0.33548,
    "mrr_at_3": 0.2915,
    "mrr_at_5": 0.3091,
    "ndcg_at_1": 0.216,
    "ndcg_at_10": 0.19126,
    "ndcg_at_100": 0.27496,
    "ndcg_at_1000": 0.33274,
    "ndcg_at_3": 0.18196,
    "ndcg_at_5": 0.15945,
    "precision_at_1": 0.216,
    "precision_at_10": 0.0994,
    "precision_at_100": 0.022,
    "precision_at_1000": 0.00359,
    "precision_at_3": 0.172,
    "precision_at_5": 0.1412,
    "recall_at_1": 0.04393,
    "recall_at_10": 0.20167,
    "recall_at_100": 0.44678,
    "recall_at_1000": 0.72868,
    "recall_at_3": 0.10473,
    "recall_at_5": 0.14313
  }
}