{
  "dataset_revision": null,
  "mteb_dataset_name": "SciFact-PL",
  "mteb_version": "1.1.1",
  "test": {
    "evaluation_time": 54.26,
    "map_at_1": 0.57261,
    "map_at_10": 0.66924,
    "map_at_100": 0.67443,
    "map_at_1000": 0.67478,
    "map_at_3": 0.64859,
    "map_at_5": 0.65719,
    "mrr_at_1": 0.60333,
    "mrr_at_10": 0.67954,
    "mrr_at_100": 0.6842,
    "mrr_at_1000": 0.6845,
    "mrr_at_3": 0.66444,
    "mrr_at_5": 0.67128,
    "ndcg_at_1": 0.60333,
    "ndcg_at_10": 0.71209,
    "ndcg_at_100": 0.7337,
    "ndcg_at_1000": 0.74287,
    "ndcg_at_3": 0.67668,
    "ndcg_at_5": 0.68644,
    "precision_at_1": 0.60333,
    "precision_at_10": 0.09467,
    "precision_at_100": 0.01053,
    "precision_at_1000": 0.00113,
    "precision_at_3": 0.26778,
    "precision_at_5": 0.16933,
    "recall_at_1": 0.57261,
    "recall_at_10": 0.83256,
    "recall_at_100": 0.92767,
    "recall_at_1000": 1.0,
    "recall_at_3": 0.72933,
    "recall_at_5": 0.75744
  }
}