{
  "dataset_revision": null,
  "mteb_dataset_name": "SICK-E-PL",
  "mteb_version": "1.1.1",
  "test": {
    "cos_sim": {
      "accuracy": 0.8265389319200979,
      "accuracy_threshold": 0.9720789238506782,
      "ap": 0.7613749398520013,
      "f1": 0.6664355062413314,
      "f1_threshold": 0.9549441596082655,
      "precision": 0.6493243243243243,
      "recall": 0.6844729344729344
    },
    "dot": {
      "accuracy": 0.760905014268243,
      "accuracy_threshold": 277.5,
      "ap": 0.580589685833825,
      "f1": 0.6118108032465714,
      "f1_threshold": 266.25,
      "precision": 0.503918856615952,
      "recall": 0.7784900284900285
    },
    "euclidean": {
      "accuracy": 0.8261312678353037,
      "accuracy_threshold": 4.101210111773314,
      "ap": 0.7610290283033221,
      "f1": 0.6650782845473111,
      "f1_threshold": 5.165840475945615,
      "precision": 0.636897001303781,
      "recall": 0.6958689458689459
    },
    "evaluation_time": 4.13,
    "manhattan": {
      "accuracy": 0.8267427639624949,
      "accuracy_threshold": 106.9256286919117,
      "ap": 0.7612712309700966,
      "f1": 0.6659700452803902,
      "f1_threshold": 129.23064029216766,
      "precision": 0.6516700749829584,
      "recall": 0.6809116809116809
    },
    "max": {
      "accuracy": 0.8267427639624949,
      "ap": 0.7613749398520013,
      "f1": 0.6664355062413314
    }
  }
}