{
  "dataset_revision": "93d57ef91790589e3ce9c365164337a8a78b7632",
  "mteb_dataset_name": "STSBenchmarkMultilingualSTS",
  "mteb_version": "1.7.49",
  "test": {
    "evaluation_time": 1.72,
    "pl": {
      "cos_sim": {
        "pearson": 0.822850144808689,
        "spearman": 0.8361328363934329
      },
      "euclidean": {
        "pearson": 0.8260363507532347,
        "spearman": 0.8342276221521889
      },
      "manhattan": {
        "pearson": 0.8259131621079696,
        "spearman": 0.8339567220003699
      }
    }
  }
}