{
  "dataset_revision": null,
  "mteb_dataset_name": "TRECCOVID-PL",
  "mteb_version": "1.1.1",
  "test": {
    "evaluation_time": 1330.8,
    "map_at_1": 0.0022,
    "map_at_10": 0.01693,
    "map_at_100": 0.09281,
    "map_at_1000": 0.21463,
    "map_at_3": 0.00609,
    "map_at_5": 0.00957,
    "mrr_at_1": 0.8,
    "mrr_at_10": 0.88733,
    "mrr_at_100": 0.88733,
    "mrr_at_1000": 0.88733,
    "mrr_at_3": 0.88333,
    "mrr_at_5": 0.88733,
    "ndcg_at_1": 0.79,
    "ndcg_at_10": 0.71177,
    "ndcg_at_100": 0.52479,
    "ndcg_at_1000": 0.45333,
    "ndcg_at_3": 0.7748,
    "ndcg_at_5": 0.76137,
    "precision_at_1": 0.82,
    "precision_at_10": 0.74,
    "precision_at_100": 0.5368,
    "precision_at_1000": 0.19954,
    "precision_at_3": 0.80667,
    "precision_at_5": 0.808,
    "recall_at_1": 0.0022,
    "recall_at_10": 0.01934,
    "recall_at_100": 0.12728,
    "recall_at_1000": 0.41869,
    "recall_at_3": 0.00637,
    "recall_at_5": 0.01042
  }
}