{
  "dataset_revision": null,
  "mteb_dataset_name": "AllegroReviews",
  "mteb_version": "1.1.1",
  "test": {
    "accuracy": 0.374155069582505,
    "accuracy_stderr": 0.03832700878267948,
    "evaluation_time": 2.19,
    "f1": 0.32714794623550836,
    "f1_stderr": 0.026080079131712283,
    "main_score": 0.374155069582505
  }
}