{
  "dataset_revision": null,
  "mteb_dataset_name": "ArguAna-PL",
  "mteb_version": "1.1.1",
  "test": {
    "evaluation_time": 13.93,
    "map_at_1": 0.18492,
    "map_at_10": 0.30271,
    "map_at_100": 0.31574,
    "map_at_1000": 0.31619,
    "map_at_3": 0.25984,
    "map_at_5": 0.28274,
    "mrr_at_1": 0.19417,
    "mrr_at_10": 0.30599,
    "mrr_at_100": 0.31901,
    "mrr_at_1000": 0.31948,
    "mrr_at_3": 0.26316,
    "mrr_at_5": 0.28613,
    "ndcg_at_1": 0.18492,
    "ndcg_at_10": 0.37432,
    "ndcg_at_100": 0.43511,
    "ndcg_at_1000": 0.44661,
    "ndcg_at_3": 0.28442,
    "ndcg_at_5": 0.32556,
    "precision_at_1": 0.18492,
    "precision_at_10": 0.06067,
    "precision_at_100": 0.00885,
    "precision_at_1000": 0.00098,
    "precision_at_3": 0.11854,
    "precision_at_5": 0.09104,
    "recall_at_1": 0.18492,
    "recall_at_10": 0.60669,
    "recall_at_100": 0.88549,
    "recall_at_1000": 0.97511,
    "recall_at_3": 0.35562,
    "recall_at_5": 0.45519
  }
}