{
  "dataset_revision": null,
  "mteb_dataset_name": "CBD",
  "mteb_version": "1.1.1",
  "test": {
    "accuracy": 0.6325000000000001,
    "accuracy_stderr": 0.07611208839599659,
    "ap": 0.18387114702021598,
    "ap_stderr": 0.02017010043601525,
    "evaluation_time": 7.6,
    "f1": 0.5281581219871833,
    "f1_stderr": 0.043816748847420914,
    "main_score": 0.6325000000000001
  }
}