{
  "dataset_revision": null,
  "mteb_dataset_name": "CDSC-E",
  "mteb_version": "1.1.1",
  "test": {
    "cos_sim": {
      "accuracy": 0.883,
      "accuracy_threshold": 0.9824150800704956,
      "ap": 0.6969579761729968,
      "f1": 0.6220930232558138,
      "f1_threshold": 0.9705289602279663,
      "precision": 0.6948051948051948,
      "recall": 0.5631578947368421
    },
    "dot": {
      "accuracy": 0.883,
      "accuracy_threshold": 0.9824150800704956,
      "ap": 0.6969753067334404,
      "f1": 0.6220930232558138,
      "f1_threshold": 0.9705289602279663,
      "precision": 0.6948051948051948,
      "recall": 0.5631578947368421
    },
    "euclidean": {
      "accuracy": 0.883,
      "accuracy_threshold": 0.1875336468219757,
      "ap": 0.6969579761729968,
      "f1": 0.6220930232558138,
      "f1_threshold": 0.24277803301811218,
      "precision": 0.6948051948051948,
      "recall": 0.5631578947368421
    },
    "evaluation_time": 0.69,
    "manhattan": {
      "accuracy": 0.883,
      "accuracy_threshold": 2.9340803623199463,
      "ap": 0.6984044173269883,
      "f1": 0.6239067055393586,
      "f1_threshold": 3.7745063304901123,
      "precision": 0.6993464052287581,
      "recall": 0.5631578947368421
    },
    "max": {
      "accuracy": 0.883,
      "ap": 0.6984044173269883,
      "f1": 0.6239067055393586
    }
  }
}