{
  "dataset_revision": null,
  "mteb_dataset_name": "CDSC-R",
  "mteb_version": "1.1.1",
  "test": {
    "cos_sim": {
      "pearson": 0.9027321933452427,
      "spearman": 0.9027183814234268
    },
    "euclidean": {
      "pearson": 0.8829695078817117,
      "spearman": 0.9027188531841086
    },
    "evaluation_time": 0.81,
    "manhattan": {
      "pearson": 0.8830776968798161,
      "spearman": 0.9026048124963759
    }
  }
}