{
  "dataset_revision": null,
  "mteb_dataset_name": "DBPedia-PL",
  "mteb_version": "1.1.1",
  "test": {
    "evaluation_time": 1726.42,
    "map_at_1": 0.06498,
    "map_at_10": 0.13277,
    "map_at_100": 0.17685,
    "map_at_1000": 0.18698,
    "map_at_3": 0.10102,
    "map_at_5": 0.11496,
    "mrr_at_1": 0.485,
    "mrr_at_10": 0.58362,
    "mrr_at_100": 0.58851,
    "mrr_at_1000": 0.58878,
    "mrr_at_3": 0.55917,
    "mrr_at_5": 0.57704,
    "ndcg_at_1": 0.39125,
    "ndcg_at_10": 0.29272,
    "ndcg_at_100": 0.3195,
    "ndcg_at_1000": 0.38449,
    "ndcg_at_3": 0.33383,
    "ndcg_at_5": 0.31538,
    "precision_at_1": 0.485,
    "precision_at_10": 0.229,
    "precision_at_100": 0.06835,
    "precision_at_1000": 0.0137,
    "precision_at_3": 0.36083,
    "precision_at_5": 0.3065,
    "recall_at_1": 0.06498,
    "recall_at_10": 0.17793,
    "recall_at_100": 0.35776,
    "recall_at_1000": 0.57372,
    "recall_at_3": 0.11469,
    "recall_at_5": 0.14047
  }
}