{
  "dataset_revision": null,
  "mteb_dataset_name": "FiQA-PL",
  "mteb_version": "1.1.1",
  "test": {
    "evaluation_time": 58.74,
    "map_at_1": 0.106,
    "map_at_10": 0.16833,
    "map_at_100": 0.18174,
    "map_at_1000": 0.18337,
    "map_at_3": 0.14785,
    "map_at_5": 0.1578,
    "mrr_at_1": 0.21451,
    "mrr_at_10": 0.28219,
    "mrr_at_100": 0.29237,
    "mrr_at_1000": 0.2931,
    "mrr_at_3": 0.26543,
    "mrr_at_5": 0.27307,
    "ndcg_at_1": 0.21451,
    "ndcg_at_10": 0.22034,
    "ndcg_at_100": 0.28275,
    "ndcg_at_1000": 0.31812,
    "ndcg_at_3": 0.19899,
    "ndcg_at_5": 0.20239,
    "precision_at_1": 0.21451,
    "precision_at_10": 0.06157,
    "precision_at_100": 0.01233,
    "precision_at_1000": 0.00184,
    "precision_at_3": 0.1322,
    "precision_at_5": 0.09444,
    "recall_at_1": 0.106,
    "recall_at_10": 0.26439,
    "recall_at_100": 0.51004,
    "recall_at_1000": 0.73071,
    "recall_at_3": 0.18355,
    "recall_at_5": 0.21258
  }
}