{
  "dataset_revision": null,
  "mteb_dataset_name": "HotpotQA-PL",
  "mteb_version": "1.1.1",
  "test": {
    "evaluation_time": 2358.98,
    "map_at_1": 0.35226,
    "map_at_10": 0.51295,
    "map_at_100": 0.52109,
    "map_at_1000": 0.52182,
    "map_at_3": 0.48546,
    "map_at_5": 0.50226,
    "mrr_at_1": 0.70452,
    "mrr_at_10": 0.76858,
    "mrr_at_100": 0.77142,
    "mrr_at_1000": 0.77157,
    "mrr_at_3": 0.75746,
    "mrr_at_5": 0.76411,
    "ndcg_at_1": 0.70452,
    "ndcg_at_10": 0.60153,
    "ndcg_at_100": 0.63156,
    "ndcg_at_1000": 0.64651,
    "ndcg_at_3": 0.56017,
    "ndcg_at_5": 0.58246,
    "precision_at_1": 0.70452,
    "precision_at_10": 0.124,
    "precision_at_100": 0.01475,
    "precision_at_1000": 0.00167,
    "precision_at_3": 0.35192,
    "precision_at_5": 0.22885,
    "recall_at_1": 0.35226,
    "recall_at_10": 0.61999,
    "recall_at_100": 0.73747,
    "recall_at_1000": 0.83673,
    "recall_at_3": 0.52789,
    "recall_at_5": 0.57211
  }
}