{
  "dataset_revision": "7d571f92784cd94a019292a1f45445077d0ef634",
  "mteb_dataset_name": "MassiveScenarioClassification",
  "mteb_version": "1.1.1",
  "test": {
    "evaluation_time": 2.88,
    "pl": {
      "accuracy": 0.642535305985205,
      "accuracy_stderr": 0.021846487986132198,
      "f1": 0.632500805483233,
      "f1_stderr": 0.01912291716098862,
      "main_score": 0.642535305985205
    }
  }
}