{
  "dataset_revision": "31efe3c427b0bae9c22cbb560b8f15491cc6bed7",
  "mteb_dataset_name": "MassiveIntentClassification",
  "mteb_version": "1.1.1",
  "test": {
    "evaluation_time": 16.02,
    "pl": {
      "accuracy": 0.5740416946872898,
      "accuracy_stderr": 0.016698877159388247,
      "f1": 0.5378743790119188,
      "f1_stderr": 0.011338045474933174,
      "main_score": 0.5740416946872898
    }
  }
}