{
  "dataset_revision": null,
  "mteb_dataset_name": "MSMARCO-PL",
  "mteb_version": "1.1.1",
  "validation": {
    "evaluation_time": 4622.3,
    "map_at_1": 0.13943,
    "map_at_10": 0.22159,
    "map_at_100": 0.23294,
    "map_at_1000": 0.23364,
    "map_at_3": 0.19493,
    "map_at_5": 0.21012,
    "mrr_at_1": 0.14355,
    "mrr_at_10": 0.22607,
    "mrr_at_100": 0.23711,
    "mrr_at_1000": 0.23778,
    "mrr_at_3": 0.19931,
    "mrr_at_5": 0.2146,
    "ndcg_at_1": 0.14355,
    "ndcg_at_10": 0.26945,
    "ndcg_at_100": 0.3268,
    "ndcg_at_1000": 0.34688,
    "ndcg_at_3": 0.21461,
    "ndcg_at_5": 0.24188,
    "precision_at_1": 0.14355,
    "precision_at_10": 0.04348,
    "precision_at_100": 0.00727,
    "precision_at_1000": 0.0009,
    "precision_at_3": 0.09241,
    "precision_at_5": 0.06911,
    "recall_at_1": 0.13943,
    "recall_at_10": 0.41702,
    "recall_at_100": 0.68777,
    "recall_at_1000": 0.84715,
    "recall_at_3": 0.26745,
    "recall_at_5": 0.33295
  }
}