{
  "dataset_revision": null,
  "mteb_dataset_name": "NFCorpus-PL",
  "mteb_version": "1.1.1",
  "test": {
    "evaluation_time": 8.03,
    "map_at_1": 0.04407,
    "map_at_10": 0.09074,
    "map_at_100": 0.10979,
    "map_at_1000": 0.11998,
    "map_at_3": 0.06767,
    "map_at_5": 0.07769,
    "mrr_at_1": 0.36533,
    "mrr_at_10": 0.44367,
    "mrr_at_100": 0.45012,
    "mrr_at_1000": 0.45068,
    "mrr_at_3": 0.41692,
    "mrr_at_5": 0.42699,
    "ndcg_at_1": 0.34365,
    "ndcg_at_10": 0.26477,
    "ndcg_at_100": 0.23385,
    "ndcg_at_1000": 0.31781,
    "ndcg_at_3": 0.30883,
    "ndcg_at_5": 0.28598,
    "precision_at_1": 0.35604,
    "precision_at_10": 0.19412,
    "precision_at_100": 0.05656,
    "precision_at_1000": 0.01765,
    "precision_at_3": 0.29205,
    "precision_at_5": 0.24458,
    "recall_at_1": 0.04407,
    "recall_at_10": 0.12758,
    "recall_at_100": 0.23896,
    "recall_at_1000": 0.53454,
    "recall_at_3": 0.07721,
    "recall_at_5": 0.09566
  }
}