{
  "dataset_revision": null,
  "mteb_dataset_name": "NQ-PL",
  "mteb_version": "1.1.1",
  "test": {
    "evaluation_time": 1766.52,
    "map_at_1": 0.23054,
    "map_at_10": 0.34434,
    "map_at_100": 0.3547,
    "map_at_1000": 0.35525,
    "map_at_3": 0.30954,
    "map_at_5": 0.32987,
    "mrr_at_1": 0.26159,
    "mrr_at_10": 0.36563,
    "mrr_at_100": 0.37413,
    "mrr_at_1000": 0.37456,
    "mrr_at_3": 0.33589,
    "mrr_at_5": 0.35303,
    "ndcg_at_1": 0.2613,
    "ndcg_at_10": 0.4046,
    "ndcg_at_100": 0.45177,
    "ndcg_at_1000": 0.46594,
    "ndcg_at_3": 0.33848,
    "ndcg_at_5": 0.37225,
    "precision_at_1": 0.2613,
    "precision_at_10": 0.0677,
    "precision_at_100": 0.00943,
    "precision_at_1000": 0.00108,
    "precision_at_3": 0.1545,
    "precision_at_5": 0.11205,
    "recall_at_1": 0.23054,
    "recall_at_10": 0.56856,
    "recall_at_100": 0.77967,
    "recall_at_1000": 0.8875,
    "recall_at_3": 0.39627,
    "recall_at_5": 0.47424
  }
}