{
  "dataset_revision": null,
  "mteb_dataset_name": "PAC",
  "mteb_version": "1.1.1",
  "test": {
    "accuracy": 0.7054735013032147,
    "accuracy_stderr": 0.0330035902035432,
    "ap": 0.7840261007103959,
    "ap_stderr": 0.031145947460713076,
    "evaluation_time": 2.62,
    "f1": 0.6804233441803295,
    "f1_stderr": 0.04247469972593036,
    "main_score": 0.7054735013032147
  }
}