{
  "dataset_revision": null,
  "mteb_dataset_name": "PolEmo2.0-IN",
  "mteb_version": "1.1.1",
  "test": {
    "accuracy": 0.6735457063711913,
    "accuracy_stderr": 0.05710017526344835,
    "evaluation_time": 2.51,
    "f1": 0.6620994998929751,
    "f1_stderr": 0.04398890162884347,
    "main_score": 0.6735457063711913
  }
}