{
  "dataset_revision": null,
  "mteb_dataset_name": "PolEmo2.0-OUT",
  "mteb_version": "1.1.1",
  "test": {
    "accuracy": 0.39129554655870447,
    "accuracy_stderr": 0.04996392673378941,
    "evaluation_time": 2.08,
    "f1": 0.33038965502035117,
    "f1_stderr": 0.03614572885603513,
    "main_score": 0.39129554655870447
  }
}