{
  "dataset_revision": null,
  "mteb_dataset_name": "PPC",
  "mteb_version": "1.1.1",
  "test": {
    "cos_sim": {
      "accuracy": 0.737,
      "accuracy_threshold": 0.9412979483604431,
      "ap": 0.8671754217552874,
      "f1": 0.792423046566693,
      "f1_threshold": 0.9412979483604431,
      "precision": 0.7571644042232277,
      "recall": 0.8311258278145696
    },
    "dot": {
      "accuracy": 0.737,
      "accuracy_threshold": 0.9412978887557983,
      "ap": 0.8671754217552874,
      "f1": 0.792423046566693,
      "f1_threshold": 0.9412978887557983,
      "precision": 0.7571644042232277,
      "recall": 0.8311258278145696
    },
    "euclidean": {
      "accuracy": 0.737,
      "accuracy_threshold": 0.3426428437232971,
      "ap": 0.8671754217552874,
      "f1": 0.792423046566693,
      "f1_threshold": 0.3426428437232971,
      "precision": 0.7571644042232277,
      "recall": 0.8311258278145696
    },
    "evaluation_time": 1.12,
    "manhattan": {
      "accuracy": 0.738,
      "accuracy_threshold": 4.906844139099121,
      "ap": 0.8679319247326327,
      "f1": 0.7917329093799682,
      "f1_threshold": 5.291169166564941,
      "precision": 0.7614678899082569,
      "recall": 0.8245033112582781
    },
    "max": {
      "accuracy": 0.738,
      "ap": 0.8679319247326327,
      "f1": 0.792423046566693
    }
  }
}