{
  "dataset_revision": null,
  "mteb_dataset_name": "PSC",
  "mteb_version": "1.1.1",
  "test": {
    "cos_sim": {
      "accuracy": 0.9795918367346939,
      "accuracy_threshold": 0.881371259689331,
      "ap": 0.9923503983776556,
      "f1": 0.9664634146341463,
      "f1_threshold": 0.880163311958313,
      "precision": 0.9664634146341463,
      "recall": 0.9664634146341463
    },
    "dot": {
      "accuracy": 0.9795918367346939,
      "accuracy_threshold": 0.881371259689331,
      "ap": 0.9923503983776555,
      "f1": 0.9664634146341463,
      "f1_threshold": 0.880163311958313,
      "precision": 0.9664634146341463,
      "recall": 0.9664634146341463
    },
    "euclidean": {
      "accuracy": 0.9795918367346939,
      "accuracy_threshold": 0.4870907664299011,
      "ap": 0.9923503983776556,
      "f1": 0.9664634146341463,
      "f1_threshold": 0.48955976963043213,
      "precision": 0.9664634146341463,
      "recall": 0.9664634146341463
    },
    "evaluation_time": 1.15,
    "manhattan": {
      "accuracy": 0.9795918367346939,
      "accuracy_threshold": 7.684521675109863,
      "ap": 0.9923041749565146,
      "f1": 0.9665653495440729,
      "f1_threshold": 7.684521675109863,
      "precision": 0.9636363636363636,
      "recall": 0.9695121951219512
    },
    "max": {
      "accuracy": 0.9795918367346939,
      "ap": 0.9923503983776556,
      "f1": 0.9665653495440729
    }
  }
}