{
  "dataset_revision": null,
  "mteb_dataset_name": "Quora-PL",
  "mteb_version": "1.1.1",
  "test": {
    "evaluation_time": 181.05,
    "map_at_1": 0.60863,
    "map_at_10": 0.73922,
    "map_at_100": 0.7474,
    "map_at_1000": 0.74774,
    "map_at_3": 0.70815,
    "map_at_5": 0.72697,
    "mrr_at_1": 0.6998,
    "mrr_at_10": 0.77738,
    "mrr_at_100": 0.78022,
    "mrr_at_1000": 0.78028,
    "mrr_at_3": 0.76208,
    "mrr_at_5": 0.77169,
    "ndcg_at_1": 0.7003,
    "ndcg_at_10": 0.78702,
    "ndcg_at_100": 0.80978,
    "ndcg_at_1000": 0.81378,
    "ndcg_at_3": 0.7483,
    "ndcg_at_5": 0.76855,
    "precision_at_1": 0.7003,
    "precision_at_10": 0.12071,
    "precision_at_100": 0.01458,
    "precision_at_1000": 0.00154,
    "precision_at_3": 0.3265,
    "precision_at_5": 0.21734,
    "recall_at_1": 0.60863,
    "recall_at_10": 0.88355,
    "recall_at_100": 0.96991,
    "recall_at_1000": 0.9937,
    "recall_at_3": 0.77584,
    "recall_at_5": 0.82974
  }
}