{
  "dataset_revision": null,
  "mteb_dataset_name": "SCIDOCS-PL",
  "mteb_version": "1.1.1",
  "test": {
    "evaluation_time": 39.92,
    "map_at_1": 0.02655,
    "map_at_10": 0.06528,
    "map_at_100": 0.07611,
    "map_at_1000": 0.07825,
    "map_at_3": 0.04845,
    "map_at_5": 0.05703,
    "mrr_at_1": 0.131,
    "mrr_at_10": 0.20829,
    "mrr_at_100": 0.21861,
    "mrr_at_1000": 0.21961,
    "mrr_at_3": 0.18267,
    "mrr_at_5": 0.19772,
    "ndcg_at_1": 0.131,
    "ndcg_at_10": 0.116,
    "ndcg_at_100": 0.16726,
    "ndcg_at_1000": 0.21464,
    "ndcg_at_3": 0.11115,
    "ndcg_at_5": 0.09725,
    "precision_at_1": 0.131,
    "precision_at_10": 0.0602,
    "precision_at_100": 0.01351,
    "precision_at_1000": 0.0025,
    "precision_at_3": 0.10533,
    "precision_at_5": 0.0862,
    "recall_at_1": 0.02655,
    "recall_at_10": 0.12228,
    "recall_at_100": 0.2748,
    "recall_at_1000": 0.50778,
    "recall_at_3": 0.06408,
    "recall_at_5": 0.08753
  }
}