{
  "dataset_revision": "4755de8baebc07bed0c60cec9f796e9a346600cb",
  "mteb_dataset_name": "SciDefRetrieval",
  "mteb_version": "1.7.49",
  "test": {
    "evaluation_time": 1.72,
    "map_at_1": 0.68336,
    "map_at_10": 0.75526,
    "map_at_100": 0.75913,
    "map_at_1000": 0.75928,
    "map_at_20": 0.75792,
    "map_at_3": 0.74104,
    "map_at_5": 0.75083,
    "mrr_at_1": 0.68336,
    "mrr_at_10": 0.75475,
    "mrr_at_100": 0.75875,
    "mrr_at_1000": 0.75891,
    "mrr_at_20": 0.75756,
    "mrr_at_3": 0.7408,
    "mrr_at_5": 0.75,
    "ndcg_at_1": 0.68336,
    "ndcg_at_10": 0.78759,
    "ndcg_at_100": 0.80604,
    "ndcg_at_1000": 0.80949,
    "ndcg_at_20": 0.79752,
    "ndcg_at_3": 0.75883,
    "ndcg_at_5": 0.77645,
    "precision_at_1": 0.68336,
    "precision_at_10": 0.08881,
    "precision_at_100": 0.00973,
    "precision_at_1000": 0.001,
    "precision_at_20": 0.04639,
    "precision_at_3": 0.27,
    "precision_at_5": 0.17054,
    "recall_at_1": 0.68336,
    "recall_at_10": 0.88807,
    "recall_at_100": 0.97349,
    "recall_at_1000": 1.0,
    "recall_at_20": 0.92784,
    "recall_at_3": 0.81001,
    "recall_at_5": 0.85272
  }
}