{
  "dataset_revision": "8064b4442da038aa0482a2542370f9a2441cc50a",
  "mteb_dataset_name": "SciField",
  "mteb_version": "1.7.49",
  "test": {
    "accuracy": 0.7990264255910988,
    "accuracy_stderr": 0.02023153996769757,
    "evaluation_time": 7.13,
    "f1": 0.7938096724676296,
    "f1_stderr": 0.02099452243630863,
    "main_score": 0.7990264255910988
  }
}