{
  "dataset_revision": null,
  "mteb_dataset_name": "SciFact-PL",
  "mteb_version": "1.1.1",
  "test": {
    "evaluation_time": 10.68,
    "map_at_1": 0.48928,
    "map_at_10": 0.5824,
    "map_at_100": 0.58981,
    "map_at_1000": 0.59019,
    "map_at_3": 0.55922,
    "map_at_5": 0.57051,
    "mrr_at_1": 0.51667,
    "mrr_at_10": 0.60161,
    "mrr_at_100": 0.60702,
    "mrr_at_1000": 0.60736,
    "mrr_at_3": 0.585,
    "mrr_at_5": 0.59117,
    "ndcg_at_1": 0.51667,
    "ndcg_at_10": 0.62757,
    "ndcg_at_100": 0.66033,
    "ndcg_at_1000": 0.67022,
    "ndcg_at_3": 0.58694,
    "ndcg_at_5": 0.60121,
    "precision_at_1": 0.51667,
    "precision_at_10": 0.08367,
    "precision_at_100": 0.0102,
    "precision_at_1000": 0.0011,
    "precision_at_3": 0.23,
    "precision_at_5": 0.14867,
    "recall_at_1": 0.48928,
    "recall_at_10": 0.74722,
    "recall_at_100": 0.896,
    "recall_at_1000": 0.97333,
    "recall_at_3": 0.63283,
    "recall_at_5": 0.6695
  }
}