{
  "dataset_revision": null,
  "mteb_dataset_name": "SICK-E-PL",
  "mteb_version": "1.1.1",
  "test": {
    "cos_sim": {
      "accuracy": 0.7896453322462291,
      "accuracy_threshold": 0.9698362350463867,
      "ap": 0.6633915046882749,
      "f1": 0.6195264352903017,
      "f1_threshold": 0.9455236792564392,
      "precision": 0.5687909469922573,
      "recall": 0.6801994301994302
    },
    "dot": {
      "accuracy": 0.7896453322462291,
      "accuracy_threshold": 0.9698362946510315,
      "ap": 0.6633906138989047,
      "f1": 0.6195264352903017,
      "f1_threshold": 0.9455236792564392,
      "precision": 0.5687909469922573,
      "recall": 0.6801994301994302
    },
    "euclidean": {
      "accuracy": 0.7896453322462291,
      "accuracy_threshold": 0.24561673402786255,
      "ap": 0.663391682063321,
      "f1": 0.6195264352903017,
      "f1_threshold": 0.33007973432540894,
      "precision": 0.5687909469922573,
      "recall": 0.6801994301994302
    },
    "evaluation_time": 2.39,
    "manhattan": {
      "accuracy": 0.7894415002038321,
      "accuracy_threshold": 3.902942419052124,
      "ap": 0.6621187424242672,
      "f1": 0.6181592039800995,
      "f1_threshold": 5.303360939025879,
      "precision": 0.5485651214128036,
      "recall": 0.707977207977208
    },
    "max": {
      "accuracy": 0.7896453322462291,
      "ap": 0.663391682063321,
      "f1": 0.6195264352903017
    }
  }
}