{
  "dataset_revision": null,
  "mteb_dataset_name": "SICK-R-PL",
  "mteb_version": "1.1.1",
  "test": {
    "cos_sim": {
      "pearson": 0.745948308174666,
      "spearman": 0.6945617039071025
    },
    "euclidean": {
      "pearson": 0.7135578702004373,
      "spearman": 0.6945618172681376
    },
    "evaluation_time": 2.63,
    "manhattan": {
      "pearson": 0.7130817979439216,
      "spearman": 0.6930666187253816
    }
  }
}