{
  "dataset_revision": "6d1ba47164174a496b7fa5d3569dae26a6813b80",
  "mteb_dataset_name": "STS22",
  "mteb_version": "1.1.1",
  "test": {
    "evaluation_time": 1.32,
    "pl": {
      "cos_sim": {
        "pearson": 0.2795184015781894,
        "spearman": 0.35796094751458934
      },
      "euclidean": {
        "pearson": 0.17441993942021555,
        "spearman": 0.3589471096303964
      },
      "manhattan": {
        "pearson": 0.17392596504944002,
        "spearman": 0.36128870909134464
      }
    }
  }
}