{
  "dataset_revision": null,
  "mteb_dataset_name": "TRECCOVID-PL",
  "mteb_version": "1.1.1",
  "test": {
    "evaluation_time": 246.44,
    "map_at_1": 0.0022,
    "map_at_10": 0.01677,
    "map_at_100": 0.09026,
    "map_at_1000": 0.20775,
    "map_at_3": 0.00609,
    "map_at_5": 0.00912,
    "mrr_at_1": 0.86,
    "mrr_at_10": 0.91733,
    "mrr_at_100": 0.91733,
    "mrr_at_1000": 0.91733,
    "mrr_at_3": 0.91333,
    "mrr_at_5": 0.91733,
    "ndcg_at_1": 0.82,
    "ndcg_at_10": 0.70918,
    "ndcg_at_100": 0.5122,
    "ndcg_at_1000": 0.43863,
    "ndcg_at_3": 0.75212,
    "ndcg_at_5": 0.72294,
    "precision_at_1": 0.86,
    "precision_at_10": 0.752,
    "precision_at_100": 0.5208,
    "precision_at_1000": 0.19538,
    "precision_at_3": 0.82,
    "precision_at_5": 0.772,
    "recall_at_1": 0.0022,
    "recall_at_10": 0.01905,
    "recall_at_100": 0.12071,
    "recall_at_1000": 0.40882,
    "recall_at_3": 0.00643,
    "recall_at_5": 0.00983
  }
}