{
  "dataset_revision": null,
  "mteb_dataset_name": "AllegroReviews",
  "mteb_version": "1.1.1",
  "test": {
    "accuracy": 0.21451292246520876,
    "accuracy_stderr": 0.02104352862409422,
    "evaluation_time": 11.18,
    "f1": 0.2035457642399086,
    "f1_stderr": 0.020542826704745634,
    "main_score": 0.21451292246520876
  }
}