{
  "dataset_revision": null,
  "mteb_dataset_name": "ArguAna-PL",
  "mteb_version": "1.1.1",
  "test": {
    "evaluation_time": 151.39,
    "map_at_1": 0.05192,
    "map_at_10": 0.08476,
    "map_at_100": 0.09007,
    "map_at_1000": 0.09097,
    "map_at_3": 0.07385,
    "map_at_5": 0.07904,
    "mrr_at_1": 0.05263,
    "mrr_at_10": 0.08503,
    "mrr_at_100": 0.09033,
    "mrr_at_1000": 0.09124,
    "mrr_at_3": 0.07409,
    "mrr_at_5": 0.07956,
    "ndcg_at_1": 0.05192,
    "ndcg_at_10": 0.10403,
    "ndcg_at_100": 0.13452,
    "ndcg_at_1000": 0.16478,
    "ndcg_at_3": 0.08083,
    "ndcg_at_5": 0.0902,
    "precision_at_1": 0.05192,
    "precision_at_10": 0.01664,
    "precision_at_100": 0.0032,
    "precision_at_1000": 0.00057,
    "precision_at_3": 0.03367,
    "precision_at_5": 0.02475,
    "recall_at_1": 0.05192,
    "recall_at_10": 0.16643,
    "recall_at_100": 0.32006,
    "recall_at_1000": 0.57183,
    "recall_at_3": 0.101,
    "recall_at_5": 0.12376
  }
}