{
  "dataset_revision": null,
  "mteb_dataset_name": "CBD",
  "mteb_version": "1.1.1",
  "test": {
    "accuracy": 0.5701,
    "accuracy_stderr": 0.06895280994999406,
    "ap": 0.1654905925125896,
    "ap_stderr": 0.010323385285518514,
    "evaluation_time": 24.23,
    "f1": 0.486647502099511,
    "f1_stderr": 0.04235118453302583,
    "main_score": 0.5701
  }
}