{
  "dataset_revision": null,
  "mteb_dataset_name": "CDSC-R",
  "mteb_version": "1.1.1",
  "test": {
    "cos_sim": {
      "pearson": 0.6379785305010941,
      "spearman": 0.725723991677965
    },
    "euclidean": {
      "pearson": 0.724507095920739,
      "spearman": 0.7557627703528875
    },
    "evaluation_time": 2.7,
    "manhattan": {
      "pearson": 0.7843542143482528,
      "spearman": 0.8099773762554102
    }
  }
}