{
  "dataset_revision": null,
  "mteb_dataset_name": "CDSC-E",
  "mteb_version": "1.1.1",
  "test": {
    "cos_sim": {
      "accuracy": 0.855,
      "accuracy_threshold": 0.979401171207428,
      "ap": 0.5293024729969333,
      "f1": 0.5866666666666667,
      "f1_threshold": 0.9651776552200317,
      "precision": 0.5945945945945946,
      "recall": 0.5789473684210527
    },
    "dot": {
      "accuracy": 0.817,
      "accuracy_threshold": 2.573853015899658,
      "ap": 0.3329920534248372,
      "f1": 0.37522123893805315,
      "f1_threshold": 2.126971483230591,
      "precision": 0.2826666666666667,
      "recall": 0.5578947368421052
    },
    "euclidean": {
      "accuracy": 0.859,
      "accuracy_threshold": 0.32853877544403076,
      "ap": 0.5312489516508537,
      "f1": 0.5879265091863517,
      "f1_threshold": 0.41811850666999817,
      "precision": 0.5863874345549738,
      "recall": 0.5894736842105263
    },
    "evaluation_time": 1.09,
    "manhattan": {
      "accuracy": 0.857,
      "accuracy_threshold": 4.953920364379883,
      "ap": 0.5422877457545565,
      "f1": 0.6025974025974027,
      "f1_threshold": 6.946455955505371,
      "precision": 0.5948717948717949,
      "recall": 0.6105263157894737
    },
    "max": {
      "accuracy": 0.859,
      "ap": 0.5422877457545565,
      "f1": 0.6025974025974027
    }
  }
}