{
  "dataset_revision": null,
  "mteb_dataset_name": "DBPedia-PL",
  "mteb_version": "1.1.1",
  "test": {
    "evaluation_time": 26272.01,
    "map_at_1": 0.01225,
    "map_at_10": 0.02042,
    "map_at_100": 0.02526,
    "map_at_1000": 0.02712,
    "map_at_3": 0.01688,
    "map_at_5": 0.01862,
    "mrr_at_1": 0.1025,
    "mrr_at_10": 0.14571,
    "mrr_at_100": 0.15354,
    "mrr_at_1000": 0.15432,
    "mrr_at_3": 0.12875,
    "mrr_at_5": 0.1405,
    "ndcg_at_1": 0.08125,
    "ndcg_at_10": 0.05501,
    "ndcg_at_100": 0.0657,
    "ndcg_at_1000": 0.09045,
    "ndcg_at_3": 0.0621,
    "ndcg_at_5": 0.05957,
    "precision_at_1": 0.1025,
    "precision_at_10": 0.04475,
    "precision_at_100": 0.01515,
    "precision_at_1000": 0.0037,
    "precision_at_3": 0.06667,
    "precision_at_5": 0.0595,
    "recall_at_1": 0.01225,
    "recall_at_10": 0.03288,
    "recall_at_100": 0.08884,
    "recall_at_1000": 0.18253,
    "recall_at_3": 0.02091,
    "recall_at_5": 0.02668
  }
}