{
  "dataset_revision": null,
  "mteb_dataset_name": "FiQA-PL",
  "mteb_version": "1.1.1",
  "test": {
    "evaluation_time": 644.07,
    "map_at_1": 0.01773,
    "map_at_10": 0.02656,
    "map_at_100": 0.02947,
    "map_at_1000": 0.03019,
    "map_at_3": 0.02088,
    "map_at_5": 0.02404,
    "mrr_at_1": 0.03704,
    "mrr_at_10": 0.05451,
    "mrr_at_100": 0.0581,
    "mrr_at_1000": 0.05896,
    "mrr_at_3": 0.04398,
    "mrr_at_5": 0.05031,
    "ndcg_at_1": 0.03704,
    "ndcg_at_10": 0.04019,
    "ndcg_at_100": 0.05762,
    "ndcg_at_1000": 0.08058,
    "ndcg_at_3": 0.0293,
    "ndcg_at_5": 0.03418,
    "precision_at_1": 0.03704,
    "precision_at_10": 0.01219,
    "precision_at_100": 0.00292,
    "precision_at_1000": 0.00066,
    "precision_at_3": 0.018,
    "precision_at_5": 0.01698,
    "recall_at_1": 0.01773,
    "recall_at_10": 0.05549,
    "recall_at_100": 0.12782,
    "recall_at_1000": 0.28001,
    "recall_at_3": 0.02481,
    "recall_at_5": 0.03791
  }
}