{
  "dataset_revision": null,
  "mteb_dataset_name": "HotpotQA-PL",
  "mteb_version": "1.1.1",
  "test": {
    "evaluation_time": 24174.1,
    "map_at_1": 0.09291,
    "map_at_10": 0.12407,
    "map_at_100": 0.12866,
    "map_at_1000": 0.12931,
    "map_at_3": 0.11476,
    "map_at_5": 0.11965,
    "mrr_at_1": 0.18582,
    "mrr_at_10": 0.2251,
    "mrr_at_100": 0.23062,
    "mrr_at_1000": 0.23121,
    "mrr_at_3": 0.21314,
    "mrr_at_5": 0.21977,
    "ndcg_at_1": 0.18582,
    "ndcg_at_10": 0.16231,
    "ndcg_at_100": 0.18694,
    "ndcg_at_1000": 0.20581,
    "ndcg_at_3": 0.14274,
    "ndcg_at_5": 0.15182,
    "precision_at_1": 0.18582,
    "precision_at_10": 0.03548,
    "precision_at_100": 0.00553,
    "precision_at_1000": 0.00081,
    "precision_at_3": 0.08863,
    "precision_at_5": 0.06039,
    "recall_at_1": 0.09291,
    "recall_at_10": 0.17738,
    "recall_at_100": 0.2765,
    "recall_at_1000": 0.40412,
    "recall_at_3": 0.13295,
    "recall_at_5": 0.15098
  }
}