{
  "dataset_revision": "31efe3c427b0bae9c22cbb560b8f15491cc6bed7",
  "mteb_dataset_name": "MassiveIntentClassification",
  "mteb_version": "1.1.1",
  "test": {
    "evaluation_time": 20.31,
    "pl": {
      "accuracy": 0.43765971755211835,
      "accuracy_stderr": 0.013003868575120994,
      "f1": 0.41430103556951786,
      "f1_stderr": 0.013001782054176,
      "main_score": 0.43765971755211835
    }
  }
}