{
  "dataset_revision": "7d571f92784cd94a019292a1f45445077d0ef634",
  "mteb_dataset_name": "MassiveScenarioClassification",
  "mteb_version": "1.1.1",
  "test": {
    "evaluation_time": 15.31,
    "pl": {
      "accuracy": 0.5031607262945528,
      "accuracy_stderr": 0.015116334387299951,
      "f1": 0.5075319493949528,
      "f1_stderr": 0.018891463874029627,
      "main_score": 0.5031607262945528
    }
  }
}