{
  "dataset_revision": null,
  "mteb_dataset_name": "MSMARCO-PL",
  "mteb_version": "1.1.1",
  "validation": {
    "evaluation_time": 49036.98,
    "map_at_1": 0.01597,
    "map_at_10": 0.02712,
    "map_at_100": 0.02968,
    "map_at_1000": 0.03007,
    "map_at_3": 0.02298,
    "map_at_5": 0.02523,
    "mrr_at_1": 0.01633,
    "mrr_at_10": 0.02786,
    "mrr_at_100": 0.03049,
    "mrr_at_1000": 0.03088,
    "mrr_at_3": 0.02354,
    "mrr_at_5": 0.02589,
    "ndcg_at_1": 0.01633,
    "ndcg_at_10": 0.03424,
    "ndcg_at_100": 0.04882,
    "ndcg_at_1000": 0.06149,
    "ndcg_at_3": 0.02548,
    "ndcg_at_5": 0.02955,
    "precision_at_1": 0.01633,
    "precision_at_10": 0.00583,
    "precision_at_100": 0.00134,
    "precision_at_1000": 0.00024,
    "precision_at_3": 0.01098,
    "precision_at_5": 0.00862,
    "recall_at_1": 0.01597,
    "recall_at_10": 0.05645,
    "recall_at_100": 0.12875,
    "recall_at_1000": 0.23181,
    "recall_at_3": 0.03216,
    "recall_at_5": 0.04193
  }
}