{
  "dataset_revision": null,
  "mteb_dataset_name": "NFCorpus-PL",
  "mteb_version": "1.1.1",
  "test": {
    "evaluation_time": 80.29,
    "map_at_1": 0.00618,
    "map_at_10": 0.01464,
    "map_at_100": 0.01937,
    "map_at_1000": 0.02585,
    "map_at_3": 0.01075,
    "map_at_5": 0.01214,
    "mrr_at_1": 0.08669,
    "mrr_at_10": 0.13217,
    "mrr_at_100": 0.14655,
    "mrr_at_1000": 0.1477,
    "mrr_at_3": 0.10991,
    "mrr_at_5": 0.1192,
    "ndcg_at_1": 0.07585,
    "ndcg_at_10": 0.05826,
    "ndcg_at_100": 0.07316,
    "ndcg_at_1000": 0.16774,
    "ndcg_at_3": 0.06271,
    "ndcg_at_5": 0.05944,
    "precision_at_1": 0.08669,
    "precision_at_10": 0.0483,
    "precision_at_100": 0.02455,
    "precision_at_1000": 0.01421,
    "precision_at_3": 0.06502,
    "precision_at_5": 0.05759,
    "recall_at_1": 0.00618,
    "recall_at_10": 0.03202,
    "recall_at_100": 0.10261,
    "recall_at_1000": 0.42117,
    "recall_at_3": 0.01361,
    "recall_at_5": 0.01694
  }
}