{
  "dataset_revision": null,
  "mteb_dataset_name": "NQ-PL",
  "mteb_version": "1.1.1",
  "test": {
    "evaluation_time": 20572.99,
    "map_at_1": 0.00932,
    "map_at_10": 0.01924,
    "map_at_100": 0.02138,
    "map_at_1000": 0.02172,
    "map_at_3": 0.01507,
    "map_at_5": 0.01709,
    "mrr_at_1": 0.01101,
    "mrr_at_10": 0.02247,
    "mrr_at_100": 0.02472,
    "mrr_at_1000": 0.02506,
    "mrr_at_3": 0.01762,
    "mrr_at_5": 0.02016,
    "ndcg_at_1": 0.01101,
    "ndcg_at_10": 0.02668,
    "ndcg_at_100": 0.03812,
    "ndcg_at_1000": 0.04864,
    "ndcg_at_3": 0.01759,
    "ndcg_at_5": 0.02145,
    "precision_at_1": 0.01101,
    "precision_at_10": 0.00559,
    "precision_at_100": 0.0012,
    "precision_at_1000": 0.00022,
    "precision_at_3": 0.00869,
    "precision_at_5": 0.00753,
    "recall_at_1": 0.00932,
    "recall_at_10": 0.04683,
    "recall_at_100": 0.10057,
    "recall_at_1000": 0.18364,
    "recall_at_3": 0.02245,
    "recall_at_5": 0.03129
  }
}