{
  "dataset_revision": null,
  "mteb_dataset_name": "PAC",
  "mteb_version": "1.1.1",
  "test": {
    "accuracy": 0.5913119026933101,
    "accuracy_stderr": 0.06587296814574979,
    "ap": 0.7315678454956733,
    "ap_stderr": 0.02869729727252729,
    "evaluation_time": 9.68,
    "f1": 0.5755524230787096,
    "f1_stderr": 0.05765549039317827,
    "main_score": 0.5913119026933101
  }
}