{
  "dataset_revision": null,
  "mteb_dataset_name": "PolEmo2.0-IN",
  "mteb_version": "1.1.1",
  "test": {
    "accuracy": 0.43656509695290857,
    "accuracy_stderr": 0.04626038781163435,
    "evaluation_time": 17.1,
    "f1": 0.44434710200668076,
    "f1_stderr": 0.04659063024721773,
    "main_score": 0.43656509695290857
  }
}