{
  "dataset_revision": null,
  "mteb_dataset_name": "PolEmo2.0-OUT",
  "mteb_version": "1.1.1",
  "test": {
    "accuracy": 0.27287449392712554,
    "accuracy_stderr": 0.04663609129273101,
    "evaluation_time": 8.42,
    "f1": 0.2273312129019577,
    "f1_stderr": 0.04160335082059578,
    "main_score": 0.27287449392712554
  }
}