{
  "dataset_revision": null,
  "mteb_dataset_name": "PPC",
  "mteb_version": "1.1.1",
  "test": {
    "cos_sim": {
      "accuracy": 0.661,
      "accuracy_threshold": 0.8696044691674816,
      "ap": 0.7222618994372051,
      "f1": 0.7592463363572924,
      "f1_threshold": 0.8391070216364278,
      "precision": 0.6562123039806996,
      "recall": 0.9006622516556292
    },
    "dot": {
      "accuracy": 0.655,
      "accuracy_threshold": 1.5079285977848302,
      "ap": 0.6959289975729893,
      "f1": 0.7576564580559254,
      "f1_threshold": 1.3012143517994135,
      "precision": 0.6336302895322939,
      "recall": 0.9420529801324503
    },
    "euclidean": {
      "accuracy": 0.646,
      "accuracy_threshold": 0.6932388925952493,
      "ap": 0.7175882226817608,
      "f1": 0.7567909033480732,
      "f1_threshold": 1.1362003847838422,
      "precision": 0.6118488253319714,
      "recall": 0.9917218543046358
    },
    "evaluation_time": 1.8,
    "manhattan": {
      "accuracy": 0.655,
      "accuracy_threshold": 14.632996838237318,
      "ap": 0.7204898831662045,
      "f1": 0.7556179775280898,
      "f1_threshold": 15.647346143363848,
      "precision": 0.6560975609756098,
      "recall": 0.890728476821192
    },
    "max": {
      "accuracy": 0.661,
      "ap": 0.7222618994372051,
      "f1": 0.7592463363572924
    }
  }
}