{
  "dataset_revision": null,
  "mteb_dataset_name": "PSC",
  "mteb_version": "1.1.1",
  "test": {
    "cos_sim": {
      "accuracy": 0.8320964749536178,
      "accuracy_threshold": 0.9635941982269287,
      "ap": 0.8030897088505621,
      "f1": 0.7078651685393258,
      "f1_threshold": 0.9573172330856323,
      "precision": 0.65625,
      "recall": 0.7682926829268293
    },
    "dot": {
      "accuracy": 0.7300556586270872,
      "accuracy_threshold": 4.4200873374938965,
      "ap": 0.43600875661615424,
      "f1": 0.46928201332346414,
      "f1_threshold": 3.3692383766174316,
      "precision": 0.3098729227761486,
      "recall": 0.9664634146341463
    },
    "euclidean": {
      "accuracy": 0.8617810760667903,
      "accuracy_threshold": 0.5662710070610046,
      "ap": 0.850633874773729,
      "f1": 0.7685325264750379,
      "f1_threshold": 0.5715169906616211,
      "precision": 0.7627627627627628,
      "recall": 0.774390243902439
    },
    "evaluation_time": 7.03,
    "manhattan": {
      "accuracy": 0.9174397031539888,
      "accuracy_threshold": 11.707174301147461,
      "ap": 0.9389875340198621,
      "f1": 0.8640483383685801,
      "f1_threshold": 11.751472473144531,
      "precision": 0.8562874251497006,
      "recall": 0.8719512195121951
    },
    "max": {
      "accuracy": 0.9174397031539888,
      "ap": 0.9389875340198621,
      "f1": 0.8640483383685801
    }
  }
}