{
  "dataset_revision": null,
  "mteb_dataset_name": "Quora-PL",
  "mteb_version": "1.1.1",
  "test": {
    "evaluation_time": 766.52,
    "map_at_1": 0.46325,
    "map_at_10": 0.55816,
    "map_at_100": 0.56576,
    "map_at_1000": 0.56622,
    "map_at_3": 0.53514,
    "map_at_5": 0.54849,
    "mrr_at_1": 0.5342,
    "mrr_at_10": 0.60389,
    "mrr_at_100": 0.60835,
    "mrr_at_1000": 0.60857,
    "mrr_at_3": 0.58818,
    "mrr_at_5": 0.59755,
    "ndcg_at_1": 0.5357,
    "ndcg_at_10": 0.60288,
    "ndcg_at_100": 0.63138,
    "ndcg_at_1000": 0.64055,
    "ndcg_at_3": 0.56975,
    "ndcg_at_5": 0.58566,
    "precision_at_1": 0.5357,
    "precision_at_10": 0.09135,
    "precision_at_100": 0.01157,
    "precision_at_1000": 0.0013,
    "precision_at_3": 0.24683,
    "precision_at_5": 0.16338,
    "recall_at_1": 0.46325,
    "recall_at_10": 0.68783,
    "recall_at_100": 0.8074,
    "recall_at_1000": 0.87058,
    "recall_at_3": 0.59269,
    "recall_at_5": 0.6363
  }
}