{
  "dataset_revision": null,
  "mteb_dataset_name": "SCIDOCS-PL",
  "mteb_version": "1.1.1",
  "test": {
    "evaluation_time": 384.47,
    "map_at_1": 0.01055,
    "map_at_10": 0.02178,
    "map_at_100": 0.02602,
    "map_at_1000": 0.02703,
    "map_at_3": 0.01699,
    "map_at_5": 0.01929,
    "mrr_at_1": 0.052,
    "mrr_at_10": 0.08366,
    "mrr_at_100": 0.0907,
    "mrr_at_1000": 0.0919,
    "mrr_at_3": 0.07,
    "mrr_at_5": 0.0761,
    "ndcg_at_1": 0.052,
    "ndcg_at_10": 0.04183,
    "ndcg_at_100": 0.06672,
    "ndcg_at_1000": 0.09816,
    "ndcg_at_3": 0.03975,
    "ndcg_at_5": 0.03392,
    "precision_at_1": 0.052,
    "precision_at_10": 0.0214,
    "precision_at_100": 0.0058,
    "precision_at_1000": 0.00136,
    "precision_at_3": 0.036,
    "precision_at_5": 0.0286,
    "recall_at_1": 0.01055,
    "recall_at_10": 0.04348,
    "recall_at_100": 0.11783,
    "recall_at_1000": 0.275,
    "recall_at_3": 0.02185,
    "recall_at_5": 0.02885
  }
}