{
  "dataset_revision": null,
  "mteb_dataset_name": "SciFact-PL",
  "mteb_version": "1.1.1",
  "test": {
    "evaluation_time": 100.39,
    "map_at_1": 0.10389,
    "map_at_10": 0.15295,
    "map_at_100": 0.16049,
    "map_at_1000": 0.16165,
    "map_at_3": 0.13764,
    "map_at_5": 0.14869,
    "mrr_at_1": 0.11,
    "mrr_at_10": 0.15856,
    "mrr_at_100": 0.16647,
    "mrr_at_1000": 0.16745,
    "mrr_at_3": 0.14278,
    "mrr_at_5": 0.15428,
    "ndcg_at_1": 0.11,
    "ndcg_at_10": 0.18084,
    "ndcg_at_100": 0.22665,
    "ndcg_at_1000": 0.2622,
    "ndcg_at_3": 0.15063,
    "ndcg_at_5": 0.17043,
    "precision_at_1": 0.11,
    "precision_at_10": 0.02833,
    "precision_at_100": 0.0056,
    "precision_at_1000": 0.00088,
    "precision_at_3": 0.06556,
    "precision_at_5": 0.04933,
    "recall_at_1": 0.10389,
    "recall_at_10": 0.26289,
    "recall_at_100": 0.49089,
    "recall_at_1000": 0.77956,
    "recall_at_3": 0.18361,
    "recall_at_5": 0.23139
  }
}