{
  "dataset_revision": null,
  "mteb_dataset_name": "SICK-E-PL",
  "mteb_version": "1.1.1",
  "test": {
    "cos_sim": {
      "accuracy": 0.726253567060742,
      "accuracy_threshold": 0.9835778474807739,
      "ap": 0.4732205457460853,
      "f1": 0.5042188698542572,
      "f1_threshold": 0.8889486193656921,
      "precision": 0.3932987634623055,
      "recall": 0.7022792022792023
    },
    "dot": {
      "accuracy": 0.7144313086017122,
      "accuracy_threshold": 2.624678611755371,
      "ap": 0.34314079083083765,
      "f1": 0.4531784005468217,
      "f1_threshold": 1.2333338260650635,
      "precision": 0.2981115107913669,
      "recall": 0.9444444444444444
    },
    "euclidean": {
      "accuracy": 0.7252344068487566,
      "accuracy_threshold": 0.24791041016578674,
      "ap": 0.4833736223609189,
      "f1": 0.5252234073219948,
      "f1_threshold": 0.6070569753646851,
      "precision": 0.4411622276029056,
      "recall": 0.6488603988603988
    },
    "evaluation_time": 4.21,
    "manhattan": {
      "accuracy": 0.7309417040358744,
      "accuracy_threshold": 6.740177154541016,
      "ap": 0.5014251179095996,
      "f1": 0.5422386483632524,
      "f1_threshold": 13.46615982055664,
      "precision": 0.43078859060402686,
      "recall": 0.7314814814814815
    },
    "max": {
      "accuracy": 0.7309417040358744,
      "ap": 0.5014251179095996,
      "f1": 0.5422386483632524
    }
  }
}