{
  "dataset_revision": null,
  "mteb_dataset_name": "SICK-R-PL",
  "mteb_version": "1.1.1",
  "test": {
    "cos_sim": {
      "pearson": 0.5279422687597175,
      "spearman": 0.48303684160437266
    },
    "euclidean": {
      "pearson": 0.556517142557365,
      "spearman": 0.5198598451960434
    },
    "evaluation_time": 8.76,
    "manhattan": {
      "pearson": 0.6010017133380028,
      "spearman": 0.5539975399598407
    }
  }
}