{
  "dataset_revision": null,
  "mteb_dataset_name": "TRECCOVID-PL",
  "mteb_version": "1.1.1",
  "test": {
    "evaluation_time": 2472.12,
    "map_at_1": 0.00089,
    "map_at_10": 0.00358,
    "map_at_100": 0.00922,
    "map_at_1000": 0.01838,
    "map_at_3": 0.00195,
    "map_at_5": 0.00253,
    "mrr_at_1": 0.3,
    "mrr_at_10": 0.4531,
    "mrr_at_100": 0.4606,
    "mrr_at_1000": 0.46068,
    "mrr_at_3": 0.42333,
    "mrr_at_5": 0.43733,
    "ndcg_at_1": 0.3,
    "ndcg_at_10": 0.21404,
    "ndcg_at_100": 0.11067,
    "ndcg_at_1000": 0.0983,
    "ndcg_at_3": 0.27827,
    "ndcg_at_5": 0.25585,
    "precision_at_1": 0.32,
    "precision_at_10": 0.206,
    "precision_at_100": 0.1016,
    "precision_at_1000": 0.0434,
    "precision_at_3": 0.28667,
    "precision_at_5": 0.26,
    "recall_at_1": 0.00089,
    "recall_at_10": 0.0054,
    "recall_at_100": 0.02275,
    "recall_at_1000": 0.0915,
    "recall_at_3": 0.0023,
    "recall_at_5": 0.0033
  }
}