{
  "dataset_revision": null,
  "mteb_dataset_name": "AllegroReviews",
  "mteb_version": "1.1.1",
  "test": {
    "accuracy": 0.40188866799204775,
    "accuracy_stderr": 0.02950813269225915,
    "evaluation_time": 2.68,
    "f1": 0.3471605130542252,
    "f1_stderr": 0.0148097340983456,
    "main_score": 0.40188866799204775
  }
}