{
  "dataset_revision": null,
  "mteb_dataset_name": "ArguAna-PL",
  "mteb_version": "1.1.1",
  "test": {
    "evaluation_time": 22.59,
    "map_at_1": 0.30868,
    "map_at_10": 0.4738,
    "map_at_100": 0.48224,
    "map_at_1000": 0.4823,
    "map_at_3": 0.43065,
    "map_at_5": 0.45548,
    "mrr_at_1": 0.32148,
    "mrr_at_10": 0.47933,
    "mrr_at_100": 0.48779,
    "mrr_at_1000": 0.48785,
    "mrr_at_3": 0.43587,
    "mrr_at_5": 0.46147,
    "ndcg_at_1": 0.30868,
    "ndcg_at_10": 0.55961,
    "ndcg_at_100": 0.59498,
    "ndcg_at_1000": 0.59634,
    "ndcg_at_3": 0.47073,
    "ndcg_at_5": 0.51535,
    "precision_at_1": 0.30868,
    "precision_at_10": 0.08314,
    "precision_at_100": 0.00984,
    "precision_at_1000": 0.001,
    "precision_at_3": 0.19559,
    "precision_at_5": 0.13898,
    "recall_at_1": 0.30868,
    "recall_at_10": 0.83144,
    "recall_at_100": 0.98435,
    "recall_at_1000": 0.99502,
    "recall_at_3": 0.58677,
    "recall_at_5": 0.69488
  }
}