{
  "dataset_revision": null,
  "mteb_dataset_name": "CBD",
  "mteb_version": "1.1.1",
  "test": {
    "accuracy": 0.6767000000000001,
    "accuracy_stderr": 0.033636438574855085,
    "ap": 0.21060166425980498,
    "ap_stderr": 0.03896650145140481,
    "evaluation_time": 7.86,
    "f1": 0.5677581594550715,
    "f1_stderr": 0.03761698458500767,
    "main_score": 0.6767000000000001
  }
}