{
  "dataset_revision": null,
  "mteb_dataset_name": "CDSC-E",
  "mteb_version": "1.1.1",
  "test": {
    "cos_sim": {
      "accuracy": 0.892,
      "accuracy_threshold": 0.9747086950015829,
      "ap": 0.7912283662026136,
      "f1": 0.6883468834688347,
      "f1_threshold": 0.924998671146303,
      "precision": 0.7094972067039106,
      "recall": 0.6684210526315789
    },
    "dot": {
      "accuracy": 0.891,
      "accuracy_threshold": 0.97509765625,
      "ap": 0.7907871601018738,
      "f1": 0.6883468834688347,
      "f1_threshold": 0.9248046875,
      "precision": 0.7094972067039106,
      "recall": 0.6684210526315789
    },
    "euclidean": {
      "accuracy": 0.892,
      "accuracy_threshold": 0.22489246739151966,
      "ap": 0.7912489437341181,
      "f1": 0.6883468834688347,
      "f1_threshold": 0.38734018350599825,
      "precision": 0.7094972067039106,
      "recall": 0.6684210526315789
    },
    "evaluation_time": 0.6,
    "manhattan": {
      "accuracy": 0.891,
      "accuracy_threshold": 4.488729298114777,
      "ap": 0.7912288796712403,
      "f1": 0.6902173913043478,
      "f1_threshold": 8.53202497959137,
      "precision": 0.7134831460674157,
      "recall": 0.6684210526315789
    },
    "max": {
      "accuracy": 0.892,
      "ap": 0.7912489437341181,
      "f1": 0.6902173913043478
    }
  }
}