{
  "dataset_revision": null,
  "mteb_dataset_name": "CDSC-R",
  "mteb_version": "1.1.1",
  "test": {
    "cos_sim": {
      "pearson": 0.9141400222467313,
      "spearman": 0.9212601284895731
    },
    "euclidean": {
      "pearson": 0.9174195915415054,
      "spearman": 0.9212606449999556
    },
    "evaluation_time": 0.79,
    "manhattan": {
      "pearson": 0.9166469336079704,
      "spearman": 0.920573205716309
    }
  }
}