{
  "dataset_revision": null,
  "mteb_dataset_name": "DBPedia-PL",
  "mteb_version": "1.1.1",
  "test": {
    "evaluation_time": 3497.92,
    "map_at_1": 0.05871,
    "map_at_10": 0.12506,
    "map_at_100": 0.16918,
    "map_at_1000": 0.18076,
    "map_at_3": 0.08964,
    "map_at_5": 0.10615,
    "mrr_at_1": 0.44,
    "mrr_at_10": 0.53816,
    "mrr_at_100": 0.54529,
    "mrr_at_1000": 0.54557,
    "mrr_at_3": 0.51875,
    "mrr_at_5": 0.531,
    "ndcg_at_1": 0.34625,
    "ndcg_at_10": 0.26973,
    "ndcg_at_100": 0.3107,
    "ndcg_at_1000": 0.38228,
    "ndcg_at_3": 0.29508,
    "ndcg_at_5": 0.28466,
    "precision_at_1": 0.44,
    "precision_at_10": 0.2145,
    "precision_at_100": 0.06835,
    "precision_at_1000": 0.016,
    "precision_at_3": 0.32333,
    "precision_at_5": 0.2795,
    "recall_at_1": 0.05871,
    "recall_at_10": 0.17276,
    "recall_at_100": 0.36848,
    "recall_at_1000": 0.60469,
    "recall_at_3": 0.10215,
    "recall_at_5": 0.13418
  }
}