{
  "dataset_revision": null,
  "mteb_dataset_name": "FiQA-PL",
  "mteb_version": "1.1.1",
  "test": {
    "evaluation_time": 122.24,
    "map_at_1": 0.10293,
    "map_at_10": 0.18277,
    "map_at_100": 0.19744,
    "map_at_1000": 0.19965,
    "map_at_3": 0.1532,
    "map_at_5": 0.16945,
    "mrr_at_1": 0.21759,
    "mrr_at_10": 0.30515,
    "mrr_at_100": 0.31501,
    "mrr_at_1000": 0.31581,
    "mrr_at_3": 0.27701,
    "mrr_at_5": 0.29452,
    "ndcg_at_1": 0.21759,
    "ndcg_at_10": 0.24696,
    "ndcg_at_100": 0.31229,
    "ndcg_at_1000": 0.35625,
    "ndcg_at_3": 0.21179,
    "ndcg_at_5": 0.22512,
    "precision_at_1": 0.21759,
    "precision_at_10": 0.07315,
    "precision_at_100": 0.01386,
    "precision_at_1000": 0.00214,
    "precision_at_3": 0.14609,
    "precision_at_5": 0.1142,
    "recall_at_1": 0.10293,
    "recall_at_10": 0.31392,
    "recall_at_100": 0.56767,
    "recall_at_1000": 0.8383,
    "recall_at_3": 0.19881,
    "recall_at_5": 0.24664
  }
}