{
  "dataset_revision": null,
  "mteb_dataset_name": "HotpotQA-PL",
  "mteb_version": "1.1.1",
  "test": {
    "evaluation_time": 4248.91,
    "map_at_1": 0.29683,
    "map_at_10": 0.41617,
    "map_at_100": 0.42573,
    "map_at_1000": 0.42663,
    "map_at_3": 0.38939,
    "map_at_5": 0.40537,
    "mrr_at_1": 0.59352,
    "mrr_at_10": 0.66921,
    "mrr_at_100": 0.67343,
    "mrr_at_1000": 0.67367,
    "mrr_at_3": 0.65339,
    "mrr_at_5": 0.66333,
    "ndcg_at_1": 0.59365,
    "ndcg_at_10": 0.50604,
    "ndcg_at_100": 0.54336,
    "ndcg_at_1000": 0.56277,
    "ndcg_at_3": 0.46268,
    "ndcg_at_5": 0.48573,
    "precision_at_1": 0.59365,
    "precision_at_10": 0.10583,
    "precision_at_100": 0.01353,
    "precision_at_1000": 0.00161,
    "precision_at_3": 0.2885,
    "precision_at_5": 0.19125,
    "recall_at_1": 0.29683,
    "recall_at_10": 0.52917,
    "recall_at_100": 0.67637,
    "recall_at_1000": 0.80587,
    "recall_at_3": 0.43275,
    "recall_at_5": 0.47812
  }
}