{
  "dataset_revision": "31efe3c427b0bae9c22cbb560b8f15491cc6bed7",
  "mteb_dataset_name": "MassiveIntentClassification",
  "mteb_version": "1.1.1",
  "test": {
    "evaluation_time": 17.21,
    "pl": {
      "accuracy": 0.6819771351714862,
      "accuracy_stderr": 0.013609344084153574,
      "f1": 0.647482406513063,
      "f1_stderr": 0.014681135444544547,
      "main_score": 0.6819771351714862
    }
  }
}