{
  "dataset_revision": null,
  "mteb_dataset_name": "MSMARCO-PL",
  "mteb_version": "1.1.1",
  "validation": {
    "evaluation_time": 8547.96,
    "map_at_1": 0.12265,
    "map_at_10": 0.19692,
    "map_at_100": 0.2083,
    "map_at_1000": 0.20913,
    "map_at_3": 0.1696,
    "map_at_5": 0.18462,
    "mrr_at_1": 0.12564,
    "mrr_at_10": 0.20056,
    "mrr_at_100": 0.21157,
    "mrr_at_1000": 0.21234,
    "mrr_at_3": 0.17328,
    "mrr_at_5": 0.18823,
    "ndcg_at_1": 0.1265,
    "ndcg_at_10": 0.24255,
    "ndcg_at_100": 0.30151,
    "ndcg_at_1000": 0.32485,
    "ndcg_at_3": 0.1862,
    "ndcg_at_5": 0.21311,
    "precision_at_1": 0.1265,
    "precision_at_10": 0.0401,
    "precision_at_100": 0.00703,
    "precision_at_1000": 0.0009,
    "precision_at_3": 0.07956,
    "precision_at_5": 0.06123,
    "recall_at_1": 0.12265,
    "recall_at_10": 0.38422,
    "recall_at_100": 0.66571,
    "recall_at_1000": 0.84987,
    "recall_at_3": 0.2301,
    "recall_at_5": 0.29478
  }
}