{
  "dataset_revision": null,
  "mteb_dataset_name": "NFCorpus-PL",
  "mteb_version": "1.1.1",
  "test": {
    "evaluation_time": 12.65,
    "map_at_1": 0.05209,
    "map_at_10": 0.10809,
    "map_at_100": 0.14085,
    "map_at_1000": 0.15582,
    "map_at_3": 0.07873,
    "map_at_5": 0.09122,
    "mrr_at_1": 0.42415,
    "mrr_at_10": 0.50165,
    "mrr_at_100": 0.50894,
    "mrr_at_1000": 0.50943,
    "mrr_at_3": 0.48297,
    "mrr_at_5": 0.49288,
    "ndcg_at_1": 0.40557,
    "ndcg_at_10": 0.3126,
    "ndcg_at_100": 0.29376,
    "ndcg_at_1000": 0.38201,
    "ndcg_at_3": 0.35759,
    "ndcg_at_5": 0.33775,
    "precision_at_1": 0.42105,
    "precision_at_10": 0.23994,
    "precision_at_100": 0.07941,
    "precision_at_1000": 0.02087,
    "precision_at_3": 0.33437,
    "precision_at_5": 0.29536,
    "recall_at_1": 0.05209,
    "recall_at_10": 0.14288,
    "recall_at_100": 0.31118,
    "recall_at_1000": 0.62369,
    "recall_at_3": 0.08695,
    "recall_at_5": 0.10902
  }
}