{
  "dataset_revision": null,
  "mteb_dataset_name": "NQ-PL",
  "mteb_version": "1.1.1",
  "test": {
    "evaluation_time": 3349.89,
    "map_at_1": 0.14533,
    "map_at_10": 0.23391,
    "map_at_100": 0.24581,
    "map_at_1000": 0.24666,
    "map_at_3": 0.20124,
    "map_at_5": 0.21926,
    "mrr_at_1": 0.16512,
    "mrr_at_10": 0.25447,
    "mrr_at_100": 0.26465,
    "mrr_at_1000": 0.26533,
    "mrr_at_3": 0.22412,
    "mrr_at_5": 0.24118,
    "ndcg_at_1": 0.1657,
    "ndcg_at_10": 0.28931,
    "ndcg_at_100": 0.34528,
    "ndcg_at_1000": 0.36732,
    "ndcg_at_3": 0.22454,
    "ndcg_at_5": 0.25581,
    "precision_at_1": 0.1657,
    "precision_at_10": 0.05252,
    "precision_at_100": 0.00841,
    "precision_at_1000": 0.00105,
    "precision_at_3": 0.10429,
    "precision_at_5": 0.08042,
    "recall_at_1": 0.14533,
    "recall_at_10": 0.4402,
    "recall_at_100": 0.69327,
    "recall_at_1000": 0.86131,
    "recall_at_3": 0.26958,
    "recall_at_5": 0.34224
  }
}