{
  "dataset_revision": null,
  "mteb_dataset_name": "PolEmo2.0-IN",
  "mteb_version": "1.1.1",
  "test": {
    "accuracy": 0.6840720221606649,
    "accuracy_stderr": 0.04527391315137193,
    "evaluation_time": 3.29,
    "f1": 0.6709084289613525,
    "f1_stderr": 0.03793450643214071,
    "main_score": 0.6840720221606649
  }
}