{
  "dataset_revision": null,
  "mteb_dataset_name": "PPC",
  "mteb_version": "1.1.1",
  "test": {
    "cos_sim": {
      "accuracy": 0.865,
      "accuracy_threshold": 0.9221696770870113,
      "ap": 0.9265232130900666,
      "f1": 0.8939157566302652,
      "f1_threshold": 0.8971802805708741,
      "precision": 0.8451327433628318,
      "recall": 0.9486754966887417
    },
    "dot": {
      "accuracy": 0.865,
      "accuracy_threshold": 0.91650390625,
      "ap": 0.9288262602769505,
      "f1": 0.8946135831381734,
      "f1_threshold": 0.8974609375,
      "precision": 0.8463810930576071,
      "recall": 0.9486754966887417
    },
    "euclidean": {
      "accuracy": 0.865,
      "accuracy_threshold": 0.39450526811986414,
      "ap": 0.9265312843721225,
      "f1": 0.8939157566302652,
      "f1_threshold": 0.45351611487447935,
      "precision": 0.8451327433628318,
      "recall": 0.9486754966887417
    },
    "evaluation_time": 1.01,
    "manhattan": {
      "accuracy": 0.865,
      "accuracy_threshold": 8.872953176498413,
      "ap": 0.9264757543643398,
      "f1": 0.8926905132192846,
      "f1_threshold": 10.041724979877472,
      "precision": 0.841642228739003,
      "recall": 0.9503311258278145
    },
    "max": {
      "accuracy": 0.865,
      "ap": 0.9288262602769505,
      "f1": 0.8946135831381734
    }
  }
}