{
  "dataset_revision": null,
  "mteb_dataset_name": "PSC",
  "mteb_version": "1.1.1",
  "test": {
    "cos_sim": {
      "accuracy": 0.9564007421150278,
      "accuracy_threshold": 0.8190138844514128,
      "ap": 0.9842061122011464,
      "f1": 0.9288956127080181,
      "f1_threshold": 0.8089015371630675,
      "precision": 0.9219219219219219,
      "recall": 0.9359756097560976
    },
    "dot": {
      "accuracy": 0.9564007421150278,
      "accuracy_threshold": 0.81884765625,
      "ap": 0.9841034494010061,
      "f1": 0.9288956127080181,
      "f1_threshold": 0.80859375,
      "precision": 0.9219219219219219,
      "recall": 0.9359756097560976
    },
    "euclidean": {
      "accuracy": 0.9564007421150278,
      "accuracy_threshold": 0.6016206693370143,
      "ap": 0.9842004541980123,
      "f1": 0.9288956127080181,
      "f1_threshold": 0.6181598574214557,
      "precision": 0.9219219219219219,
      "recall": 0.9359756097560976
    },
    "evaluation_time": 1.32,
    "manhattan": {
      "accuracy": 0.9582560296846011,
      "accuracy_threshold": 13.67968824505806,
      "ap": 0.9838537518282977,
      "f1": 0.9319213313161876,
      "f1_threshold": 13.67968824505806,
      "precision": 0.924924924924925,
      "recall": 0.9390243902439024
    },
    "max": {
      "accuracy": 0.9582560296846011,
      "ap": 0.9842061122011464,
      "f1": 0.9319213313161876
    }
  }
}