{
  "dataset_revision": null,
  "mteb_dataset_name": "Quora-PL",
  "mteb_version": "1.1.1",
  "test": {
    "evaluation_time": 196.9,
    "map_at_1": 0.65541,
    "map_at_10": 0.79299,
    "map_at_100": 0.80037,
    "map_at_1000": 0.80058,
    "map_at_3": 0.762,
    "map_at_5": 0.78073,
    "mrr_at_1": 0.7527,
    "mrr_at_10": 0.82395,
    "mrr_at_100": 0.82585,
    "mrr_at_1000": 0.8259,
    "mrr_at_3": 0.81103,
    "mrr_at_5": 0.81938,
    "ndcg_at_1": 0.7546,
    "ndcg_at_10": 0.83624,
    "ndcg_at_100": 0.85342,
    "ndcg_at_1000": 0.85564,
    "ndcg_at_3": 0.80163,
    "ndcg_at_5": 0.81979,
    "precision_at_1": 0.7546,
    "precision_at_10": 0.12859,
    "precision_at_100": 0.01508,
    "precision_at_1000": 0.00156,
    "precision_at_3": 0.352,
    "precision_at_5": 0.23308,
    "recall_at_1": 0.65541,
    "recall_at_10": 0.92399,
    "recall_at_100": 0.98575,
    "recall_at_1000": 0.99843,
    "recall_at_3": 0.82592,
    "recall_at_5": 0.87585
  }
}