{
  "dataset_revision": null,
  "mteb_dataset_name": "SCIDOCS-PL",
  "mteb_version": "1.1.1",
  "test": {
    "evaluation_time": 66.85,
    "map_at_1": 0.025,
    "map_at_10": 0.06772,
    "map_at_100": 0.08231,
    "map_at_1000": 0.08529,
    "map_at_3": 0.04666,
    "map_at_5": 0.05663,
    "mrr_at_1": 0.125,
    "mrr_at_10": 0.20825,
    "mrr_at_100": 0.22045,
    "mrr_at_1000": 0.2214,
    "mrr_at_3": 0.17767,
    "mrr_at_5": 0.19452,
    "ndcg_at_1": 0.124,
    "ndcg_at_10": 0.12125,
    "ndcg_at_100": 0.18758,
    "ndcg_at_1000": 0.24715,
    "ndcg_at_3": 0.10694,
    "ndcg_at_5": 0.09635,
    "precision_at_1": 0.124,
    "precision_at_10": 0.0661,
    "precision_at_100": 0.01632,
    "precision_at_1000": 0.00307,
    "precision_at_3": 0.10133,
    "precision_at_5": 0.0872,
    "recall_at_1": 0.025,
    "recall_at_10": 0.13395,
    "recall_at_100": 0.33148,
    "recall_at_1000": 0.62325,
    "recall_at_3": 0.06145,
    "recall_at_5": 0.0882
  }
}