{
  "dataset_revision": null,
  "mteb_dataset_name": "SciFact-PL",
  "mteb_version": "1.1.1",
  "test": {
    "evaluation_time": 17.26,
    "map_at_1": 0.40694,
    "map_at_10": 0.52052,
    "map_at_100": 0.52723,
    "map_at_1000": 0.52759,
    "map_at_3": 0.4888,
    "map_at_5": 0.5087,
    "mrr_at_1": 0.43,
    "mrr_at_10": 0.53337,
    "mrr_at_100": 0.53933,
    "mrr_at_1000": 0.53964,
    "mrr_at_3": 0.50833,
    "mrr_at_5": 0.525,
    "ndcg_at_1": 0.43,
    "ndcg_at_10": 0.57591,
    "ndcg_at_100": 0.61096,
    "ndcg_at_1000": 0.62122,
    "ndcg_at_3": 0.5211,
    "ndcg_at_5": 0.55188,
    "precision_at_1": 0.43,
    "precision_at_10": 0.08267,
    "precision_at_100": 0.01023,
    "precision_at_1000": 0.00111,
    "precision_at_3": 0.21444,
    "precision_at_5": 0.146,
    "recall_at_1": 0.40694,
    "recall_at_10": 0.73111,
    "recall_at_100": 0.89867,
    "recall_at_1000": 0.98,
    "recall_at_3": 0.58744,
    "recall_at_5": 0.66272
  }
}