{
  "dataset_revision": null,
  "mteb_dataset_name": "SICK-E-PL",
  "mteb_version": "1.1.1",
  "test": {
    "cos_sim": {
      "accuracy": 0.8613942111699959,
      "accuracy_threshold": 0.9311723360382873,
      "ap": 0.8147342757692554,
      "f1": 0.7481644640234949,
      "f1_threshold": 0.9264404174589267,
      "precision": 0.771969696969697,
      "recall": 0.7257834757834758
    },
    "dot": {
      "accuracy": 0.8609865470852018,
      "accuracy_threshold": 0.9287109375,
      "ap": 0.8142218808896404,
      "f1": 0.7491761259611864,
      "f1_threshold": 0.92578125,
      "precision": 0.7709118311981914,
      "recall": 0.7286324786324786
    },
    "euclidean": {
      "accuracy": 0.8613942111699959,
      "accuracy_threshold": 0.3710038714356953,
      "ap": 0.814739045498943,
      "f1": 0.7481644640234949,
      "f1_threshold": 0.38359533339614915,
      "precision": 0.771969696969697,
      "recall": 0.7257834757834758
    },
    "evaluation_time": 2.35,
    "manhattan": {
      "accuracy": 0.8611903791275989,
      "accuracy_threshold": 8.327165931463242,
      "ap": 0.8140797518012306,
      "f1": 0.7480577136514983,
      "f1_threshold": 8.371920675039291,
      "precision": 0.7782909930715936,
      "recall": 0.7200854700854701
    },
    "max": {
      "accuracy": 0.8613942111699959,
      "ap": 0.814739045498943,
      "f1": 0.7491761259611864
    }
  }
}