{
  "dataset_revision": null,
  "mteb_dataset_name": "TRECCOVID-PL",
  "mteb_version": "1.1.1",
  "test": {
    "evaluation_time": 450.97,
    "map_at_1": 0.00144,
    "map_at_10": 0.01089,
    "map_at_100": 0.06005,
    "map_at_1000": 0.15476,
    "map_at_3": 0.00409,
    "map_at_5": 0.00594,
    "mrr_at_1": 0.52,
    "mrr_at_10": 0.71767,
    "mrr_at_100": 0.71767,
    "mrr_at_1000": 0.71767,
    "mrr_at_3": 0.69667,
    "mrr_at_5": 0.71767,
    "ndcg_at_1": 0.48,
    "ndcg_at_10": 0.48813,
    "ndcg_at_100": 0.3855,
    "ndcg_at_1000": 0.37952,
    "ndcg_at_3": 0.5238,
    "ndcg_at_5": 0.50727,
    "precision_at_1": 0.54,
    "precision_at_10": 0.536,
    "precision_at_100": 0.4036,
    "precision_at_1000": 0.17276,
    "precision_at_3": 0.57333,
    "precision_at_5": 0.556,
    "recall_at_1": 0.00144,
    "recall_at_10": 0.01437,
    "recall_at_100": 0.09682,
    "recall_at_1000": 0.36867,
    "recall_at_3": 0.00475,
    "recall_at_5": 0.00721
  }
}