{
  "dataset_revision": null,
  "mteb_dataset_name": "AllegroReviews",
  "mteb_version": "1.1.1",
  "test": {
    "accuracy": 0.3450298210735586,
    "accuracy_stderr": 0.04167713599340436,
    "evaluation_time": 2.92,
    "f1": 0.3118558602099836,
    "f1_stderr": 0.02975172381476047,
    "main_score": 0.3450298210735586
  }
}