{
  "dataset_revision": null,
  "mteb_dataset_name": "ArguAna-PL",
  "mteb_version": "1.1.1",
  "test": {
    "evaluation_time": 16.56,
    "map_at_1": 0.24609,
    "map_at_10": 0.40616,
    "map_at_100": 0.41719,
    "map_at_1000": 0.41728,
    "map_at_3": 0.35775,
    "map_at_5": 0.38578,
    "mrr_at_1": 0.25605,
    "mrr_at_10": 0.40994,
    "mrr_at_100": 0.4209,
    "mrr_at_1000": 0.42099,
    "mrr_at_3": 0.36131,
    "mrr_at_5": 0.38915,
    "ndcg_at_1": 0.24609,
    "ndcg_at_10": 0.49417,
    "ndcg_at_100": 0.54095,
    "ndcg_at_1000": 0.54312,
    "ndcg_at_3": 0.39428,
    "ndcg_at_5": 0.44502,
    "precision_at_1": 0.24609,
    "precision_at_10": 0.07752,
    "precision_at_100": 0.00979,
    "precision_at_1000": 0.001,
    "precision_at_3": 0.16667,
    "precision_at_5": 0.12475,
    "recall_at_1": 0.24609,
    "recall_at_10": 0.77525,
    "recall_at_100": 0.97937,
    "recall_at_1000": 0.99573,
    "recall_at_3": 0.5,
    "recall_at_5": 0.62376
  }
}