{
  "dataset_revision": null,
  "mteb_dataset_name": "CBD",
  "mteb_version": "1.1.1",
  "test": {
    "accuracy": 0.7027,
    "accuracy_stderr": 0.06656583207622362,
    "ap": 0.2309733548781348,
    "ap_stderr": 0.04309169873643487,
    "evaluation_time": 12.06,
    "f1": 0.5912637043467891,
    "f1_stderr": 0.05928864394548397,
    "main_score": 0.7027
  }
}