{
  "dataset_revision": null,
  "mteb_dataset_name": "CDSC-E",
  "mteb_version": "1.1.1",
  "test": {
    "cos_sim": {
      "accuracy": 0.89,
      "accuracy_threshold": 0.9488985538482666,
      "ap": 0.7599465160566942,
      "f1": 0.6686746987951808,
      "f1_threshold": 0.948075532913208,
      "precision": 0.7816901408450704,
      "recall": 0.5842105263157895
    },
    "dot": {
      "accuracy": 0.857,
      "accuracy_threshold": 166.85118103027344,
      "ap": 0.587111385463526,
      "f1": 0.5686653771760155,
      "f1_threshold": 129.36093139648438,
      "precision": 0.44954128440366975,
      "recall": 0.7736842105263158
    },
    "euclidean": {
      "accuracy": 0.885,
      "accuracy_threshold": 2.9341235160827637,
      "ap": 0.7515287431224897,
      "f1": 0.6631578947368421,
      "f1_threshold": 5.011011123657227,
      "precision": 0.6631578947368421,
      "recall": 0.6631578947368421
    },
    "evaluation_time": 0.74,
    "manhattan": {
      "accuracy": 0.887,
      "accuracy_threshold": 81.84716033935547,
      "ap": 0.751669870520924,
      "f1": 0.6612903225806452,
      "f1_threshold": 104.49041748046875,
      "precision": 0.6758241758241759,
      "recall": 0.6473684210526316
    },
    "max": {
      "accuracy": 0.89,
      "ap": 0.7599465160566942,
      "f1": 0.6686746987951808
    }
  }
}