{
  "dataset_revision": null,
  "mteb_dataset_name": "CDSC-R",
  "mteb_version": "1.1.1",
  "test": {
    "cos_sim": {
      "pearson": 0.8898237432909891,
      "spearman": 0.8961630211290843
    },
    "euclidean": {
      "pearson": 0.9038875098834016,
      "spearman": 0.8983228092939708
    },
    "evaluation_time": 0.91,
    "manhattan": {
      "pearson": 0.9028803728547836,
      "spearman": 0.8972353987842734
    }
  }
}