{
  "dataset_revision": null,
  "mteb_dataset_name": "DBPedia-PL",
  "mteb_version": "1.1.1",
  "test": {
    "evaluation_time": 3460.35,
    "map_at_1": 0.04584,
    "map_at_10": 0.08758,
    "map_at_100": 0.10911,
    "map_at_1000": 0.11567,
    "map_at_3": 0.06868,
    "map_at_5": 0.0767,
    "mrr_at_1": 0.36,
    "mrr_at_10": 0.44921,
    "mrr_at_100": 0.45621,
    "mrr_at_1000": 0.45672,
    "mrr_at_3": 0.43,
    "mrr_at_5": 0.44,
    "ndcg_at_1": 0.265,
    "ndcg_at_10": 0.19817,
    "ndcg_at_100": 0.21491,
    "ndcg_at_1000": 0.26981,
    "ndcg_at_3": 0.23,
    "ndcg_at_5": 0.21126,
    "precision_at_1": 0.36,
    "precision_at_10": 0.157,
    "precision_at_100": 0.04472,
    "precision_at_1000": 0.0111,
    "precision_at_3": 0.26667,
    "precision_at_5": 0.214,
    "recall_at_1": 0.04584,
    "recall_at_10": 0.12594,
    "recall_at_100": 0.25266,
    "recall_at_1000": 0.44475,
    "recall_at_3": 0.07862,
    "recall_at_5": 0.09476
  }
}