{
  "dataset_revision": null,
  "mteb_dataset_name": "FiQA-PL",
  "mteb_version": "1.1.1",
  "test": {
    "evaluation_time": 78.03,
    "map_at_1": 0.08822,
    "map_at_10": 0.14431,
    "map_at_100": 0.15701,
    "map_at_1000": 0.1591,
    "map_at_3": 0.12229,
    "map_at_5": 0.13217,
    "mrr_at_1": 0.17747,
    "mrr_at_10": 0.24417,
    "mrr_at_100": 0.25342,
    "mrr_at_1000": 0.25441,
    "mrr_at_3": 0.22145,
    "mrr_at_5": 0.23125,
    "ndcg_at_1": 0.17747,
    "ndcg_at_10": 0.19578,
    "ndcg_at_100": 0.25274,
    "ndcg_at_1000": 0.29889,
    "ndcg_at_3": 0.16548,
    "ndcg_at_5": 0.17259,
    "precision_at_1": 0.17747,
    "precision_at_10": 0.05787,
    "precision_at_100": 0.01156,
    "precision_at_1000": 0.00193,
    "precision_at_3": 0.1106,
    "precision_at_5": 0.08302,
    "recall_at_1": 0.08822,
    "recall_at_10": 0.24918,
    "recall_at_100": 0.46954,
    "recall_at_1000": 0.75956,
    "recall_at_3": 0.14998,
    "recall_at_5": 0.18178
  }
}