{
  "dataset_revision": null,
  "mteb_dataset_name": "HotpotQA-PL",
  "mteb_version": "1.1.1",
  "test": {
    "evaluation_time": 4135.87,
    "map_at_1": 0.13349,
    "map_at_10": 0.17759,
    "map_at_100": 0.18431,
    "map_at_1000": 0.18528,
    "map_at_3": 0.1643,
    "map_at_5": 0.17111,
    "mrr_at_1": 0.26698,
    "mrr_at_10": 0.3277,
    "mrr_at_100": 0.33516,
    "mrr_at_1000": 0.33586,
    "mrr_at_3": 0.3102,
    "mrr_at_5": 0.31939,
    "ndcg_at_1": 0.26698,
    "ndcg_at_10": 0.23469,
    "ndcg_at_100": 0.27065,
    "ndcg_at_1000": 0.29634,
    "ndcg_at_3": 0.20628,
    "ndcg_at_5": 0.21891,
    "precision_at_1": 0.26698,
    "precision_at_10": 0.05153,
    "precision_at_100": 0.00808,
    "precision_at_1000": 0.00115,
    "precision_at_3": 0.12856,
    "precision_at_5": 0.08716,
    "recall_at_1": 0.13349,
    "recall_at_10": 0.25766,
    "recall_at_100": 0.40385,
    "recall_at_1000": 0.57603,
    "recall_at_3": 0.19284,
    "recall_at_5": 0.21789
  }
}