{
  "dataset_revision": "31efe3c427b0bae9c22cbb560b8f15491cc6bed7",
  "mteb_dataset_name": "MassiveIntentClassification",
  "mteb_version": "1.1.1",
  "test": {
    "evaluation_time": 23.64,
    "pl": {
      "accuracy": 0.6480833893745797,
      "accuracy_stderr": 0.012060180381530616,
      "f1": 0.630458891207335,
      "f1_stderr": 0.01082483366354714,
      "main_score": 0.6480833893745797
    }
  }
}