{
  "dataset_revision": "7d571f92784cd94a019292a1f45445077d0ef634",
  "mteb_dataset_name": "MassiveScenarioClassification",
  "mteb_version": "1.1.1",
  "test": {
    "evaluation_time": 4.23,
    "pl": {
      "accuracy": 0.7001008742434431,
      "accuracy_stderr": 0.01736121632788684,
      "f1": 0.6973440389550483,
      "f1_stderr": 0.011932731396592117,
      "main_score": 0.7001008742434431
    }
  }
}