{
  "dataset_revision": null,
  "mteb_dataset_name": "MSMARCO-PL",
  "mteb_version": "1.1.1",
  "validation": {
    "evaluation_time": 10716.01,
    "map_at_1": 0.07538,
    "map_at_10": 0.1304,
    "map_at_100": 0.13959,
    "map_at_1000": 0.14054,
    "map_at_3": 0.1092,
    "map_at_5": 0.1209,
    "mrr_at_1": 0.07765,
    "mrr_at_10": 0.13386,
    "mrr_at_100": 0.14297,
    "mrr_at_1000": 0.14388,
    "mrr_at_3": 0.11249,
    "mrr_at_5": 0.12416,
    "ndcg_at_1": 0.07765,
    "ndcg_at_10": 0.16515,
    "ndcg_at_100": 0.21567,
    "ndcg_at_1000": 0.24379,
    "ndcg_at_3": 0.12128,
    "ndcg_at_5": 0.14224,
    "precision_at_1": 0.07765,
    "precision_at_10": 0.02851,
    "precision_at_100": 0.00547,
    "precision_at_1000": 0.00079,
    "precision_at_3": 0.05287,
    "precision_at_5": 0.04226,
    "recall_at_1": 0.07538,
    "recall_at_10": 0.27305,
    "recall_at_100": 0.5204,
    "recall_at_1000": 0.74475,
    "recall_at_3": 0.15308,
    "recall_at_5": 0.20339
  }
}