{
  "dataset_revision": null,
  "mteb_dataset_name": "NFCorpus-PL",
  "mteb_version": "1.1.1",
  "test": {
    "evaluation_time": 19.32,
    "map_at_1": 0.02744,
    "map_at_10": 0.06633,
    "map_at_100": 0.08974,
    "map_at_1000": 0.10341,
    "map_at_3": 0.04815,
    "map_at_5": 0.05525,
    "mrr_at_1": 0.29721,
    "mrr_at_10": 0.39839,
    "mrr_at_100": 0.4069,
    "mrr_at_1000": 0.4075,
    "mrr_at_3": 0.3741,
    "mrr_at_5": 0.38958,
    "ndcg_at_1": 0.28173,
    "ndcg_at_10": 0.22486,
    "ndcg_at_100": 0.22195,
    "ndcg_at_1000": 0.31867,
    "ndcg_at_3": 0.25982,
    "ndcg_at_5": 0.24223,
    "precision_at_1": 0.29412,
    "precision_at_10": 0.17461,
    "precision_at_100": 0.06467,
    "precision_at_1000": 0.01967,
    "precision_at_3": 0.24561,
    "precision_at_5": 0.21672,
    "recall_at_1": 0.02744,
    "recall_at_10": 0.10334,
    "recall_at_100": 0.24303,
    "recall_at_1000": 0.58316,
    "recall_at_3": 0.06283,
    "recall_at_5": 0.07513
  }
}