{
  "dataset_revision": null,
  "mteb_dataset_name": "NQ-PL",
  "mteb_version": "1.1.1",
  "test": {
    "evaluation_time": 5911.92,
    "map_at_1": 0.08575,
    "map_at_10": 0.1548,
    "map_at_100": 0.16542,
    "map_at_1000": 0.16639,
    "map_at_3": 0.13085,
    "map_at_5": 0.14402,
    "mrr_at_1": 0.09705,
    "mrr_at_10": 0.17002,
    "mrr_at_100": 0.17938,
    "mrr_at_1000": 0.18021,
    "mrr_at_3": 0.14557,
    "mrr_at_5": 0.1592,
    "ndcg_at_1": 0.09705,
    "ndcg_at_10": 0.19828,
    "ndcg_at_100": 0.25176,
    "ndcg_at_1000": 0.27877,
    "ndcg_at_3": 0.14938,
    "ndcg_at_5": 0.17294,
    "precision_at_1": 0.09705,
    "precision_at_10": 0.0374,
    "precision_at_100": 0.00684,
    "precision_at_1000": 0.00094,
    "precision_at_3": 0.07242,
    "precision_at_5": 0.05672,
    "recall_at_1": 0.08575,
    "recall_at_10": 0.31759,
    "recall_at_100": 0.56629,
    "recall_at_1000": 0.77441,
    "recall_at_3": 0.18854,
    "recall_at_5": 0.24324
  }
}