{
  "dataset_revision": null,
  "mteb_dataset_name": "PAC",
  "mteb_version": "1.1.1",
  "test": {
    "accuracy": 0.6460469157254563,
    "accuracy_stderr": 0.04723602021954952,
    "ap": 0.7525322963703813,
    "ap_stderr": 0.02724217570002948,
    "evaluation_time": 2.83,
    "f1": 0.6205208538653734,
    "f1_stderr": 0.051951639918922154,
    "main_score": 0.6460469157254563
  }
}