{
  "dataset_revision": null,
  "mteb_dataset_name": "PolEmo2.0-IN",
  "mteb_version": "1.1.1",
  "test": {
    "accuracy": 0.6706371191135735,
    "accuracy_stderr": 0.03617478240038425,
    "evaluation_time": 2.87,
    "f1": 0.6651008370000273,
    "f1_stderr": 0.03281698220766396,
    "main_score": 0.6706371191135735
  }
}