{
  "dataset_revision": null,
  "mteb_dataset_name": "PolEmo2.0-OUT",
  "mteb_version": "1.1.1",
  "test": {
    "accuracy": 0.38582995951417004,
    "accuracy_stderr": 0.05768484929415575,
    "evaluation_time": 2.24,
    "f1": 0.3328001950491293,
    "f1_stderr": 0.042286038260806534,
    "main_score": 0.38582995951417004
  }
}