{
  "dataset_revision": null,
  "mteb_dataset_name": "PPC",
  "mteb_version": "1.1.1",
  "test": {
    "cos_sim": {
      "accuracy": 0.883,
      "accuracy_threshold": 0.8584399223327637,
      "ap": 0.9329085685177966,
      "f1": 0.9075369075369075,
      "f1_threshold": 0.8258413076400757,
      "precision": 0.8550512445095169,
      "recall": 0.9668874172185431
    },
    "dot": {
      "accuracy": 0.752,
      "accuracy_threshold": 128.81423950195312,
      "ap": 0.8663421566335343,
      "f1": 0.8066465256797583,
      "f1_threshold": 110.22882080078125,
      "precision": 0.7416666666666667,
      "recall": 0.8841059602649006
    },
    "euclidean": {
      "accuracy": 0.887,
      "accuracy_threshold": 6.431262493133545,
      "ap": 0.9327245988659327,
      "f1": 0.9093774625689519,
      "f1_threshold": 7.100940704345703,
      "precision": 0.8676691729323308,
      "recall": 0.9552980132450332
    },
    "evaluation_time": 1.12,
    "manhattan": {
      "accuracy": 0.888,
      "accuracy_threshold": 152.90750122070312,
      "ap": 0.933081395158845,
      "f1": 0.9119496855345912,
      "f1_threshold": 156.1119842529297,
      "precision": 0.8682634730538922,
      "recall": 0.9602649006622517
    },
    "max": {
      "accuracy": 0.888,
      "ap": 0.933081395158845,
      "f1": 0.9119496855345912
    }
  }
}