{
  "dataset_revision": null,
  "mteb_dataset_name": "PSC",
  "mteb_version": "1.1.1",
  "test": {
    "cos_sim": {
      "accuracy": 0.9703153988868275,
      "accuracy_threshold": 0.6411148309707642,
      "ap": 0.9910327047985201,
      "f1": 0.9525222551928784,
      "f1_threshold": 0.6144285202026367,
      "precision": 0.9277456647398844,
      "recall": 0.9786585365853658
    },
    "dot": {
      "accuracy": 0.9554730983302412,
      "accuracy_threshold": 48.17896270751953,
      "ap": 0.9607152817065521,
      "f1": 0.9286754002911208,
      "f1_threshold": 44.91564178466797,
      "precision": 0.8885793871866295,
      "recall": 0.9725609756097561
    },
    "euclidean": {
      "accuracy": 0.9517625231910947,
      "accuracy_threshold": 7.65604305267334,
      "ap": 0.9724052454218276,
      "f1": 0.9226190476190477,
      "f1_threshold": 7.6784820556640625,
      "precision": 0.9011627906976745,
      "recall": 0.9451219512195121
    },
    "evaluation_time": 1.39,
    "manhattan": {
      "accuracy": 0.9499072356215214,
      "accuracy_threshold": 161.77584838867188,
      "ap": 0.9723250908545431,
      "f1": 0.9191616766467067,
      "f1_threshold": 164.95639038085938,
      "precision": 0.9029411764705882,
      "recall": 0.9359756097560976
    },
    "max": {
      "accuracy": 0.9703153988868275,
      "ap": 0.9910327047985201,
      "f1": 0.9525222551928784
    }
  }
}