{
  "dataset_revision": null,
  "mteb_dataset_name": "Quora-PL",
  "mteb_version": "1.1.1",
  "test": {
    "evaluation_time": 204.65,
    "map_at_1": 0.6294,
    "map_at_10": 0.76635,
    "map_at_100": 0.77417,
    "map_at_1000": 0.77442,
    "map_at_3": 0.73438,
    "map_at_5": 0.75399,
    "mrr_at_1": 0.7259,
    "mrr_at_10": 0.7997,
    "mrr_at_100": 0.80208,
    "mrr_at_1000": 0.80214,
    "mrr_at_3": 0.7857,
    "mrr_at_5": 0.79463,
    "ndcg_at_1": 0.7266,
    "ndcg_at_10": 0.81166,
    "ndcg_at_100": 0.83147,
    "ndcg_at_1000": 0.83439,
    "ndcg_at_3": 0.77451,
    "ndcg_at_5": 0.79431,
    "precision_at_1": 0.7266,
    "precision_at_10": 0.12586,
    "precision_at_100": 0.01495,
    "precision_at_1000": 0.00155,
    "precision_at_3": 0.34103,
    "precision_at_5": 0.22704,
    "recall_at_1": 0.6294,
    "recall_at_10": 0.90413,
    "recall_at_100": 0.97865,
    "recall_at_1000": 0.9965,
    "recall_at_3": 0.79937,
    "recall_at_5": 0.85301
  }
}