{
  "dataset_revision": null,
  "mteb_dataset_name": "SCIDOCS-PL",
  "mteb_version": "1.1.1",
  "test": {
    "evaluation_time": 133.41,
    "map_at_1": 0.0264,
    "map_at_10": 0.06799,
    "map_at_100": 0.08155,
    "map_at_1000": 0.08432,
    "map_at_3": 0.04756,
    "map_at_5": 0.05666,
    "mrr_at_1": 0.131,
    "mrr_at_10": 0.2096,
    "mrr_at_100": 0.22181,
    "mrr_at_1000": 0.22272,
    "mrr_at_3": 0.18183,
    "mrr_at_5": 0.19663,
    "ndcg_at_1": 0.131,
    "ndcg_at_10": 0.1215,
    "ndcg_at_100": 0.1851,
    "ndcg_at_1000": 0.24094,
    "ndcg_at_3": 0.10962,
    "ndcg_at_5": 0.09649,
    "precision_at_1": 0.131,
    "precision_at_10": 0.0656,
    "precision_at_100": 0.0159,
    "precision_at_1000": 0.00294,
    "precision_at_3": 0.10333,
    "precision_at_5": 0.0858,
    "recall_at_1": 0.0264,
    "recall_at_10": 0.13288,
    "recall_at_100": 0.32335,
    "recall_at_1000": 0.59813,
    "recall_at_3": 0.0626,
    "recall_at_5": 0.08693
  }
}