{
  "dataset_revision": "4755de8baebc07bed0c60cec9f796e9a346600cb",
  "mteb_dataset_name": "SciDefRetrieval",
  "mteb_version": "1.7.49",
  "test": {
    "evaluation_time": 1.75,
    "map_at_1": 0.38292,
    "map_at_10": 0.48374,
    "map_at_100": 0.49243,
    "map_at_1000": 0.49291,
    "map_at_20": 0.4891,
    "map_at_3": 0.45876,
    "map_at_5": 0.47239,
    "mrr_at_1": 0.38144,
    "mrr_at_10": 0.48298,
    "mrr_at_100": 0.49179,
    "mrr_at_1000": 0.49227,
    "mrr_at_20": 0.4884,
    "mrr_at_3": 0.45852,
    "mrr_at_5": 0.47177,
    "ndcg_at_1": 0.38292,
    "ndcg_at_10": 0.53544,
    "ndcg_at_100": 0.57893,
    "ndcg_at_1000": 0.59112,
    "ndcg_at_20": 0.5551,
    "ndcg_at_3": 0.48318,
    "ndcg_at_5": 0.50759,
    "precision_at_1": 0.38292,
    "precision_at_10": 0.06996,
    "precision_at_100": 0.00906,
    "precision_at_1000": 0.001,
    "precision_at_20": 0.03888,
    "precision_at_3": 0.18459,
    "precision_at_5": 0.12253,
    "recall_at_1": 0.38292,
    "recall_at_10": 0.69956,
    "recall_at_100": 0.90574,
    "recall_at_1000": 1.0,
    "recall_at_20": 0.77761,
    "recall_at_3": 0.55376,
    "recall_at_5": 0.61267
  }
}