{
  "dataset_revision": "8064b4442da038aa0482a2542370f9a2441cc50a",
  "mteb_dataset_name": "SciField",
  "mteb_version": "1.7.49",
  "test": {
    "accuracy": 0.820653685674548,
    "accuracy_stderr": 0.03138365922885717,
    "evaluation_time": 3.63,
    "f1": 0.8176848912466713,
    "f1_stderr": 0.03324482764694406,
    "main_score": 0.820653685674548
  }
}