{
  "dataset_revision": null,
  "mteb_dataset_name": "SciFact-PL",
  "mteb_version": "1.1.1",
  "test": {
    "evaluation_time": 27.61,
    "map_at_1": 0.35567,
    "map_at_10": 0.44921,
    "map_at_100": 0.45808,
    "map_at_1000": 0.45867,
    "map_at_3": 0.42183,
    "map_at_5": 0.43875,
    "mrr_at_1": 0.37667,
    "mrr_at_10": 0.46168,
    "mrr_at_100": 0.46935,
    "mrr_at_1000": 0.46985,
    "mrr_at_3": 0.43889,
    "mrr_at_5": 0.45222,
    "ndcg_at_1": 0.37667,
    "ndcg_at_10": 0.49495,
    "ndcg_at_100": 0.54243,
    "ndcg_at_1000": 0.55689,
    "ndcg_at_3": 0.4457,
    "ndcg_at_5": 0.47083,
    "precision_at_1": 0.37667,
    "precision_at_10": 0.07067,
    "precision_at_100": 0.0097,
    "precision_at_1000": 0.0011,
    "precision_at_3": 0.17889,
    "precision_at_5": 0.124,
    "recall_at_1": 0.35567,
    "recall_at_10": 0.62367,
    "recall_at_100": 0.85456,
    "recall_at_1000": 0.96667,
    "recall_at_3": 0.49133,
    "recall_at_5": 0.55133
  }
}