{
  "dataset_revision": null,
  "mteb_dataset_name": "SICK-E-PL",
  "mteb_version": "1.1.1",
  "test": {
    "cos_sim": {
      "accuracy": 0.8416225030574807,
      "accuracy_threshold": 0.9119149446487427,
      "ap": 0.796305303258229,
      "f1": 0.7198908222449677,
      "f1_threshold": 0.8688762187957764,
      "precision": 0.6908971840209561,
      "recall": 0.7514245014245015
    },
    "dot": {
      "accuracy": 0.7959641255605381,
      "accuracy_threshold": 155.6048583984375,
      "ap": 0.6841789215774986,
      "f1": 0.6415425065731815,
      "f1_threshold": 131.7978973388672,
      "precision": 0.5438335809806835,
      "recall": 0.782051282051282
    },
    "euclidean": {
      "accuracy": 0.8383611903791276,
      "accuracy_threshold": 5.619657516479492,
      "ap": 0.7875761760532574,
      "f1": 0.7144305508617776,
      "f1_threshold": 6.661013603210449,
      "precision": 0.6797427652733119,
      "recall": 0.7528490028490028
    },
    "evaluation_time": 2.52,
    "manhattan": {
      "accuracy": 0.8381573583367306,
      "accuracy_threshold": 120.46452331542969,
      "ap": 0.7887254122588037,
      "f1": 0.7141918528252299,
      "f1_threshold": 149.70693969726562,
      "precision": 0.6628048780487805,
      "recall": 0.7742165242165242
    },
    "max": {
      "accuracy": 0.8416225030574807,
      "ap": 0.796305303258229,
      "f1": 0.7198908222449677
    }
  }
}