{
  "dataset_revision": null,
  "mteb_dataset_name": "SICK-R-PL",
  "mteb_version": "1.1.1",
  "test": {
    "cos_sim": {
      "pearson": 0.8271716035534248,
      "spearman": 0.7637139464526563
    },
    "euclidean": {
      "pearson": 0.8036072053772115,
      "spearman": 0.7567271580292084
    },
    "evaluation_time": 2.72,
    "manhattan": {
      "pearson": 0.8024530721423526,
      "spearman": 0.7561798671231712
    }
  }
}