{
  "dataset_revision": "6d1ba47164174a496b7fa5d3569dae26a6813b80",
  "mteb_dataset_name": "STS22",
  "mteb_version": "1.1.1",
  "test": {
    "evaluation_time": 1.16,
    "pl": {
      "cos_sim": {
        "pearson": 0.3963037921310808,
        "spearman": 0.40359766334200076
      },
      "euclidean": {
        "pearson": 0.302723848009258,
        "spearman": 0.4024760143646009
      },
      "manhattan": {
        "pearson": 0.3031154387206358,
        "spearman": 0.39993827124365317
      }
    }
  }
}