{
  "dataset_revision": "93d57ef91790589e3ce9c365164337a8a78b7632",
  "mteb_dataset_name": "STSBenchmarkMultilingualSTS",
  "mteb_version": "1.7.49",
  "test": {
    "evaluation_time": 1.02,
    "pl": {
      "cos_sim": {
        "pearson": 0.8136980620314854,
        "spearman": 0.8188589816863718
      },
      "euclidean": {
        "pearson": 0.813000604846135,
        "spearman": 0.8099081925772617
      },
      "manhattan": {
        "pearson": 0.812098905081251,
        "spearman": 0.8079561933866214
      }
    }
  }
}