{
  "dataset_revision": null,
  "mteb_dataset_name": "TRECCOVID-PL",
  "mteb_version": "1.1.1",
  "test": {
    "evaluation_time": 569.97,
    "map_at_1": 0.00157,
    "map_at_10": 0.00811,
    "map_at_100": 0.03981,
    "map_at_1000": 0.09286,
    "map_at_3": 0.00352,
    "map_at_5": 0.00502,
    "mrr_at_1": 0.56,
    "mrr_at_10": 0.64722,
    "mrr_at_100": 0.65051,
    "mrr_at_1000": 0.65081,
    "mrr_at_3": 0.61667,
    "mrr_at_5": 0.63967,
    "ndcg_at_1": 0.53,
    "ndcg_at_10": 0.38974,
    "ndcg_at_100": 0.28302,
    "ndcg_at_1000": 0.28092,
    "ndcg_at_3": 0.45682,
    "ndcg_at_5": 0.43289,
    "precision_at_1": 0.56,
    "precision_at_10": 0.402,
    "precision_at_100": 0.2866,
    "precision_at_1000": 0.12806,
    "precision_at_3": 0.48,
    "precision_at_5": 0.456,
    "recall_at_1": 0.00157,
    "recall_at_10": 0.01017,
    "recall_at_100": 0.06664,
    "recall_at_1000": 0.27299,
    "recall_at_3": 0.00378,
    "recall_at_5": 0.00583
  }
}