{
  "dataset_revision": "b89853e6de927b0e3bfa8ecc0e56fe4e02ceafc6",
  "mteb_dataset_name": "AllegroReviews",
  "mteb_version": "1.7.49",
  "test": {
    "accuracy": 0.5414512922465209,
    "accuracy_stderr": 0.031973512954214134,
    "evaluation_time": 6.93,
    "f1": 0.4653354858840476,
    "f1_stderr": 0.025639119351365855,
    "main_score": 0.5414512922465209
  }
}