{
  "dataset_revision": "63fc86750af76253e8c760fc9e534bbf24d260a2",
  "mteb_dataset_name": "ArguAna-PL",
  "mteb_version": "1.7.49",
  "test": {
    "evaluation_time": 18.17,
    "map_at_1": 0.31792,
    "map_at_10": 0.48039,
    "map_at_100": 0.48873,
    "map_at_1000": 0.48877,
    "map_at_20": 0.48723,
    "map_at_3": 0.43243,
    "map_at_5": 0.4611,
    "mrr_at_1": 0.3293,
    "mrr_at_10": 0.48437,
    "mrr_at_100": 0.49272,
    "mrr_at_1000": 0.49277,
    "mrr_at_20": 0.49125,
    "mrr_at_3": 0.43587,
    "mrr_at_5": 0.46446,
    "ndcg_at_1": 0.31792,
    "ndcg_at_10": 0.56859,
    "ndcg_at_100": 0.60188,
    "ndcg_at_1000": 0.60284,
    "ndcg_at_20": 0.59251,
    "ndcg_at_3": 0.47055,
    "ndcg_at_5": 0.522,
    "precision_at_1": 0.31792,
    "precision_at_10": 0.08492,
    "precision_at_100": 0.00989,
    "precision_at_1000": 0.001,
    "precision_at_20": 0.04708,
    "precision_at_3": 0.19369,
    "precision_at_5": 0.14111,
    "recall_at_1": 0.31792,
    "recall_at_10": 0.84922,
    "recall_at_100": 0.98933,
    "recall_at_1000": 0.99644,
    "recall_at_20": 0.94168,
    "recall_at_3": 0.58108,
    "recall_at_5": 0.70555
  }
}