{
  "dataset_revision": "0a3d4aa409b22f80eb22cbf59b492637637b536d",
  "mteb_dataset_name": "CDSC-E",
  "mteb_version": "1.7.49",
  "test": {
    "cos_sim": {
      "accuracy": 0.894,
      "accuracy_threshold": 0.9400219603561422,
      "ap": 0.7700940024682639,
      "f1": 0.6807228915662651,
      "f1_threshold": 0.9400219603561422,
      "precision": 0.795774647887324,
      "recall": 0.5947368421052631
    },
    "dot": {
      "accuracy": 0.893,
      "accuracy_threshold": 0.9404296875,
      "ap": 0.7691657722155673,
      "f1": 0.6785714285714285,
      "f1_threshold": 0.93798828125,
      "precision": 0.7808219178082192,
      "recall": 0.6
    },
    "euclidean": {
      "accuracy": 0.894,
      "accuracy_threshold": 0.3463981680329346,
      "ap": 0.7700994739826851,
      "f1": 0.6807228915662651,
      "f1_threshold": 0.3463981680329346,
      "precision": 0.795774647887324,
      "recall": 0.5947368421052631
    },
    "evaluation_time": 0.69,
    "manhattan": {
      "accuracy": 0.894,
      "accuracy_threshold": 7.551293224096298,
      "ap": 0.7707377822467821,
      "f1": 0.6807228915662651,
      "f1_threshold": 7.551293224096298,
      "precision": 0.795774647887324,
      "recall": 0.5947368421052631
    },
    "max": {
      "accuracy": 0.894,
      "ap": 0.7707377822467821,
      "f1": 0.6807228915662651
    }
  }
}