{
  "dataset_revision": "76afe41d9af165cc40999fcaa92312b8b012064a",
  "mteb_dataset_name": "DBPedia-PL",
  "mteb_version": "1.7.49",
  "test": {
    "evaluation_time": 4073.52,
    "map_at_1": 0.06665,
    "map_at_10": 0.13602,
    "map_at_100": 0.18626,
    "map_at_1000": 0.19967,
    "map_at_20": 0.15462,
    "map_at_3": 0.10183,
    "map_at_5": 0.11537,
    "mrr_at_1": 0.4975,
    "mrr_at_10": 0.61215,
    "mrr_at_100": 0.61626,
    "mrr_at_1000": 0.61649,
    "mrr_at_20": 0.61478,
    "mrr_at_3": 0.59583,
    "mrr_at_5": 0.60521,
    "ndcg_at_1": 0.40625,
    "ndcg_at_10": 0.31122,
    "ndcg_at_100": 0.34518,
    "ndcg_at_1000": 0.41713,
    "ndcg_at_20": 0.30467,
    "ndcg_at_3": 0.35384,
    "ndcg_at_5": 0.32636,
    "precision_at_1": 0.4975,
    "precision_at_10": 0.24725,
    "precision_at_100": 0.08018,
    "precision_at_1000": 0.01816,
    "precision_at_20": 0.18387,
    "precision_at_3": 0.385,
    "precision_at_5": 0.315,
    "recall_at_1": 0.06665,
    "recall_at_10": 0.18528,
    "recall_at_100": 0.39317,
    "recall_at_1000": 0.63079,
    "recall_at_20": 0.24127,
    "recall_at_3": 0.11655,
    "recall_at_5": 0.14024
  }
}