{
  "dataset_revision": "2e535829717f8bf9dc829b7f911cc5bbd4e6608e",
  "mteb_dataset_name": "FiQA-PL",
  "mteb_version": "1.7.49",
  "test": {
    "evaluation_time": 81.21,
    "map_at_1": 0.1748,
    "map_at_10": 0.28218,
    "map_at_100": 0.29954,
    "map_at_1000": 0.30149,
    "map_at_20": 0.29179,
    "map_at_3": 0.24768,
    "map_at_5": 0.26416,
    "mrr_at_1": 0.34722,
    "mrr_at_10": 0.43137,
    "mrr_at_100": 0.44027,
    "mrr_at_1000": 0.44077,
    "mrr_at_20": 0.43687,
    "mrr_at_3": 0.40689,
    "mrr_at_5": 0.41901,
    "ndcg_at_1": 0.34568,
    "ndcg_at_10": 0.35497,
    "ndcg_at_100": 0.42188,
    "ndcg_at_1000": 0.45628,
    "ndcg_at_20": 0.38142,
    "ndcg_at_3": 0.32084,
    "ndcg_at_5": 0.3264,
    "precision_at_1": 0.34568,
    "precision_at_10": 0.09861,
    "precision_at_100": 0.01664,
    "precision_at_1000": 0.00227,
    "precision_at_20": 0.06011,
    "precision_at_3": 0.21348,
    "precision_at_5": 0.15093,
    "recall_at_1": 0.1748,
    "recall_at_10": 0.4222,
    "recall_at_100": 0.67245,
    "recall_at_1000": 0.88068,
    "recall_at_20": 0.50345,
    "recall_at_3": 0.29479,
    "recall_at_5": 0.33966
  }
}