{
  "dataset_revision": "a0bd479ac97b4ccb5bd6ce320c415d0bb4beb907",
  "mteb_dataset_name": "HotpotQA-PL",
  "mteb_version": "1.7.49",
  "test": {
    "evaluation_time": 5442.66,
    "map_at_1": 0.35375,
    "map_at_10": 0.48071,
    "map_at_100": 0.48919,
    "map_at_1000": 0.48998,
    "map_at_20": 0.48559,
    "map_at_3": 0.45515,
    "map_at_5": 0.47042,
    "mrr_at_1": 0.70763,
    "mrr_at_10": 0.76793,
    "mrr_at_100": 0.77086,
    "mrr_at_1000": 0.77102,
    "mrr_at_20": 0.76975,
    "mrr_at_3": 0.7567,
    "mrr_at_5": 0.7636,
    "ndcg_at_1": 0.70749,
    "ndcg_at_10": 0.57446,
    "ndcg_at_100": 0.60653,
    "ndcg_at_1000": 0.62293,
    "ndcg_at_20": 0.58744,
    "ndcg_at_3": 0.53546,
    "ndcg_at_5": 0.55608,
    "precision_at_1": 0.70749,
    "precision_at_10": 0.11618,
    "precision_at_100": 0.01415,
    "precision_at_1000": 0.00163,
    "precision_at_20": 0.06228,
    "precision_at_3": 0.32924,
    "precision_at_5": 0.21388,
    "recall_at_1": 0.35375,
    "recall_at_10": 0.58089,
    "recall_at_100": 0.7077,
    "recall_at_1000": 0.81708,
    "recall_at_20": 0.62275,
    "recall_at_3": 0.49386,
    "recall_at_5": 0.53471
  }
}