{
  "dataset_revision": "31efe3c427b0bae9c22cbb560b8f15491cc6bed7",
  "mteb_dataset_name": "MassiveIntentClassification",
  "mteb_version": "1.7.49",
  "test": {
    "evaluation_time": 13.04,
    "pl": {
      "accuracy": 0.7263618022864828,
      "accuracy_stderr": 0.013966863812780438,
      "f1": 0.6945370946013265,
      "f1_stderr": 0.012729900010876772,
      "main_score": 0.7263618022864828
    }
  }
}