{
  "dataset_revision": "7d571f92784cd94a019292a1f45445077d0ef634",
  "mteb_dataset_name": "MassiveScenarioClassification",
  "mteb_version": "1.7.49",
  "test": {
    "evaluation_time": 8.72,
    "pl": {
      "accuracy": 0.7658036314727639,
      "accuracy_stderr": 0.018722222141665742,
      "f1": 0.7604586303954353,
      "f1_stderr": 0.01648283531870548,
      "main_score": 0.7658036314727639
    }
  }
}