{
  "dataset_revision": "8634c07806d5cce3a6138e260e59b81760a0a640",
  "mteb_dataset_name": "MSMARCO-PL",
  "mteb_version": "1.7.49",
  "validation": {
    "evaluation_time": 9270.4,
    "map_at_1": 0.16398,
    "map_at_10": 0.26459,
    "map_at_100": 0.27634,
    "map_at_1000": 0.27701,
    "map_at_20": 0.27156,
    "map_at_3": 0.23099,
    "map_at_5": 0.25013,
    "mrr_at_1": 0.16862,
    "mrr_at_10": 0.26949,
    "mrr_at_100": 0.28074,
    "mrr_at_1000": 0.28135,
    "mrr_at_20": 0.27616,
    "mrr_at_3": 0.23606,
    "mrr_at_5": 0.25534,
    "ndcg_at_1": 0.16877,
    "ndcg_at_10": 0.32326,
    "ndcg_at_100": 0.38179,
    "ndcg_at_1000": 0.39916,
    "ndcg_at_20": 0.34818,
    "ndcg_at_3": 0.25443,
    "ndcg_at_5": 0.28884,
    "precision_at_1": 0.16877,
    "precision_at_10": 0.05265,
    "precision_at_100": 0.00823,
    "precision_at_1000": 0.00097,
    "precision_at_20": 0.03154,
    "precision_at_3": 0.10941,
    "precision_at_5": 0.08304,
    "recall_at_1": 0.16398,
    "recall_at_10": 0.50452,
    "recall_at_100": 0.77925,
    "recall_at_1000": 0.91371,
    "recall_at_20": 0.6017,
    "recall_at_3": 0.31728,
    "recall_at_5": 0.39977
  }
}