{
  "dataset_revision": "9a6f9567fda928260afed2de480d79c98bf0bec0",
  "mteb_dataset_name": "NFCorpus-PL",
  "mteb_version": "1.7.49",
  "test": {
    "evaluation_time": 9.47,
    "map_at_1": 0.05407,
    "map_at_10": 0.11596,
    "map_at_100": 0.14689,
    "map_at_1000": 0.1611,
    "map_at_20": 0.12704,
    "map_at_3": 0.0852,
    "map_at_5": 0.09883,
    "mrr_at_1": 0.44272,
    "mrr_at_10": 0.53109,
    "mrr_at_100": 0.53718,
    "mrr_at_1000": 0.53759,
    "mrr_at_20": 0.53489,
    "mrr_at_3": 0.51187,
    "mrr_at_5": 0.52332,
    "ndcg_at_1": 0.4226,
    "ndcg_at_10": 0.32838,
    "ndcg_at_100": 0.30332,
    "ndcg_at_1000": 0.39113,
    "ndcg_at_20": 0.30361,
    "ndcg_at_3": 0.38205,
    "ndcg_at_5": 0.35881,
    "precision_at_1": 0.43653,
    "precision_at_10": 0.24303,
    "precision_at_100": 0.08019,
    "precision_at_1000": 0.02063,
    "precision_at_20": 0.17601,
    "precision_at_3": 0.36533,
    "precision_at_5": 0.31146,
    "recall_at_1": 0.05407,
    "recall_at_10": 0.16023,
    "recall_at_100": 0.30747,
    "recall_at_1000": 0.63058,
    "recall_at_20": 0.19561,
    "recall_at_3": 0.09396,
    "recall_at_5": 0.11938
  }
}