{
  "dataset_revision": "f171245712cf85dd4700b06bef18001578d0ca8d",
  "mteb_dataset_name": "NQ-PL",
  "mteb_version": "1.7.49",
  "test": {
    "evaluation_time": 3039.92,
    "map_at_1": 0.20778,
    "map_at_10": 0.33116,
    "map_at_100": 0.34278,
    "map_at_1000": 0.34338,
    "map_at_20": 0.33844,
    "map_at_3": 0.28991,
    "map_at_5": 0.31362,
    "mrr_at_1": 0.23696,
    "mrr_at_10": 0.35453,
    "mrr_at_100": 0.36435,
    "mrr_at_1000": 0.3648,
    "mrr_at_20": 0.36085,
    "mrr_at_3": 0.31938,
    "mrr_at_5": 0.34006,
    "ndcg_at_1": 0.23552,
    "ndcg_at_10": 0.40022,
    "ndcg_at_100": 0.45337,
    "ndcg_at_1000": 0.46797,
    "ndcg_at_20": 0.42489,
    "ndcg_at_3": 0.32127,
    "ndcg_at_5": 0.36129,
    "precision_at_1": 0.23552,
    "precision_at_10": 0.07034,
    "precision_at_100": 0.01001,
    "precision_at_1000": 0.00114,
    "precision_at_20": 0.04085,
    "precision_at_3": 0.14929,
    "precision_at_5": 0.11251,
    "recall_at_1": 0.20778,
    "recall_at_10": 0.59021,
    "recall_at_100": 0.82829,
    "recall_at_1000": 0.93719,
    "recall_at_20": 0.68306,
    "recall_at_3": 0.38357,
    "recall_at_5": 0.47634
  }
}