{
  "dataset_revision": "fc69d1c153a8ccdcf1eef52f4e2a27f88782f543",
  "mteb_dataset_name": "PAC",
  "mteb_version": "1.7.49",
  "test": {
    "accuracy": 0.6498117578916883,
    "accuracy_stderr": 0.045138695338198594,
    "ap": 0.7585520369440371,
    "ap_stderr": 0.02645053222674443,
    "evaluation_time": 8.03,
    "f1": 0.6264390084810498,
    "f1_stderr": 0.048254672446690496,
    "main_score": 0.6498117578916883
  }
}