{
  "dataset_revision": "6a21ab8716e255ab1867265f8b396105e8aa63d4",
  "mteb_dataset_name": "PolEmo2.0-OUT",
  "mteb_version": "1.7.49",
  "test": {
    "accuracy": 0.511336032388664,
    "accuracy_stderr": 0.03352265837163475,
    "evaluation_time": 6.26,
    "f1": 0.43590141738823346,
    "f1_stderr": 0.03241351979560706,
    "main_score": 0.511336032388664
  }
}