{
  "dataset_revision": "d90724373c70959f17d2331ad51fb60c71176b03",
  "mteb_dataset_name": "PolEmo2.0-IN",
  "mteb_version": "1.7.49",
  "test": {
    "accuracy": 0.771191135734072,
    "accuracy_stderr": 0.056137085607525034,
    "evaluation_time": 6.71,
    "f1": 0.7528881845782871,
    "f1_stderr": 0.0412456204696394,
    "main_score": 0.771191135734072
  }
}