{
  "dataset_revision": "d05a294af9e1d3ff2bfb6b714e08a24a6cabc669",
  "mteb_dataset_name": "PSC",
  "mteb_version": "1.7.49",
  "test": {
    "cos_sim": {
      "accuracy": 0.9786641929499073,
      "accuracy_threshold": 0.6292200558482689,
      "ap": 0.991935060825569,
      "f1": 0.9652042360060513,
      "f1_threshold": 0.6292200558482689,
      "precision": 0.9579579579579579,
      "recall": 0.9725609756097561
    },
    "dot": {
      "accuracy": 0.9786641929499073,
      "accuracy_threshold": 0.62890625,
      "ap": 0.9918821010940894,
      "f1": 0.9652042360060513,
      "f1_threshold": 0.62890625,
      "precision": 0.9579579579579579,
      "recall": 0.9725609756097561
    },
    "euclidean": {
      "accuracy": 0.9786641929499073,
      "accuracy_threshold": 0.8612668294999573,
      "ap": 0.9919503059051418,
      "f1": 0.9652042360060513,
      "f1_threshold": 0.8612668294999573,
      "precision": 0.9579579579579579,
      "recall": 0.9725609756097561
    },
    "evaluation_time": 1.14,
    "manhattan": {
      "accuracy": 0.9758812615955473,
      "accuracy_threshold": 18.87389698624611,
      "ap": 0.9920345192399931,
      "f1": 0.960960960960961,
      "f1_threshold": 19.066587448120117,
      "precision": 0.9467455621301775,
      "recall": 0.975609756097561
    },
    "max": {
      "accuracy": 0.9786641929499073,
      "ap": 0.9920345192399931,
      "f1": 0.9652042360060513
    }
  }
}