{
  "dataset_revision": "0be27e93455051e531182b85e85e425aba12e9d4",
  "mteb_dataset_name": "Quora-PL",
  "mteb_version": "1.7.49",
  "test": {
    "evaluation_time": 538.27,
    "map_at_1": 0.65839,
    "map_at_10": 0.79622,
    "map_at_100": 0.80364,
    "map_at_1000": 0.80386,
    "map_at_20": 0.80109,
    "map_at_3": 0.76566,
    "map_at_5": 0.78476,
    "mrr_at_1": 0.7588,
    "mrr_at_10": 0.82887,
    "mrr_at_100": 0.83076,
    "mrr_at_1000": 0.8308,
    "mrr_at_20": 0.83025,
    "mrr_at_3": 0.81662,
    "mrr_at_5": 0.82466,
    "ndcg_at_1": 0.7594,
    "ndcg_at_10": 0.83892,
    "ndcg_at_100": 0.85617,
    "ndcg_at_1000": 0.85825,
    "ndcg_at_20": 0.84809,
    "ndcg_at_3": 0.80571,
    "ndcg_at_5": 0.82365,
    "precision_at_1": 0.7594,
    "precision_at_10": 0.12864,
    "precision_at_100": 0.01505,
    "precision_at_1000": 0.00156,
    "precision_at_20": 0.06909,
    "precision_at_3": 0.35403,
    "precision_at_5": 0.23422,
    "recall_at_1": 0.65839,
    "recall_at_10": 0.92411,
    "recall_at_100": 0.98683,
    "recall_at_1000": 0.9982,
    "recall_at_20": 0.95437,
    "recall_at_3": 0.82913,
    "recall_at_5": 0.8787
  }
}