{
  "dataset_revision": "4755de8baebc07bed0c60cec9f796e9a346600cb",
  "mteb_dataset_name": "SciDefRetrieval",
  "mteb_version": "1.7.49",
  "test": {
    "evaluation_time": 2.28,
    "map_at_1": 0.63034,
    "map_at_10": 0.72194,
    "map_at_100": 0.72566,
    "map_at_1000": 0.72574,
    "map_at_20": 0.72415,
    "map_at_3": 0.70128,
    "map_at_5": 0.71549,
    "mrr_at_1": 0.63034,
    "mrr_at_10": 0.72213,
    "mrr_at_100": 0.72586,
    "mrr_at_1000": 0.72594,
    "mrr_at_20": 0.72434,
    "mrr_at_3": 0.70177,
    "mrr_at_5": 0.71591,
    "ndcg_at_1": 0.63034,
    "ndcg_at_10": 0.76423,
    "ndcg_at_100": 0.78292,
    "ndcg_at_1000": 0.78501,
    "ndcg_at_20": 0.77237,
    "ndcg_at_3": 0.72359,
    "ndcg_at_5": 0.74882,
    "precision_at_1": 0.63034,
    "precision_at_10": 0.08954,
    "precision_at_100": 0.00984,
    "precision_at_1000": 0.001,
    "precision_at_20": 0.04639,
    "precision_at_3": 0.26264,
    "precision_at_5": 0.16966,
    "recall_at_1": 0.63034,
    "recall_at_10": 0.89543,
    "recall_at_100": 0.9838,
    "recall_at_1000": 1.0,
    "recall_at_20": 0.92784,
    "recall_at_3": 0.78792,
    "recall_at_5": 0.84831
  }
}