{
  "dataset_revision": "45452b03f05560207ef19149545f168e596c9337",
  "mteb_dataset_name": "SCIDOCS-PL",
  "mteb_version": "1.7.49",
  "test": {
    "evaluation_time": 46.31,
    "map_at_1": 0.03755,
    "map_at_10": 0.0914,
    "map_at_100": 0.10899,
    "map_at_1000": 0.11181,
    "map_at_20": 0.10049,
    "map_at_3": 0.06579,
    "map_at_5": 0.07834,
    "mrr_at_1": 0.187,
    "mrr_at_10": 0.2789,
    "mrr_at_100": 0.28997,
    "mrr_at_1000": 0.29076,
    "mrr_at_20": 0.28538,
    "mrr_at_3": 0.2475,
    "mrr_at_5": 0.26595,
    "ndcg_at_1": 0.185,
    "ndcg_at_10": 0.15846,
    "ndcg_at_100": 0.23132,
    "ndcg_at_1000": 0.28479,
    "ndcg_at_20": 0.18492,
    "ndcg_at_3": 0.1497,
    "ndcg_at_5": 0.13124,
    "precision_at_1": 0.185,
    "precision_at_10": 0.0825,
    "precision_at_100": 0.01879,
    "precision_at_1000": 0.00317,
    "precision_at_20": 0.05665,
    "precision_at_3": 0.14,
    "precision_at_5": 0.1154,
    "recall_at_1": 0.03755,
    "recall_at_10": 0.16718,
    "recall_at_100": 0.38207,
    "recall_at_1000": 0.64367,
    "recall_at_20": 0.22997,
    "recall_at_3": 0.08523,
    "recall_at_5": 0.11703
  }
}