{
  "dataset_revision": "8064b4442da038aa0482a2542370f9a2441cc50a",
  "mteb_dataset_name": "SciField",
  "mteb_version": "1.7.49",
  "test": {
    "accuracy": 0.8226703755215578,
    "accuracy_stderr": 0.02160253764535337,
    "evaluation_time": 7.67,
    "f1": 0.8189915946324604,
    "f1_stderr": 0.023223346996513575,
    "main_score": 0.8226703755215578
  }
}