{
  "dataset_revision": "47932a35f045ef8ed01ba82bf9ff67f6e109207e",
  "mteb_dataset_name": "SciFact-PL",
  "mteb_version": "1.7.49",
  "test": {
    "evaluation_time": 12.3,
    "map_at_1": 0.46317,
    "map_at_10": 0.55882,
    "map_at_100": 0.56645,
    "map_at_1000": 0.567,
    "map_at_20": 0.56399,
    "map_at_3": 0.53324,
    "map_at_5": 0.54786,
    "mrr_at_1": 0.48667,
    "mrr_at_10": 0.57321,
    "mrr_at_100": 0.57902,
    "mrr_at_1000": 0.57952,
    "mrr_at_20": 0.57683,
    "mrr_at_3": 0.55167,
    "mrr_at_5": 0.5645,
    "ndcg_at_1": 0.48667,
    "ndcg_at_10": 0.60541,
    "ndcg_at_100": 0.63821,
    "ndcg_at_1000": 0.65295,
    "ndcg_at_20": 0.62172,
    "ndcg_at_3": 0.55981,
    "ndcg_at_5": 0.58271,
    "precision_at_1": 0.48667,
    "precision_at_10": 0.082,
    "precision_at_100": 0.01,
    "precision_at_1000": 0.00112,
    "precision_at_20": 0.04483,
    "precision_at_3": 0.22111,
    "precision_at_5": 0.146,
    "recall_at_1": 0.46317,
    "recall_at_10": 0.73267,
    "recall_at_100": 0.87867,
    "recall_at_1000": 0.99333,
    "recall_at_20": 0.79333,
    "recall_at_3": 0.60883,
    "recall_at_5": 0.66894
  }
}