{
  "dataset_revision": "71bba34b0ece6c56dfcf46d9758a27f7a90f17e9",
  "mteb_dataset_name": "SICK-E-PL",
  "mteb_version": "1.7.49",
  "test": {
    "cos_sim": {
      "accuracy": 0.855279249898084,
      "accuracy_threshold": 0.8979582956076676,
      "ap": 0.7981855742918321,
      "f1": 0.7347842124677242,
      "f1_threshold": 0.8927969809970168,
      "precision": 0.7620504973221117,
      "recall": 0.7094017094017094
    },
    "dot": {
      "accuracy": 0.8546677537708928,
      "accuracy_threshold": 0.89794921875,
      "ap": 0.7977995903093649,
      "f1": 0.7347842124677242,
      "f1_threshold": 0.89306640625,
      "precision": 0.7620504973221117,
      "recall": 0.7094017094017094
    },
    "euclidean": {
      "accuracy": 0.8550754178556869,
      "accuracy_threshold": 0.45172069832023354,
      "ap": 0.7981856613254692,
      "f1": 0.7347842124677242,
      "f1_threshold": 0.46297644030558094,
      "precision": 0.7620504973221117,
      "recall": 0.7094017094017094
    },
    "evaluation_time": 3.81,
    "manhattan": {
      "accuracy": 0.8550754178556869,
      "accuracy_threshold": 9.778041422367096,
      "ap": 0.7989740595885307,
      "f1": 0.7331615752668383,
      "f1_threshold": 10.136160105466843,
      "precision": 0.7585681645087585,
      "recall": 0.7094017094017094
    },
    "max": {
      "accuracy": 0.855279249898084,
      "ap": 0.7989740595885307,
      "f1": 0.7347842124677242
    }
  }
}