{
  "dataset_revision": "fd5c2441b7eeff8676768036142af4cfa42c1339",
  "mteb_dataset_name": "SICK-R-PL",
  "mteb_version": "1.7.49",
  "test": {
    "cos_sim": {
      "pearson": 0.8404115086980469,
      "spearman": 0.7892215785380852
    },
    "euclidean": {
      "pearson": 0.808853571218059,
      "spearman": 0.7892160908270465
    },
    "evaluation_time": 7.01,
    "manhattan": {
      "pearson": 0.8087144052164824,
      "spearman": 0.7894138851859124
    }
  }
}