{
  "dataset_revision": "81bcb408f33366c2a20ac54adafad1ae7e877fdd",
  "mteb_dataset_name": "TRECCOVID-PL",
  "mteb_version": "1.7.49",
  "test": {
    "evaluation_time": 312.42,
    "map_at_1": 0.00226,
    "map_at_10": 0.01755,
    "map_at_100": 0.09668,
    "map_at_1000": 0.24174,
    "map_at_20": 0.03007,
    "map_at_3": 0.00599,
    "map_at_5": 0.00956,
    "mrr_at_1": 0.82,
    "mrr_at_10": 0.9,
    "mrr_at_100": 0.9,
    "mrr_at_1000": 0.9,
    "mrr_at_20": 0.9,
    "mrr_at_3": 0.9,
    "mrr_at_5": 0.9,
    "ndcg_at_1": 0.76,
    "ndcg_at_10": 0.6957,
    "ndcg_at_100": 0.53504,
    "ndcg_at_1000": 0.50286,
    "ndcg_at_20": 0.65229,
    "ndcg_at_3": 0.73816,
    "ndcg_at_5": 0.71926,
    "precision_at_1": 0.84,
    "precision_at_10": 0.74,
    "precision_at_100": 0.5526,
    "precision_at_1000": 0.22252,
    "precision_at_20": 0.686,
    "precision_at_3": 0.8,
    "precision_at_5": 0.776,
    "recall_at_1": 0.00226,
    "recall_at_10": 0.01993,
    "recall_at_100": 0.13269,
    "recall_at_1000": 0.48076,
    "recall_at_20": 0.03587,
    "recall_at_3": 0.00636,
    "recall_at_5": 0.01046
  }
}