{
  "dataset_revision": null,
  "mteb_dataset_name": "ArguAna-PL",
  "mteb_version": "1.1.1",
  "test": {
    "evaluation_time": 24.67,
    "map_at_1": 0.32646,
    "map_at_10": 0.49488,
    "map_at_100": 0.50191,
    "map_at_1000": 0.50194,
    "map_at_3": 0.44749,
    "map_at_5": 0.47572,
    "mrr_at_1": 0.34211,
    "mrr_at_10": 0.50112,
    "mrr_at_100": 0.50836,
    "mrr_at_1000": 0.50839,
    "mrr_at_3": 0.45614,
    "mrr_at_5": 0.48242,
    "ndcg_at_1": 0.32646,
    "ndcg_at_10": 0.58396,
    "ndcg_at_100": 0.61285,
    "ndcg_at_1000": 0.61359,
    "ndcg_at_3": 0.48759,
    "ndcg_at_5": 0.53807,
    "precision_at_1": 0.32646,
    "precision_at_10": 0.08663,
    "precision_at_100": 0.0099,
    "precision_at_1000": 0.001,
    "precision_at_3": 0.20128,
    "precision_at_5": 0.14509,
    "recall_at_1": 0.32646,
    "recall_at_10": 0.86629,
    "recall_at_100": 0.99004,
    "recall_at_1000": 0.99573,
    "recall_at_3": 0.60384,
    "recall_at_5": 0.72546
  }
}