{
  "dataset_revision": null,
  "mteb_dataset_name": "CBD",
  "mteb_version": "1.1.1",
  "test": {
    "accuracy": 0.6554,
    "accuracy_stderr": 0.07458578953125052,
    "ap": 0.1975395945379771,
    "ap_stderr": 0.026356729923474747,
    "evaluation_time": 7.79,
    "f1": 0.5500481388401326,
    "f1_stderr": 0.04912550091761314,
    "main_score": 0.6554
  }
}