{
  "dataset_revision": null,
  "mteb_dataset_name": "CDSC-R",
  "mteb_version": "1.1.1",
  "test": {
    "cos_sim": {
      "pearson": 0.9318498922236566,
      "spearman": 0.9326224500108704
    },
    "euclidean": {
      "pearson": 0.9225462061070286,
      "spearman": 0.9318623989769241
    },
    "evaluation_time": 1.23,
    "manhattan": {
      "pearson": 0.9216291103586255,
      "spearman": 0.9314403078934417
    }
  }
}