{
  "dataset_revision": null,
  "mteb_dataset_name": "DBPedia-PL",
  "mteb_version": "1.1.1",
  "test": {
    "evaluation_time": 3601.17,
    "map_at_1": 0.08268,
    "map_at_10": 0.17391,
    "map_at_100": 0.24266,
    "map_at_1000": 0.25844,
    "map_at_3": 0.12636,
    "map_at_5": 0.14701,
    "mrr_at_1": 0.6275,
    "mrr_at_10": 0.70252,
    "mrr_at_100": 0.70601,
    "mrr_at_1000": 0.70613,
    "mrr_at_3": 0.68083,
    "mrr_at_5": 0.69371,
    "ndcg_at_1": 0.51875,
    "ndcg_at_10": 0.37185,
    "ndcg_at_100": 0.41949,
    "ndcg_at_1000": 0.49523,
    "ndcg_at_3": 0.41556,
    "ndcg_at_5": 0.39278,
    "precision_at_1": 0.6325,
    "precision_at_10": 0.29225,
    "precision_at_100": 0.09745,
    "precision_at_1000": 0.02046,
    "precision_at_3": 0.43833,
    "precision_at_5": 0.379,
    "recall_at_1": 0.08268,
    "recall_at_10": 0.22542,
    "recall_at_100": 0.48154,
    "recall_at_1000": 0.72621,
    "recall_at_3": 0.13818,
    "recall_at_5": 0.17137
  }
}