{
  "dataset_revision": null,
  "mteb_dataset_name": "FiQA-PL",
  "mteb_version": "1.1.1",
  "test": {
    "evaluation_time": 110.01,
    "map_at_1": 0.16489,
    "map_at_10": 0.26916,
    "map_at_100": 0.28582,
    "map_at_1000": 0.28774,
    "map_at_3": 0.23048,
    "map_at_5": 0.24977,
    "mrr_at_1": 0.33642,
    "mrr_at_10": 0.41987,
    "mrr_at_100": 0.42882,
    "mrr_at_1000": 0.4293,
    "mrr_at_3": 0.3948,
    "mrr_at_5": 0.40923,
    "ndcg_at_1": 0.33488,
    "ndcg_at_10": 0.34528,
    "ndcg_at_100": 0.41085,
    "ndcg_at_1000": 0.44474,
    "ndcg_at_3": 0.30469,
    "ndcg_at_5": 0.31618,
    "precision_at_1": 0.33488,
    "precision_at_10": 0.09784,
    "precision_at_100": 0.01639,
    "precision_at_1000": 0.00227,
    "precision_at_3": 0.20525,
    "precision_at_5": 0.15093,
    "recall_at_1": 0.16489,
    "recall_at_10": 0.4237,
    "recall_at_100": 0.67183,
    "recall_at_1000": 0.87211,
    "recall_at_3": 0.2769,
    "recall_at_5": 0.33408
  }
}