{
  "dataset_revision": null,
  "mteb_dataset_name": "HotpotQA-PL",
  "mteb_version": "1.1.1",
  "test": {
    "evaluation_time": 4272.63,
    "map_at_1": 0.37373,
    "map_at_10": 0.57509,
    "map_at_100": 0.58451,
    "map_at_1000": 0.58524,
    "map_at_3": 0.54064,
    "map_at_5": 0.56258,
    "mrr_at_1": 0.74895,
    "mrr_at_10": 0.81233,
    "mrr_at_100": 0.81461,
    "mrr_at_1000": 0.8147,
    "mrr_at_3": 0.80124,
    "mrr_at_5": 0.80862,
    "ndcg_at_1": 0.74747,
    "ndcg_at_10": 0.66249,
    "ndcg_at_100": 0.69513,
    "ndcg_at_1000": 0.70896,
    "ndcg_at_3": 0.61312,
    "ndcg_at_5": 0.64132,
    "precision_at_1": 0.74747,
    "precision_at_10": 0.13873,
    "precision_at_100": 0.01641,
    "precision_at_1000": 0.00182,
    "precision_at_3": 0.38987,
    "precision_at_5": 0.25621,
    "recall_at_1": 0.37373,
    "recall_at_10": 0.69365,
    "recall_at_100": 0.82039,
    "recall_at_1000": 0.91148,
    "recall_at_3": 0.58481,
    "recall_at_5": 0.64051
  }
}