{
  "dataset_revision": "7d571f92784cd94a019292a1f45445077d0ef634",
  "mteb_dataset_name": "MassiveScenarioClassification",
  "mteb_version": "1.1.1",
  "test": {
    "evaluation_time": 4.31,
    "pl": {
      "accuracy": 0.7476126429051783,
      "accuracy_stderr": 0.01722178046689657,
      "f1": 0.7472274307018111,
      "f1_stderr": 0.011121671435446612,
      "main_score": 0.7476126429051783
    }
  }
}