{
  "dataset_revision": "31efe3c427b0bae9c22cbb560b8f15491cc6bed7",
  "mteb_dataset_name": "MassiveIntentClassification",
  "mteb_version": "1.1.1",
  "test": {
    "evaluation_time": 24.55,
    "pl": {
      "accuracy": 0.709280430396772,
      "accuracy_stderr": 0.01136217992423763,
      "f1": 0.6870995814662859,
      "f1_stderr": 0.008689584728085573,
      "main_score": 0.709280430396772
    }
  }
}