{
  "dataset_revision": null,
  "mteb_dataset_name": "MSMARCO-PL",
  "mteb_version": "1.1.1",
  "validation": {
    "evaluation_time": 8859.19,
    "map_at_1": 0.16754,
    "map_at_10": 0.26764,
    "map_at_100": 0.27929,
    "map_at_1000": 0.27995,
    "map_at_3": 0.23527,
    "map_at_5": 0.25343,
    "mrr_at_1": 0.17192,
    "mrr_at_10": 0.27141,
    "mrr_at_100": 0.28269,
    "mrr_at_1000": 0.28328,
    "mrr_at_3": 0.23906,
    "mrr_at_5": 0.2576,
    "ndcg_at_1": 0.17178,
    "ndcg_at_10": 0.32539,
    "ndcg_at_100": 0.38383,
    "ndcg_at_1000": 0.40132,
    "ndcg_at_3": 0.25884,
    "ndcg_at_5": 0.2915,
    "precision_at_1": 0.17178,
    "precision_at_10": 0.05268,
    "precision_at_100": 0.00823,
    "precision_at_1000": 0.00097,
    "precision_at_3": 0.11122,
    "precision_at_5": 0.08338,
    "recall_at_1": 0.16754,
    "recall_at_10": 0.50388,
    "recall_at_100": 0.7787,
    "recall_at_1000": 0.9155,
    "recall_at_3": 0.32186,
    "recall_at_5": 0.40048
  }
}