{
  "dataset_revision": null,
  "mteb_dataset_name": "NFCorpus-PL",
  "mteb_version": "1.1.1",
  "test": {
    "evaluation_time": 13.45,
    "map_at_1": 0.05348,
    "map_at_10": 0.12277,
    "map_at_100": 0.15804,
    "map_at_1000": 0.17277,
    "map_at_3": 0.08783,
    "map_at_5": 0.10314,
    "mrr_at_1": 0.43963,
    "mrr_at_10": 0.5246,
    "mrr_at_100": 0.53233,
    "mrr_at_1000": 0.53265,
    "mrr_at_3": 0.50464,
    "mrr_at_5": 0.51548,
    "ndcg_at_1": 0.40712,
    "ndcg_at_10": 0.33709,
    "ndcg_at_100": 0.31398,
    "ndcg_at_1000": 0.40042,
    "ndcg_at_3": 0.3785,
    "ndcg_at_5": 0.36261,
    "precision_at_1": 0.43344,
    "precision_at_10": 0.25851,
    "precision_at_100": 0.08279,
    "precision_at_1000": 0.02085,
    "precision_at_3": 0.36326,
    "precision_at_5": 0.32074,
    "recall_at_1": 0.05348,
    "recall_at_10": 0.16441,
    "recall_at_100": 0.32975,
    "recall_at_1000": 0.64357,
    "recall_at_3": 0.09842,
    "recall_at_5": 0.12463
  }
}