{
  "dataset_revision": null,
  "mteb_dataset_name": "NQ-PL",
  "mteb_version": "1.1.1",
  "test": {
    "evaluation_time": 3395.63,
    "map_at_1": 0.24674,
    "map_at_10": 0.37672,
    "map_at_100": 0.38767,
    "map_at_1000": 0.3882,
    "map_at_3": 0.33823,
    "map_at_5": 0.36063,
    "mrr_at_1": 0.27839,
    "mrr_at_10": 0.40129,
    "mrr_at_100": 0.41008,
    "mrr_at_1000": 0.41048,
    "mrr_at_3": 0.36718,
    "mrr_at_5": 0.38841,
    "ndcg_at_1": 0.27839,
    "ndcg_at_10": 0.44604,
    "ndcg_at_100": 0.4951,
    "ndcg_at_1000": 0.50841,
    "ndcg_at_3": 0.37223,
    "ndcg_at_5": 0.41073,
    "precision_at_1": 0.27839,
    "precision_at_10": 0.075,
    "precision_at_100": 0.0103,
    "precision_at_1000": 0.00116,
    "precision_at_3": 0.17005,
    "precision_at_5": 0.12399,
    "recall_at_1": 0.24674,
    "recall_at_10": 0.63323,
    "recall_at_100": 0.85088,
    "recall_at_1000": 0.95143,
    "recall_at_3": 0.44158,
    "recall_at_5": 0.53054
  }
}