{
  "dataset_revision": null,
  "mteb_dataset_name": "PAC",
  "mteb_version": "1.1.1",
  "test": {
    "accuracy": 0.645033304373009,
    "accuracy_stderr": 0.04085665451937422,
    "ap": 0.7581507275237082,
    "ap_stderr": 0.02998063788766263,
    "evaluation_time": 3.78,
    "f1": 0.6224617820785985,
    "f1_stderr": 0.04970456316544553,
    "main_score": 0.645033304373009
  }
}