{
  "dataset_revision": null,
  "mteb_dataset_name": "PolEmo2.0-OUT",
  "mteb_version": "1.1.1",
  "test": {
    "accuracy": 0.35809716599190283,
    "accuracy_stderr": 0.05765109686575029,
    "evaluation_time": 3.2,
    "f1": 0.3113081621324864,
    "f1_stderr": 0.039176260440592116,
    "main_score": 0.35809716599190283
  }
}