{
  "dataset_revision": null,
  "mteb_dataset_name": "PolEmo2.0-IN",
  "mteb_version": "1.1.1",
  "test": {
    "accuracy": 0.6869806094182824,
    "accuracy_stderr": 0.03564161631219196,
    "evaluation_time": 3.64,
    "f1": 0.680619984307764,
    "f1_stderr": 0.019993264521180047,
    "main_score": 0.6869806094182824
  }
}