{
  "dataset_revision": null,
  "mteb_dataset_name": "PSC",
  "mteb_version": "1.1.1",
  "test": {
    "cos_sim": {
      "accuracy": 0.9758812615955473,
      "accuracy_threshold": 0.8905050480410732,
      "ap": 0.9914945370088302,
      "f1": 0.9606060606060606,
      "f1_threshold": 0.8905050480410732,
      "precision": 0.9548192771084337,
      "recall": 0.9664634146341463
    },
    "dot": {
      "accuracy": 0.9517625231910947,
      "accuracy_threshold": 228.0,
      "ap": 0.9705592933601112,
      "f1": 0.9214501510574018,
      "f1_threshold": 228.0,
      "precision": 0.9131736526946108,
      "recall": 0.9298780487804879
    },
    "euclidean": {
      "accuracy": 0.9768089053803339,
      "accuracy_threshold": 7.431629276541631,
      "ap": 0.9918538119402824,
      "f1": 0.9620637329286799,
      "f1_threshold": 7.431629276541631,
      "precision": 0.9577039274924471,
      "recall": 0.9664634146341463
    },
    "evaluation_time": 1.87,
    "manhattan": {
      "accuracy": 0.9758812615955473,
      "accuracy_threshold": 162.03009629249573,
      "ap": 0.9917870990853292,
      "f1": 0.9602446483180427,
      "f1_threshold": 162.03009629249573,
      "precision": 0.9631901840490797,
      "recall": 0.9573170731707317
    },
    "max": {
      "accuracy": 0.9768089053803339,
      "ap": 0.9918538119402824,
      "f1": 0.9620637329286799
    }
  }
}