{
  "dataset_revision": null,
  "mteb_dataset_name": "Quora-PL",
  "mteb_version": "1.1.1",
  "test": {
    "evaluation_time": 202.93,
    "map_at_1": 0.66149,
    "map_at_10": 0.80133,
    "map_at_100": 0.80845,
    "map_at_1000": 0.80866,
    "map_at_3": 0.76983,
    "map_at_5": 0.78938,
    "mrr_at_1": 0.7609,
    "mrr_at_10": 0.83251,
    "mrr_at_100": 0.83422,
    "mrr_at_1000": 0.83425,
    "mrr_at_3": 0.82022,
    "mrr_at_5": 0.82831,
    "ndcg_at_1": 0.7615,
    "ndcg_at_10": 0.84438,
    "ndcg_at_100": 0.86048,
    "ndcg_at_1000": 0.86226,
    "ndcg_at_3": 0.8098,
    "ndcg_at_5": 0.82856,
    "precision_at_1": 0.7615,
    "precision_at_10": 0.12985,
    "precision_at_100": 0.01513,
    "precision_at_1000": 0.00156,
    "precision_at_3": 0.35563,
    "precision_at_5": 0.23586,
    "recall_at_1": 0.66149,
    "recall_at_10": 0.93195,
    "recall_at_100": 0.98924,
    "recall_at_1000": 0.99885,
    "recall_at_3": 0.83439,
    "recall_at_5": 0.88575
  }
}