{
  "dataset_revision": "4755de8baebc07bed0c60cec9f796e9a346600cb",
  "mteb_dataset_name": "SciDefRetrieval",
  "mteb_version": "1.7.49",
  "test": {
    "evaluation_time": 2.0,
    "map_at_1": 0.59057,
    "map_at_10": 0.68031,
    "map_at_100": 0.6852,
    "map_at_1000": 0.68545,
    "map_at_20": 0.68323,
    "map_at_3": 0.66397,
    "map_at_5": 0.67464,
    "mrr_at_1": 0.59205,
    "mrr_at_10": 0.6813,
    "mrr_at_100": 0.6862,
    "mrr_at_1000": 0.68645,
    "mrr_at_20": 0.68431,
    "mrr_at_3": 0.66568,
    "mrr_at_5": 0.67563,
    "ndcg_at_1": 0.59057,
    "ndcg_at_10": 0.72089,
    "ndcg_at_100": 0.7444,
    "ndcg_at_1000": 0.75023,
    "ndcg_at_20": 0.73139,
    "ndcg_at_3": 0.68751,
    "ndcg_at_5": 0.70684,
    "precision_at_1": 0.59057,
    "precision_at_10": 0.08468,
    "precision_at_100": 0.00956,
    "precision_at_1000": 0.001,
    "precision_at_20": 0.0444,
    "precision_at_3": 0.25184,
    "precision_at_5": 0.16053,
    "recall_at_1": 0.59057,
    "recall_at_10": 0.84683,
    "recall_at_100": 0.95582,
    "recall_at_1000": 1.0,
    "recall_at_20": 0.88807,
    "recall_at_3": 0.75552,
    "recall_at_5": 0.80265
  }
}