{
  "dataset_revision": null,
  "mteb_dataset_name": "SCIDOCS-PL",
  "mteb_version": "1.1.1",
  "test": {
    "evaluation_time": 72.38,
    "map_at_1": 0.03688,
    "map_at_10": 0.1023,
    "map_at_100": 0.12077,
    "map_at_1000": 0.12382,
    "map_at_3": 0.07149,
    "map_at_5": 0.08689,
    "mrr_at_1": 0.182,
    "mrr_at_10": 0.28817,
    "mrr_at_100": 0.29982,
    "mrr_at_1000": 0.30058,
    "mrr_at_3": 0.25983,
    "mrr_at_5": 0.27418,
    "ndcg_at_1": 0.182,
    "ndcg_at_10": 0.17353,
    "ndcg_at_100": 0.24859,
    "ndcg_at_1000": 0.30535,
    "ndcg_at_3": 0.1617,
    "ndcg_at_5": 0.14235,
    "precision_at_1": 0.182,
    "precision_at_10": 0.0919,
    "precision_at_100": 0.0201,
    "precision_at_1000": 0.00338,
    "precision_at_3": 0.155,
    "precision_at_5": 0.1278,
    "recall_at_1": 0.03688,
    "recall_at_10": 0.18632,
    "recall_at_100": 0.40822,
    "recall_at_1000": 0.68552,
    "recall_at_3": 0.09423,
    "recall_at_5": 0.12943
  }
}