{
  "dataset_revision": null,
  "mteb_dataset_name": "SciFact-PL",
  "mteb_version": "1.1.1",
  "test": {
    "evaluation_time": 18.35,
    "map_at_1": 0.52994,
    "map_at_10": 0.63612,
    "map_at_100": 0.64294,
    "map_at_1000": 0.64325,
    "map_at_3": 0.61341,
    "map_at_5": 0.62366,
    "mrr_at_1": 0.56667,
    "mrr_at_10": 0.65333,
    "mrr_at_100": 0.65894,
    "mrr_at_1000": 0.65919,
    "mrr_at_3": 0.63667,
    "mrr_at_5": 0.64367,
    "ndcg_at_1": 0.56333,
    "ndcg_at_10": 0.68292,
    "ndcg_at_100": 0.71136,
    "ndcg_at_1000": 0.71901,
    "ndcg_at_3": 0.64387,
    "ndcg_at_5": 0.65546,
    "precision_at_1": 0.56333,
    "precision_at_10": 0.09133,
    "precision_at_100": 0.01063,
    "precision_at_1000": 0.00113,
    "precision_at_3": 0.25556,
    "precision_at_5": 0.16267,
    "recall_at_1": 0.52994,
    "recall_at_10": 0.81178,
    "recall_at_100": 0.93767,
    "recall_at_1000": 0.99667,
    "recall_at_3": 0.69906,
    "recall_at_5": 0.73183
  }
}