{
  "dataset_revision": "8064b4442da038aa0482a2542370f9a2441cc50a",
  "mteb_dataset_name": "SciField",
  "mteb_version": "1.7.49",
  "test": {
    "accuracy": 0.8462447844228095,
    "accuracy_stderr": 0.023901181934364798,
    "evaluation_time": 4.53,
    "f1": 0.844264410631031,
    "f1_stderr": 0.024446684172970235,
    "main_score": 0.8462447844228095
  }
}