{
  "dataset_revision": null,
  "mteb_dataset_name": "SICK-R-PL",
  "mteb_version": "1.1.1",
  "test": {
    "cos_sim": {
      "pearson": 0.8260225159739654,
      "spearman": 0.7676667220288542
    },
    "euclidean": {
      "pearson": 0.8016302518898615,
      "spearman": 0.7676131897866455
    },
    "evaluation_time": 3.08,
    "manhattan": {
      "pearson": 0.8011881021613914,
      "spearman": 0.7674246419368047
    }
  }
}