{
  "dataset_revision": null,
  "mteb_dataset_name": "SICK-E-PL",
  "mteb_version": "1.1.1",
  "test": {
    "cos_sim": {
      "accuracy": 0.8312270688952303,
      "accuracy_threshold": 0.97338187389281,
      "ap": 0.764528312253856,
      "f1": 0.6869627507163324,
      "f1_threshold": 0.9645674519929743,
      "precision": 0.6909221902017291,
      "recall": 0.6830484330484331
    },
    "dot": {
      "accuracy": 0.7920913167549939,
      "accuracy_threshold": 256.0,
      "ap": 0.6503147071986634,
      "f1": 0.6281216069489685,
      "f1_threshold": 245.5,
      "precision": 0.5074561403508772,
      "recall": 0.8240740740740741
    },
    "euclidean": {
      "accuracy": 0.8316347329800244,
      "accuracy_threshold": 3.7354845382756823,
      "ap": 0.7649405838298204,
      "f1": 0.6866738120757414,
      "f1_threshold": 4.322722947372914,
      "precision": 0.6888888888888889,
      "recall": 0.6844729344729344
    },
    "evaluation_time": 2.75,
    "manhattan": {
      "accuracy": 0.8316347329800244,
      "accuracy_threshold": 82.43334984779358,
      "ap": 0.765080551733795,
      "f1": 0.6873883529832083,
      "f1_threshold": 95.20881009101868,
      "precision": 0.6896057347670251,
      "recall": 0.6851851851851852
    },
    "max": {
      "accuracy": 0.8316347329800244,
      "ap": 0.765080551733795,
      "f1": 0.6873883529832083
    }
  }
}