{
  "dataset_revision": "93d57ef91790589e3ce9c365164337a8a78b7632",
  "mteb_dataset_name": "STSBenchmarkMultilingualSTS",
  "mteb_version": "1.7.49",
  "test": {
    "evaluation_time": 0.86,
    "pl": {
      "cos_sim": {
        "pearson": 0.8240356696082168,
        "spearman": 0.8348668862614751
      },
      "euclidean": {
        "pearson": 0.8278580892122968,
        "spearman": 0.8340246413868972
      },
      "manhattan": {
        "pearson": 0.8274639178409373,
        "spearman": 0.833798501557595
      }
    }
  }
}