{
  "dataset_revision": null,
  "mteb_dataset_name": "TRECCOVID-PL",
  "mteb_version": "1.1.1",
  "test": {
    "evaluation_time": 442.42,
    "map_at_1": 0.00231,
    "map_at_10": 0.01822,
    "map_at_100": 0.10134,
    "map_at_1000": 0.24859,
    "map_at_3": 0.00615,
    "map_at_5": 0.00994,
    "mrr_at_1": 0.84,
    "mrr_at_10": 0.904,
    "mrr_at_100": 0.904,
    "mrr_at_1000": 0.904,
    "mrr_at_3": 0.89,
    "mrr_at_5": 0.904,
    "ndcg_at_1": 0.81,
    "ndcg_at_10": 0.73333,
    "ndcg_at_100": 0.55351,
    "ndcg_at_1000": 0.49875,
    "ndcg_at_3": 0.76866,
    "ndcg_at_5": 0.75472,
    "precision_at_1": 0.86,
    "precision_at_10": 0.782,
    "precision_at_100": 0.5718,
    "precision_at_1000": 0.22332,
    "precision_at_3": 0.82,
    "precision_at_5": 0.812,
    "recall_at_1": 0.00231,
    "recall_at_10": 0.02056,
    "recall_at_100": 0.13468,
    "recall_at_1000": 0.47039,
    "recall_at_3": 0.00648,
    "recall_at_5": 0.01088
  }
}