{
  "dataset_revision": null,
  "mteb_dataset_name": "AllegroReviews",
  "mteb_version": "1.1.1",
  "test": {
    "accuracy": 0.4114314115308151,
    "accuracy_stderr": 0.04594435120131333,
    "evaluation_time": 6.5,
    "f1": 0.3618333889902578,
    "f1_stderr": 0.025423502071290356,
    "main_score": 0.4114314115308151
  }
}