{
  "dataset_revision": null,
  "mteb_dataset_name": "ArguAna-PL",
  "mteb_version": "1.1.1",
  "test": {
    "evaluation_time": 68.12,
    "map_at_1": 0.2909,
    "map_at_10": 0.44392,
    "map_at_100": 0.45318,
    "map_at_1000": 0.45327,
    "map_at_3": 0.39331,
    "map_at_5": 0.4234,
    "mrr_at_1": 0.30085,
    "mrr_at_10": 0.44778,
    "mrr_at_100": 0.45696,
    "mrr_at_1000": 0.45705,
    "mrr_at_3": 0.39734,
    "mrr_at_5": 0.42658,
    "ndcg_at_1": 0.2909,
    "ndcg_at_10": 0.53024,
    "ndcg_at_100": 0.56964,
    "ndcg_at_1000": 0.57186,
    "ndcg_at_3": 0.42657,
    "ndcg_at_5": 0.48108,
    "precision_at_1": 0.2909,
    "precision_at_10": 0.08065,
    "precision_at_100": 0.00979,
    "precision_at_1000": 0.001,
    "precision_at_3": 0.17425,
    "precision_at_5": 0.13115,
    "recall_at_1": 0.2909,
    "recall_at_10": 0.80654,
    "recall_at_100": 0.97866,
    "recall_at_1000": 0.99573,
    "recall_at_3": 0.52276,
    "recall_at_5": 0.65576
  }
}