{
  "dataset_revision": null,
  "mteb_dataset_name": "CBD",
  "mteb_version": "1.1.1",
  "test": {
    "accuracy": 0.699,
    "accuracy_stderr": 0.048348733178853825,
    "ap": 0.23396417013809812,
    "ap_stderr": 0.02551695213305734,
    "evaluation_time": 8.94,
    "f1": 0.5952954909777499,
    "f1_stderr": 0.03445573784344157,
    "main_score": 0.699
  }
}