{
  "dataset_revision": null,
  "mteb_dataset_name": "CDSC-E",
  "mteb_version": "1.1.1",
  "test": {
    "cos_sim": {
      "accuracy": 0.889,
      "accuracy_threshold": 0.9824677109718323,
      "ap": 0.7447426319324973,
      "f1": 0.6612021857923497,
      "f1_threshold": 0.9641442894935608,
      "precision": 0.6875,
      "recall": 0.6368421052631579
    },
    "dot": {
      "accuracy": 0.889,
      "accuracy_threshold": 0.9824676513671875,
      "ap": 0.7447426319324973,
      "f1": 0.6612021857923497,
      "f1_threshold": 0.9641442894935608,
      "precision": 0.6875,
      "recall": 0.6368421052631579
    },
    "euclidean": {
      "accuracy": 0.889,
      "accuracy_threshold": 0.18725550174713135,
      "ap": 0.7447426319324973,
      "f1": 0.6612021857923497,
      "f1_threshold": 0.26778966188430786,
      "precision": 0.6875,
      "recall": 0.6368421052631579
    },
    "evaluation_time": 1.2,
    "manhattan": {
      "accuracy": 0.888,
      "accuracy_threshold": 4.709613800048828,
      "ap": 0.7442066967443239,
      "f1": 0.6627565982404693,
      "f1_threshold": 6.208576679229736,
      "precision": 0.7483443708609272,
      "recall": 0.5947368421052631
    },
    "max": {
      "accuracy": 0.889,
      "ap": 0.7447426319324973,
      "f1": 0.6627565982404693
    }
  }
}