{
  "dataset_revision": null,
  "mteb_dataset_name": "CDSC-R",
  "mteb_version": "1.1.1",
  "test": {
    "cos_sim": {
      "pearson": 0.913208769767281,
      "spearman": 0.9099845867184886
    },
    "euclidean": {
      "pearson": 0.8973363818308899,
      "spearman": 0.9099845867184886
    },
    "evaluation_time": 2.12,
    "manhattan": {
      "pearson": 0.8972743990476627,
      "spearman": 0.9095961228632881
    }
  }
}