{
  "dataset_revision": null,
  "mteb_dataset_name": "DBPedia-PL",
  "mteb_version": "1.1.1",
  "test": {
    "evaluation_time": 10856.39,
    "map_at_1": 0.07541,
    "map_at_10": 0.16348,
    "map_at_100": 0.22415,
    "map_at_1000": 0.23827,
    "map_at_3": 0.11907,
    "map_at_5": 0.13608,
    "mrr_at_1": 0.5775,
    "mrr_at_10": 0.67213,
    "mrr_at_100": 0.6758,
    "mrr_at_1000": 0.67594,
    "mrr_at_3": 0.65375,
    "mrr_at_5": 0.66663,
    "ndcg_at_1": 0.47625,
    "ndcg_at_10": 0.35824,
    "ndcg_at_100": 0.39389,
    "ndcg_at_1000": 0.46319,
    "ndcg_at_3": 0.40604,
    "ndcg_at_5": 0.3744,
    "precision_at_1": 0.5775,
    "precision_at_10": 0.2845,
    "precision_at_100": 0.08828,
    "precision_at_1000": 0.01707,
    "precision_at_3": 0.43833,
    "precision_at_5": 0.361,
    "recall_at_1": 0.07541,
    "recall_at_10": 0.21612,
    "recall_at_100": 0.44176,
    "recall_at_1000": 0.66508,
    "recall_at_3": 0.13193,
    "recall_at_5": 0.15964
  }
}