{
  "dataset_revision": null,
  "mteb_dataset_name": "FiQA-PL",
  "mteb_version": "1.1.1",
  "test": {
    "evaluation_time": 331.32,
    "map_at_1": 0.16775,
    "map_at_10": 0.25954,
    "map_at_100": 0.27587,
    "map_at_1000": 0.27777,
    "map_at_3": 0.22607,
    "map_at_5": 0.24476,
    "mrr_at_1": 0.33333,
    "mrr_at_10": 0.41046,
    "mrr_at_100": 0.41984,
    "mrr_at_1000": 0.42036,
    "mrr_at_3": 0.3876,
    "mrr_at_5": 0.40033,
    "ndcg_at_1": 0.33333,
    "ndcg_at_10": 0.33002,
    "ndcg_at_100": 0.39473,
    "ndcg_at_1000": 0.43066,
    "ndcg_at_3": 0.29532,
    "ndcg_at_5": 0.30724,
    "precision_at_1": 0.33333,
    "precision_at_10": 0.0912,
    "precision_at_100": 0.01568,
    "precision_at_1000": 0.0022,
    "precision_at_3": 0.19342,
    "precision_at_5": 0.14506,
    "recall_at_1": 0.16775,
    "recall_at_10": 0.39019,
    "recall_at_100": 0.63399,
    "recall_at_1000": 0.85371,
    "recall_at_3": 0.26633,
    "recall_at_5": 0.31857
  }
}