{
  "dataset_revision": null,
  "mteb_dataset_name": "HotpotQA-PL",
  "mteb_version": "1.1.1",
  "test": {
    "evaluation_time": 11952.54,
    "map_at_1": 0.38015,
    "map_at_10": 0.59034,
    "map_at_100": 0.59895,
    "map_at_1000": 0.59962,
    "map_at_3": 0.55942,
    "map_at_5": 0.57926,
    "mrr_at_1": 0.7603,
    "mrr_at_10": 0.81927,
    "mrr_at_100": 0.82137,
    "mrr_at_1000": 0.82146,
    "mrr_at_3": 0.80878,
    "mrr_at_5": 0.81558,
    "ndcg_at_1": 0.7603,
    "ndcg_at_10": 0.67408,
    "ndcg_at_100": 0.70447,
    "ndcg_at_1000": 0.71719,
    "ndcg_at_3": 0.62937,
    "ndcg_at_5": 0.65502,
    "precision_at_1": 0.7603,
    "precision_at_10": 0.14036,
    "precision_at_100": 0.01642,
    "precision_at_1000": 0.00181,
    "precision_at_3": 0.40221,
    "precision_at_5": 0.26161,
    "recall_at_1": 0.38015,
    "recall_at_10": 0.70182,
    "recall_at_100": 0.82086,
    "recall_at_1000": 0.90452,
    "recall_at_3": 0.60331,
    "recall_at_5": 0.65402
  }
}