{
  "dataset_revision": "7d571f92784cd94a019292a1f45445077d0ef634",
  "mteb_dataset_name": "MassiveScenarioClassification",
  "mteb_version": "1.1.1",
  "test": {
    "evaluation_time": 16.32,
    "pl": {
      "accuracy": 0.6981842636180229,
      "accuracy_stderr": 0.018793316448913064,
      "f1": 0.691673375311638,
      "f1_stderr": 0.016828589715882206,
      "main_score": 0.6981842636180229
    }
  }
}