{
  "dataset_revision": "31efe3c427b0bae9c22cbb560b8f15491cc6bed7",
  "mteb_dataset_name": "MassiveIntentClassification",
  "mteb_version": "1.1.1",
  "test": {
    "evaluation_time": 19.38,
    "pl": {
      "accuracy": 0.6507397444519167,
      "accuracy_stderr": 0.014067888862478154,
      "f1": 0.6205608564555017,
      "f1_stderr": 0.015062589257603242,
      "main_score": 0.6507397444519167
    }
  }
}