{
  "dataset_revision": null,
  "mteb_dataset_name": "MSMARCO-PL",
  "mteb_version": "1.1.1",
  "validation": {
    "evaluation_time": 25208.74,
    "map_at_1": 0.17907,
    "map_at_10": 0.27688,
    "map_at_100": 0.28836,
    "map_at_1000": 0.28898,
    "map_at_3": 0.24431,
    "map_at_5": 0.26289,
    "mrr_at_1": 0.18496,
    "mrr_at_10": 0.28259,
    "mrr_at_100": 0.29364,
    "mrr_at_1000": 0.2942,
    "mrr_at_3": 0.25036,
    "mrr_at_5": 0.26872,
    "ndcg_at_1": 0.18496,
    "ndcg_at_10": 0.33382,
    "ndcg_at_100": 0.39138,
    "ndcg_at_1000": 0.40817,
    "ndcg_at_3": 0.26742,
    "ndcg_at_5": 0.30049,
    "precision_at_1": 0.18496,
    "precision_at_10": 0.05312,
    "precision_at_100": 0.00825,
    "precision_at_1000": 0.00097,
    "precision_at_3": 0.11366,
    "precision_at_5": 0.08487,
    "recall_at_1": 0.17907,
    "recall_at_10": 0.50903,
    "recall_at_100": 0.77993,
    "recall_at_1000": 0.91129,
    "recall_at_3": 0.32868,
    "recall_at_5": 0.40786
  }
}