{
  "dataset_revision": null,
  "mteb_dataset_name": "NFCorpus-PL",
  "mteb_version": "1.1.1",
  "test": {
    "evaluation_time": 37.66,
    "map_at_1": 0.04748,
    "map_at_10": 0.10625,
    "map_at_100": 0.13183,
    "map_at_1000": 0.14358,
    "map_at_3": 0.07359,
    "map_at_5": 0.09085,
    "mrr_at_1": 0.40557,
    "mrr_at_10": 0.49176,
    "mrr_at_100": 0.49898,
    "mrr_at_1000": 0.49935,
    "mrr_at_3": 0.46904,
    "mrr_at_5": 0.48545,
    "ndcg_at_1": 0.38545,
    "ndcg_at_10": 0.30235,
    "ndcg_at_100": 0.27413,
    "ndcg_at_1000": 0.35811,
    "ndcg_at_3": 0.34061,
    "ndcg_at_5": 0.33123,
    "precision_at_1": 0.39628,
    "precision_at_10": 0.22508,
    "precision_at_100": 0.06789,
    "precision_at_1000": 0.01893,
    "precision_at_3": 0.31785,
    "precision_at_5": 0.28731,
    "recall_at_1": 0.04748,
    "recall_at_10": 0.15124,
    "recall_at_100": 0.27989,
    "recall_at_1000": 0.57155,
    "recall_at_3": 0.08333,
    "recall_at_5": 0.12004
  }
}