{
  "dataset_revision": null,
  "mteb_dataset_name": "NQ-PL",
  "mteb_version": "1.1.1",
  "test": {
    "evaluation_time": 10021.47,
    "map_at_1": 0.32537,
    "map_at_10": 0.4616,
    "map_at_100": 0.47109,
    "map_at_1000": 0.47149,
    "map_at_3": 0.42496,
    "map_at_5": 0.44753,
    "mrr_at_1": 0.36645,
    "mrr_at_10": 0.48745,
    "mrr_at_100": 0.4948,
    "mrr_at_1000": 0.4951,
    "mrr_at_3": 0.45795,
    "mrr_at_5": 0.47665,
    "ndcg_at_1": 0.36616,
    "ndcg_at_10": 0.52792,
    "ndcg_at_100": 0.56901,
    "ndcg_at_1000": 0.57886,
    "ndcg_at_3": 0.46035,
    "ndcg_at_5": 0.49759,
    "precision_at_1": 0.36616,
    "precision_at_10": 0.08407,
    "precision_at_100": 0.01074,
    "precision_at_1000": 0.00117,
    "precision_at_3": 0.20616,
    "precision_at_5": 0.14537,
    "recall_at_1": 0.32537,
    "recall_at_10": 0.70317,
    "recall_at_100": 0.88328,
    "recall_at_1000": 0.95802,
    "recall_at_3": 0.52993,
    "recall_at_5": 0.61556
  }
}