{
  "dataset_revision": null,
  "mteb_dataset_name": "PAC",
  "mteb_version": "1.1.1",
  "test": {
    "accuracy": 0.7036779611931654,
    "accuracy_stderr": 0.027511942320795662,
    "ap": 0.7833260764363762,
    "ap_stderr": 0.02338236270384119,
    "evaluation_time": 6.32,
    "f1": 0.6792306382139366,
    "f1_stderr": 0.03204479006830258,
    "main_score": 0.7036779611931654
  }
}