{
  "dataset_revision": null,
  "mteb_dataset_name": "PolEmo2.0-OUT",
  "mteb_version": "1.1.1",
  "test": {
    "accuracy": 0.5338056680161943,
    "accuracy_stderr": 0.05131529038558214,
    "evaluation_time": 6.2,
    "f1": 0.4207783947375692,
    "f1_stderr": 0.02883009185106385,
    "main_score": 0.5338056680161943
  }
}