{
  "dataset_revision": null,
  "mteb_dataset_name": "PolEmo2.0-IN",
  "mteb_version": "1.1.1",
  "test": {
    "accuracy": 0.7706371191135734,
    "accuracy_stderr": 0.06868242159575204,
    "evaluation_time": 8.08,
    "f1": 0.7435626533035429,
    "f1_stderr": 0.05570116098025196,
    "main_score": 0.7706371191135734
  }
}