{
  "dataset_revision": null,
  "mteb_dataset_name": "PPC",
  "mteb_version": "1.1.1",
  "test": {
    "cos_sim": {
      "accuracy": 0.835,
      "accuracy_threshold": 0.962195634841919,
      "ap": 0.9218431017671038,
      "f1": 0.8625893566322478,
      "f1_threshold": 0.9511582255363464,
      "precision": 0.8290076335877863,
      "recall": 0.8990066225165563
    },
    "dot": {
      "accuracy": 0.835,
      "accuracy_threshold": 0.9621955752372742,
      "ap": 0.9218431017671038,
      "f1": 0.8625893566322478,
      "f1_threshold": 0.9511582851409912,
      "precision": 0.8290076335877863,
      "recall": 0.8990066225165563
    },
    "euclidean": {
      "accuracy": 0.835,
      "accuracy_threshold": 0.2749703526496887,
      "ap": 0.9218431017671038,
      "f1": 0.8625893566322478,
      "f1_threshold": 0.31254369020462036,
      "precision": 0.8290076335877863,
      "recall": 0.8990066225165563
    },
    "evaluation_time": 2.17,
    "manhattan": {
      "accuracy": 0.833,
      "accuracy_threshold": 6.974007606506348,
      "ap": 0.9213206583738283,
      "f1": 0.8607796340493239,
      "f1_threshold": 7.949758529663086,
      "precision": 0.8284839203675345,
      "recall": 0.8956953642384106
    },
    "max": {
      "accuracy": 0.835,
      "ap": 0.9218431017671038,
      "f1": 0.8625893566322478
    }
  }
}