{
  "dataset_revision": null,
  "mteb_dataset_name": "PSC",
  "mteb_version": "1.1.1",
  "test": {
    "cos_sim": {
      "accuracy": 0.9823747680890538,
      "accuracy_threshold": 0.8746810555458069,
      "ap": 0.9939446053858122,
      "f1": 0.9709923664122136,
      "f1_threshold": 0.8746810555458069,
      "precision": 0.9724770642201835,
      "recall": 0.9695121951219512
    },
    "dot": {
      "accuracy": 0.9823747680890538,
      "accuracy_threshold": 0.8746811151504517,
      "ap": 0.9939446053858123,
      "f1": 0.9709923664122136,
      "f1_threshold": 0.8746811151504517,
      "precision": 0.9724770642201835,
      "recall": 0.9695121951219512
    },
    "euclidean": {
      "accuracy": 0.9823747680890538,
      "accuracy_threshold": 0.500636100769043,
      "ap": 0.9939446053858122,
      "f1": 0.9709923664122136,
      "f1_threshold": 0.500636100769043,
      "precision": 0.9724770642201835,
      "recall": 0.9695121951219512
    },
    "evaluation_time": 3.74,
    "manhattan": {
      "accuracy": 0.9842300556586271,
      "accuracy_threshold": 12.815018653869629,
      "ap": 0.993815118346401,
      "f1": 0.974124809741248,
      "f1_threshold": 12.815018653869629,
      "precision": 0.9726443768996961,
      "recall": 0.975609756097561
    },
    "max": {
      "accuracy": 0.9842300556586271,
      "ap": 0.9939446053858123,
      "f1": 0.974124809741248
    }
  }
}