{
  "dataset_revision": null,
  "mteb_dataset_name": "Quora-PL",
  "mteb_version": "1.1.1",
  "test": {
    "evaluation_time": 408.65,
    "map_at_1": 0.65294,
    "map_at_10": 0.79295,
    "map_at_100": 0.80058,
    "map_at_1000": 0.80079,
    "map_at_3": 0.76207,
    "map_at_5": 0.7811,
    "mrr_at_1": 0.7517,
    "mrr_at_10": 0.82501,
    "mrr_at_100": 0.82705,
    "mrr_at_1000": 0.82708,
    "mrr_at_3": 0.81215,
    "mrr_at_5": 0.82057,
    "ndcg_at_1": 0.7521,
    "ndcg_at_10": 0.83654,
    "ndcg_at_100": 0.85422,
    "ndcg_at_1000": 0.85615,
    "ndcg_at_3": 0.80212,
    "ndcg_at_5": 0.82056,
    "precision_at_1": 0.7521,
    "precision_at_10": 0.12856,
    "precision_at_100": 0.0151,
    "precision_at_1000": 0.00156,
    "precision_at_3": 0.35277,
    "precision_at_5": 0.23348,
    "recall_at_1": 0.65294,
    "recall_at_10": 0.92461,
    "recall_at_100": 0.98771,
    "recall_at_1000": 0.99844,
    "recall_at_3": 0.82746,
    "recall_at_5": 0.87769
  }
}