{
  "dataset_revision": "4755de8baebc07bed0c60cec9f796e9a346600cb",
  "mteb_dataset_name": "SciDefRetrieval",
  "mteb_version": "1.7.49",
  "test": {
    "evaluation_time": 3.47,
    "map_at_1": 0.74227,
    "map_at_10": 0.80767,
    "map_at_100": 0.81044,
    "map_at_1000": 0.81048,
    "map_at_20": 0.80945,
    "map_at_3": 0.79504,
    "map_at_5": 0.80351,
    "mrr_at_1": 0.7408,
    "mrr_at_10": 0.80733,
    "mrr_at_100": 0.81009,
    "mrr_at_1000": 0.81013,
    "mrr_at_20": 0.80911,
    "mrr_at_3": 0.79504,
    "mrr_at_5": 0.80314,
    "ndcg_at_1": 0.74227,
    "ndcg_at_10": 0.8378,
    "ndcg_at_100": 0.85072,
    "ndcg_at_1000": 0.85199,
    "ndcg_at_20": 0.84419,
    "ndcg_at_3": 0.81284,
    "ndcg_at_5": 0.82805,
    "precision_at_1": 0.74227,
    "precision_at_10": 0.09308,
    "precision_at_100": 0.0099,
    "precision_at_1000": 0.001,
    "precision_at_20": 0.04779,
    "precision_at_3": 0.28817,
    "precision_at_5": 0.18027,
    "recall_at_1": 0.74227,
    "recall_at_10": 0.93078,
    "recall_at_100": 0.98969,
    "recall_at_1000": 1.0,
    "recall_at_20": 0.95582,
    "recall_at_3": 0.86451,
    "recall_at_5": 0.90133
  }
}