{
  "dataset_revision": null,
  "mteb_dataset_name": "SCIDOCS-PL",
  "mteb_version": "1.1.1",
  "test": {
    "evaluation_time": 217.72,
    "map_at_1": 0.03385,
    "map_at_10": 0.0792,
    "map_at_100": 0.09355,
    "map_at_1000": 0.0961,
    "map_at_3": 0.05955,
    "map_at_5": 0.06929,
    "mrr_at_1": 0.168,
    "mrr_at_10": 0.25151,
    "mrr_at_100": 0.2628,
    "mrr_at_1000": 0.26366,
    "mrr_at_3": 0.22567,
    "mrr_at_5": 0.23887,
    "ndcg_at_1": 0.168,
    "ndcg_at_10": 0.13812,
    "ndcg_at_100": 0.20132,
    "ndcg_at_1000": 0.25401,
    "ndcg_at_3": 0.13613,
    "ndcg_at_5": 0.11589,
    "precision_at_1": 0.168,
    "precision_at_10": 0.0701,
    "precision_at_100": 0.01625,
    "precision_at_1000": 0.0029,
    "precision_at_3": 0.127,
    "precision_at_5": 0.1004,
    "recall_at_1": 0.03385,
    "recall_at_10": 0.14192,
    "recall_at_100": 0.32933,
    "recall_at_1000": 0.58842,
    "recall_at_3": 0.07678,
    "recall_at_5": 0.10133
  }
}