{
  "dataset_revision": null,
  "mteb_dataset_name": "SciFact-PL",
  "mteb_version": "1.1.1",
  "test": {
    "evaluation_time": 53.77,
    "map_at_1": 0.51361,
    "map_at_10": 0.61057,
    "map_at_100": 0.61711,
    "map_at_1000": 0.61744,
    "map_at_3": 0.58611,
    "map_at_5": 0.60046,
    "mrr_at_1": 0.54,
    "mrr_at_10": 0.62486,
    "mrr_at_100": 0.63012,
    "mrr_at_1000": 0.63041,
    "mrr_at_3": 0.60667,
    "mrr_at_5": 0.61783,
    "ndcg_at_1": 0.54,
    "ndcg_at_10": 0.65663,
    "ndcg_at_100": 0.68497,
    "ndcg_at_1000": 0.69434,
    "ndcg_at_3": 0.61564,
    "ndcg_at_5": 0.63662,
    "precision_at_1": 0.54,
    "precision_at_10": 0.088,
    "precision_at_100": 0.01033,
    "precision_at_1000": 0.00111,
    "precision_at_3": 0.24556,
    "precision_at_5": 0.16133,
    "recall_at_1": 0.51361,
    "recall_at_10": 0.78211,
    "recall_at_100": 0.90767,
    "recall_at_1000": 0.98333,
    "recall_at_3": 0.67144,
    "recall_at_5": 0.72489
  }
}