{
  "dataset_revision": null,
  "mteb_dataset_name": "SICK-E-PL",
  "mteb_version": "1.1.1",
  "test": {
    "cos_sim": {
      "accuracy": 0.8285772523440685,
      "accuracy_threshold": 0.9689080119132996,
      "ap": 0.7595508500394967,
      "f1": 0.6934210526315789,
      "f1_threshold": 0.9482454061508179,
      "precision": 0.6442542787286064,
      "recall": 0.7507122507122507
    },
    "dot": {
      "accuracy": 0.8285772523440685,
      "accuracy_threshold": 0.9689079523086548,
      "ap": 0.7595506902227614,
      "f1": 0.6934210526315789,
      "f1_threshold": 0.9482454061508179,
      "precision": 0.6442542787286064,
      "recall": 0.7507122507122507
    },
    "euclidean": {
      "accuracy": 0.8285772523440685,
      "accuracy_threshold": 0.2493671327829361,
      "ap": 0.7595511872096522,
      "f1": 0.6934210526315789,
      "f1_threshold": 0.3217284679412842,
      "precision": 0.6442542787286064,
      "recall": 0.7507122507122507
    },
    "evaluation_time": 4.15,
    "manhattan": {
      "accuracy": 0.8275580921320832,
      "accuracy_threshold": 6.756636142730713,
      "ap": 0.7583155244958298,
      "f1": 0.6934404283801875,
      "f1_threshold": 8.054086685180664,
      "precision": 0.6540404040404041,
      "recall": 0.7378917378917379
    },
    "max": {
      "accuracy": 0.8285772523440685,
      "ap": 0.7595511872096522,
      "f1": 0.6934404283801875
    }
  }
}