{
  "dataset_revision": null,
  "mteb_dataset_name": "SICK-R-PL",
  "mteb_version": "1.1.1",
  "test": {
    "cos_sim": {
      "pearson": 0.7974907223967842,
      "spearman": 0.7507907450403775
    },
    "euclidean": {
      "pearson": 0.7669004036048074,
      "spearman": 0.7507907933001067
    },
    "evaluation_time": 5.63,
    "manhattan": {
      "pearson": 0.7658071054398289,
      "spearman": 0.7497525465276553
    }
  }
}