{
  "dataset_revision": "6d1ba47164174a496b7fa5d3569dae26a6813b80",
  "mteb_dataset_name": "STS22",
  "mteb_version": "1.1.1",
  "test": {
    "evaluation_time": 4.51,
    "pl": {
      "cos_sim": {
        "pearson": 0.26770831600929923,
        "spearman": 0.34655492120188836
      },
      "euclidean": {
        "pearson": 0.17141549840791598,
        "spearman": 0.3455483948006559
      },
      "manhattan": {
        "pearson": 0.16988505064654114,
        "spearman": 0.3489495237065076
      }
    }
  }
}