{
  "dataset_revision": "93d57ef91790589e3ce9c365164337a8a78b7632",
  "mteb_dataset_name": "STSBenchmarkMultilingualSTS",
  "mteb_version": "1.7.49",
  "test": {
    "evaluation_time": 1.7,
    "pl": {
      "cos_sim": {
        "pearson": 0.8081027643093931,
        "spearman": 0.8105936890745902
      },
      "euclidean": {
        "pearson": 0.8006712216957192,
        "spearman": 0.8106241853854406
      },
      "manhattan": {
        "pearson": 0.8006630407036013,
        "spearman": 0.8102748052809637
      }
    }
  }
}