{
  "dataset_revision": null,
  "mteb_dataset_name": "TRECCOVID-PL",
  "mteb_version": "1.1.1",
  "test": {
    "evaluation_time": 1338.43,
    "map_at_1": 0.00212,
    "map_at_10": 0.01576,
    "map_at_100": 0.09322,
    "map_at_1000": 0.23549,
    "map_at_3": 0.00568,
    "map_at_5": 0.00891,
    "mrr_at_1": 0.84,
    "mrr_at_10": 0.9125,
    "mrr_at_100": 0.9125,
    "mrr_at_1000": 0.9125,
    "mrr_at_3": 0.91,
    "mrr_at_5": 0.91,
    "ndcg_at_1": 0.79,
    "ndcg_at_10": 0.70033,
    "ndcg_at_100": 0.52309,
    "ndcg_at_1000": 0.48782,
    "ndcg_at_3": 0.75715,
    "ndcg_at_5": 0.74467,
    "precision_at_1": 0.84,
    "precision_at_10": 0.718,
    "precision_at_100": 0.532,
    "precision_at_1000": 0.2159,
    "precision_at_3": 0.79333,
    "precision_at_5": 0.776,
    "recall_at_1": 0.00212,
    "recall_at_10": 0.01838,
    "recall_at_100": 0.12992,
    "recall_at_1000": 0.46159,
    "recall_at_3": 0.00602,
    "recall_at_5": 0.00972
  }
}