{
    "dataset_revision": "63fc86750af76253e8c760fc9e534bbf24d260a2",
    "mteb_dataset_name": "ArguAna-PL",
    "mteb_version": "1.7.49",
    "test": {
        "map_at_1": 35.276999999999994,
        "map_at_10": 51.086,
        "map_at_100": 51.788000000000004,
        "map_at_1000": 51.791,
        "map_at_3": 46.147,
        "map_at_5": 49.078,
        "mrr_at_1": 35.917,
        "mrr_at_10": 51.315999999999995,
        "mrr_at_100": 52.018,
        "mrr_at_1000": 52.022,
        "mrr_at_3": 46.349000000000004,
        "mrr_at_5": 49.297000000000004,
        "ndcg_at_1": 35.276999999999994,
        "ndcg_at_10": 59.870999999999995,
        "ndcg_at_100": 62.590999999999994,
        "ndcg_at_1000": 62.661,
        "ndcg_at_3": 49.745,
        "ndcg_at_5": 55.067,
        "precision_at_1": 35.276999999999994,
        "precision_at_10": 8.791,
        "precision_at_100": 0.991,
        "precision_at_1000": 0.1,
        "precision_at_3": 20.057,
        "precision_at_5": 14.637,
        "recall_at_1": 35.276999999999994,
        "recall_at_10": 87.909,
        "recall_at_100": 99.14699999999999,
        "recall_at_1000": 99.644,
        "recall_at_3": 60.171,
        "recall_at_5": 73.18599999999999
    }
}