{
    "dataset_revision": "76afe41d9af165cc40999fcaa92312b8b012064a",
    "mteb_dataset_name": "DBPedia-PL",
    "mteb_version": "1.7.49",
    "test": {
        "map_at_1": 8.83,
        "map_at_10": 18.326,
        "map_at_100": 26.496,
        "map_at_1000": 28.455000000000002,
        "map_at_3": 12.933,
        "map_at_5": 15.168000000000001,
        "mrr_at_1": 66.0,
        "mrr_at_10": 72.76700000000001,
        "mrr_at_100": 73.203,
        "mrr_at_1000": 73.219,
        "mrr_at_3": 71.458,
        "mrr_at_5": 72.246,
        "ndcg_at_1": 55.375,
        "ndcg_at_10": 41.3,
        "ndcg_at_100": 45.891,
        "ndcg_at_1000": 52.905,
        "ndcg_at_3": 46.472,
        "ndcg_at_5": 43.734,
        "precision_at_1": 66.0,
        "precision_at_10": 33.074999999999996,
        "precision_at_100": 11.094999999999999,
        "precision_at_1000": 2.374,
        "precision_at_3": 48.583,
        "precision_at_5": 42.0,
        "recall_at_1": 8.83,
        "recall_at_10": 22.587,
        "recall_at_100": 50.61600000000001,
        "recall_at_1000": 73.559,
        "recall_at_3": 13.688,
        "recall_at_5": 16.855
    }
}