{
    "dataset_revision": "2e535829717f8bf9dc829b7f911cc5bbd4e6608e",
    "mteb_dataset_name": "FiQA-PL",
    "mteb_version": "1.7.49",
    "test": {
        "map_at_1": 20.587,
        "map_at_10": 33.095,
        "map_at_100": 35.24,
        "map_at_1000": 35.429,
        "map_at_3": 28.626,
        "map_at_5": 31.136999999999997,
        "mrr_at_1": 40.586,
        "mrr_at_10": 49.033,
        "mrr_at_100": 49.952999999999996,
        "mrr_at_1000": 49.992,
        "mrr_at_3": 46.553,
        "mrr_at_5": 48.035,
        "ndcg_at_1": 40.586,
        "ndcg_at_10": 41.046,
        "ndcg_at_100": 48.586,
        "ndcg_at_1000": 51.634,
        "ndcg_at_3": 36.773,
        "ndcg_at_5": 38.389,
        "precision_at_1": 40.586,
        "precision_at_10": 11.466,
        "precision_at_100": 1.909,
        "precision_at_1000": 0.245,
        "precision_at_3": 24.434,
        "precision_at_5": 18.426000000000002,
        "recall_at_1": 20.587,
        "recall_at_10": 47.986000000000004,
        "recall_at_100": 75.761,
        "recall_at_1000": 94.065,
        "recall_at_3": 33.339,
        "recall_at_5": 39.765
    }
}