{
    "dataset_revision": "a0bd479ac97b4ccb5bd6ce320c415d0bb4beb907",
    "mteb_dataset_name": "HotpotQA-PL",
    "mteb_version": "1.7.49",
    "test": {
        "map_at_1": 40.878,
        "map_at_10": 58.775999999999996,
        "map_at_100": 59.632,
        "map_at_1000": 59.707,
        "map_at_3": 56.074,
        "map_at_5": 57.629,
        "mrr_at_1": 81.756,
        "mrr_at_10": 86.117,
        "mrr_at_100": 86.299,
        "mrr_at_1000": 86.30600000000001,
        "mrr_at_3": 85.345,
        "mrr_at_5": 85.832,
        "ndcg_at_1": 81.756,
        "ndcg_at_10": 67.608,
        "ndcg_at_100": 70.575,
        "ndcg_at_1000": 71.99600000000001,
        "ndcg_at_3": 63.723,
        "ndcg_at_5": 65.70700000000001,
        "precision_at_1": 81.756,
        "precision_at_10": 13.619,
        "precision_at_100": 1.5939999999999999,
        "precision_at_1000": 0.178,
        "precision_at_3": 39.604,
        "precision_at_5": 25.332,
        "recall_at_1": 40.878,
        "recall_at_10": 68.096,
        "recall_at_100": 79.696,
        "recall_at_1000": 89.082,
        "recall_at_3": 59.406000000000006,
        "recall_at_5": 63.329
    }
}