{
  "dataset_revision": "31efe3c427b0bae9c22cbb560b8f15491cc6bed7",
  "mteb_dataset_name": "MassiveIntentClassification",
  "mteb_version": "1.7.49",
  "test": {
    "evaluation_time": 574.74,
    "pl": {
      "accuracy": 0.8094485541358442,
      "accuracy_stderr": 0.009166737775767144,
      "f1": 0.7718489821339707,
      "f1_stderr": 0.009383753412893582,
      "main_score": 0.8094485541358442
    }
  },
  "validation": {
    "evaluation_time": 509.97,
    "pl": {
      "accuracy": 0.8109198229217904,
      "accuracy_stderr": 0.00801997077115152,
      "f1": 0.7792402638502003,
      "f1_stderr": 0.006717284589009205,
      "main_score": 0.8109198229217904
    }
  }
}