{
    "dataset_revision": "8634c07806d5cce3a6138e260e59b81760a0a640",
    "mteb_dataset_name": "MSMARCO-PL",
    "mteb_version": "1.7.49",
    "validation": {
        "map_at_1": 2.1839999999999997,
        "map_at_10": 11.346,
        "map_at_100": 30.325000000000003,
        "map_at_1000": 37.806,
        "map_at_3": 4.842,
        "map_at_5": 6.891,
        "mrr_at_1": 86.047,
        "mrr_at_10": 89.14699999999999,
        "mrr_at_100": 89.46600000000001,
        "mrr_at_1000": 89.46600000000001,
        "mrr_at_3": 89.14699999999999,
        "mrr_at_5": 89.14699999999999,
        "ndcg_at_1": 67.829,
        "ndcg_at_10": 62.222,
        "ndcg_at_100": 55.337,
        "ndcg_at_1000": 64.076,
        "ndcg_at_3": 68.12700000000001,
        "ndcg_at_5": 64.987,
        "precision_at_1": 86.047,
        "precision_at_10": 69.535,
        "precision_at_100": 32.93,
        "precision_at_1000": 6.6049999999999995,
        "precision_at_3": 79.845,
        "precision_at_5": 75.349,
        "recall_at_1": 2.1839999999999997,
        "recall_at_10": 12.866,
        "recall_at_100": 43.505,
        "recall_at_1000": 72.366,
        "recall_at_3": 4.947,
        "recall_at_5": 7.192
    }
}