{
    "dataset_revision": "9a6f9567fda928260afed2de480d79c98bf0bec0",
    "mteb_dataset_name": "NFCorpus-PL",
    "mteb_version": "1.7.49",
    "test": {
        "map_at_1": 4.367,
        "map_at_10": 10.38,
        "map_at_100": 13.516,
        "map_at_1000": 14.982000000000001,
        "map_at_3": 7.367,
        "map_at_5": 8.59,
        "mrr_at_1": 41.486000000000004,
        "mrr_at_10": 48.886,
        "mrr_at_100": 49.657000000000004,
        "mrr_at_1000": 49.713,
        "mrr_at_3": 46.904,
        "mrr_at_5": 48.065000000000005,
        "ndcg_at_1": 40.402,
        "ndcg_at_10": 30.885,
        "ndcg_at_100": 28.393,
        "ndcg_at_1000": 37.428,
        "ndcg_at_3": 35.394999999999996,
        "ndcg_at_5": 33.391999999999996,
        "precision_at_1": 41.486000000000004,
        "precision_at_10": 23.437,
        "precision_at_100": 7.638,
        "precision_at_1000": 2.0389999999999997,
        "precision_at_3": 32.817,
        "precision_at_5": 28.915999999999997,
        "recall_at_1": 4.367,
        "recall_at_10": 14.655000000000001,
        "recall_at_100": 29.665999999999997,
        "recall_at_1000": 62.073,
        "recall_at_3": 8.51,
        "recall_at_5": 10.689
    }
}