{
    "dataset_revision": "f171245712cf85dd4700b06bef18001578d0ca8d",
    "mteb_dataset_name": "NQ-PL",
    "mteb_version": "1.7.49",
    "test": {
        "map_at_1": 28.616000000000003,
        "map_at_10": 41.626000000000005,
        "map_at_100": 42.689,
        "map_at_1000": 42.733,
        "map_at_3": 37.729,
        "map_at_5": 39.879999999999995,
        "mrr_at_1": 32.068000000000005,
        "mrr_at_10": 44.029,
        "mrr_at_100": 44.87,
        "mrr_at_1000": 44.901,
        "mrr_at_3": 40.687,
        "mrr_at_5": 42.625,
        "ndcg_at_1": 32.068000000000005,
        "ndcg_at_10": 48.449999999999996,
        "ndcg_at_100": 53.13,
        "ndcg_at_1000": 54.186,
        "ndcg_at_3": 40.983999999999995,
        "ndcg_at_5": 44.628,
        "precision_at_1": 32.068000000000005,
        "precision_at_10": 7.9750000000000005,
        "precision_at_100": 1.061,
        "precision_at_1000": 0.116,
        "precision_at_3": 18.404999999999998,
        "precision_at_5": 13.111,
        "recall_at_1": 28.616000000000003,
        "recall_at_10": 66.956,
        "recall_at_100": 87.657,
        "recall_at_1000": 95.548,
        "recall_at_3": 47.453,
        "recall_at_5": 55.87800000000001
    }
}