{
  "dataset_revision": "fc69d1c153a8ccdcf1eef52f4e2a27f88782f543",
  "mteb_dataset_name": "PAC",
  "mteb_version": "1.7.49",
  "test": {
    "accuracy": 0.7050390964378801,
    "accuracy_stderr": 0.030215834599538516,
    "ap": 0.780359794331433,
    "ap_stderr": 0.020007631553204546,
    "evaluation_time": 606.29,
    "f1": 0.6791836459693454,
    "f1_stderr": 0.02637126367236225,
    "main_score": 0.7050390964378801
  }
}