{
  "dataset_revision": "6a21ab8716e255ab1867265f8b396105e8aa63d4",
  "mteb_dataset_name": "PolEmo2.0-OUT",
  "mteb_version": "1.7.49",
  "test": {
    "accuracy": 0.7172064777327936,
    "accuracy_stderr": 0.033312359883163896,
    "evaluation_time": 265.98,
    "f1": 0.5577136891583211,
    "f1_stderr": 0.03345684400100338,
    "main_score": 0.7172064777327936
  }
}