{
  "dataset_revision": "d05a294af9e1d3ff2bfb6b714e08a24a6cabc669",
  "mteb_dataset_name": "PSC",
  "mteb_version": "1.7.49",
  "test": {
    "cos_sim": {
      "accuracy": 0.9786641929499073,
      "accuracy_threshold": 0.5126785039901733,
      "ap": 0.9936904211868183,
      "f1": 0.9656203288490284,
      "f1_threshold": 0.5126785039901733,
      "precision": 0.9472140762463344,
      "recall": 0.9847560975609756
    },
    "dot": {
      "accuracy": 0.9758812615955473,
      "accuracy_threshold": 23563.42578125,
      "ap": 0.9914801809783547,
      "f1": 0.9607250755287009,
      "f1_threshold": 23074.044921875,
      "precision": 0.9520958083832335,
      "recall": 0.9695121951219512
    },
    "euclidean": {
      "accuracy": 0.9795918367346939,
      "accuracy_threshold": 205.933349609375,
      "ap": 0.994252850329871,
      "f1": 0.9668674698795181,
      "f1_threshold": 207.21286010742188,
      "precision": 0.9553571428571429,
      "recall": 0.9786585365853658
    },
    "evaluation_time": 263.83,
    "manhattan": {
      "accuracy": 0.9823747680890538,
      "accuracy_threshold": 9653.4169921875,
      "ap": 0.9948488024566695,
      "f1": 0.9714285714285714,
      "f1_threshold": 9653.4169921875,
      "precision": 0.9584569732937686,
      "recall": 0.9847560975609756
    },
    "max": {
      "accuracy": 0.9823747680890538,
      "ap": 0.9948488024566695,
      "f1": 0.9714285714285714
    }
  }
}