{
    "dataset_revision": "0be27e93455051e531182b85e85e425aba12e9d4",
    "mteb_dataset_name": "Quora-PL",
    "mteb_version": "1.7.49",
    "test": {
        "map_at_1": 64.917,
        "map_at_10": 78.74600000000001,
        "map_at_100": 79.501,
        "map_at_1000": 79.524,
        "map_at_3": 75.549,
        "map_at_5": 77.495,
        "mrr_at_1": 74.9,
        "mrr_at_10": 82.112,
        "mrr_at_100": 82.314,
        "mrr_at_1000": 82.317,
        "mrr_at_3": 80.745,
        "mrr_at_5": 81.607,
        "ndcg_at_1": 74.83999999999999,
        "ndcg_at_10": 83.214,
        "ndcg_at_100": 84.997,
        "ndcg_at_1000": 85.207,
        "ndcg_at_3": 79.547,
        "ndcg_at_5": 81.46600000000001,
        "precision_at_1": 74.83999999999999,
        "precision_at_10": 12.822,
        "precision_at_100": 1.506,
        "precision_at_1000": 0.156,
        "precision_at_3": 34.903,
        "precision_at_5": 23.16,
        "recall_at_1": 64.917,
        "recall_at_10": 92.27199999999999,
        "recall_at_100": 98.715,
        "recall_at_1000": 99.854,
        "recall_at_3": 82.04599999999999,
        "recall_at_5": 87.2
    }
}