{
  "dataset_revision": "4755de8baebc07bed0c60cec9f796e9a346600cb",
  "mteb_dataset_name": "SciDefRetrieval",
  "mteb_version": "1.7.49",
  "test": {
    "evaluation_time": 147.1,
    "map_at_1": 0.7408,
    "map_at_10": 0.8113,
    "map_at_100": 0.81349,
    "map_at_1000": 0.81357,
    "map_at_20": 0.81291,
    "map_at_3": 0.79701,
    "map_at_5": 0.80621,
    "mrr_at_1": 0.7408,
    "mrr_at_10": 0.81142,
    "mrr_at_100": 0.81362,
    "mrr_at_1000": 0.8137,
    "mrr_at_20": 0.8131,
    "mrr_at_3": 0.79676,
    "mrr_at_5": 0.80633,
    "ndcg_at_1": 0.7408,
    "ndcg_at_10": 0.84334,
    "ndcg_at_100": 0.8532,
    "ndcg_at_1000": 0.85497,
    "ndcg_at_20": 0.84926,
    "ndcg_at_3": 0.81476,
    "ndcg_at_5": 0.83124,
    "precision_at_1": 0.7408,
    "precision_at_10": 0.09426,
    "precision_at_100": 0.00987,
    "precision_at_1000": 0.001,
    "precision_at_20": 0.04831,
    "precision_at_3": 0.28866,
    "precision_at_5": 0.18115,
    "recall_at_1": 0.7408,
    "recall_at_10": 0.94256,
    "recall_at_100": 0.98675,
    "recall_at_1000": 1.0,
    "recall_at_20": 0.96613,
    "recall_at_3": 0.86598,
    "recall_at_5": 0.90574
  }
}