{
    "dataset_revision": "45452b03f05560207ef19149545f168e596c9337",
    "mteb_dataset_name": "SCIDOCS-PL",
    "mteb_version": "1.7.49",
    "test": {
        "map_at_1": 3.51,
        "map_at_10": 9.046999999999999,
        "map_at_100": 10.823,
        "map_at_1000": 11.144,
        "map_at_3": 6.257,
        "map_at_5": 7.648000000000001,
        "mrr_at_1": 17.299999999999997,
        "mrr_at_10": 27.419,
        "mrr_at_100": 28.618,
        "mrr_at_1000": 28.685,
        "mrr_at_3": 23.817,
        "mrr_at_5": 25.927,
        "ndcg_at_1": 17.299999999999997,
        "ndcg_at_10": 16.084,
        "ndcg_at_100": 23.729,
        "ndcg_at_1000": 29.476999999999997,
        "ndcg_at_3": 14.327000000000002,
        "ndcg_at_5": 13.017999999999999,
        "precision_at_1": 17.299999999999997,
        "precision_at_10": 8.63,
        "precision_at_100": 1.981,
        "precision_at_1000": 0.336,
        "precision_at_3": 13.4,
        "precision_at_5": 11.700000000000001,
        "recall_at_1": 3.51,
        "recall_at_10": 17.518,
        "recall_at_100": 40.275,
        "recall_at_1000": 68.203,
        "recall_at_3": 8.155,
        "recall_at_5": 11.875
    }
}