{
    "dataset_revision": "47932a35f045ef8ed01ba82bf9ff67f6e109207e",
    "mteb_dataset_name": "SciFact-PL",
    "mteb_version": "1.7.49",
    "test": {
        "map_at_1": 54.31700000000001,
        "map_at_10": 65.564,
        "map_at_100": 66.062,
        "map_at_1000": 66.08699999999999,
        "map_at_3": 62.592999999999996,
        "map_at_5": 63.888,
        "mrr_at_1": 56.99999999999999,
        "mrr_at_10": 66.412,
        "mrr_at_100": 66.85900000000001,
        "mrr_at_1000": 66.88,
        "mrr_at_3": 64.22200000000001,
        "mrr_at_5": 65.206,
        "ndcg_at_1": 56.99999999999999,
        "ndcg_at_10": 70.577,
        "ndcg_at_100": 72.879,
        "ndcg_at_1000": 73.45,
        "ndcg_at_3": 65.5,
        "ndcg_at_5": 67.278,
        "precision_at_1": 56.99999999999999,
        "precision_at_10": 9.667,
        "precision_at_100": 1.083,
        "precision_at_1000": 0.11299999999999999,
        "precision_at_3": 26.0,
        "precision_at_5": 16.933,
        "recall_at_1": 54.31700000000001,
        "recall_at_10": 85.056,
        "recall_at_100": 95.667,
        "recall_at_1000": 100.0,
        "recall_at_3": 71.0,
        "recall_at_5": 75.672
    }
}