{
  "dataset_revision": "71bba34b0ece6c56dfcf46d9758a27f7a90f17e9",
  "mteb_dataset_name": "SICK-E-PL",
  "mteb_version": "1.7.49",
  "test": {
    "cos_sim": {
      "accuracy": 0.8630248675091724,
      "accuracy_threshold": 0.8727452754974365,
      "ap": 0.8367575857855128,
      "f1": 0.7497367497367498,
      "f1_threshold": 0.8383814096450806,
      "precision": 0.7391003460207612,
      "recall": 0.7606837606837606
    },
    "dot": {
      "accuracy": 0.861598043212393,
      "accuracy_threshold": 39182.8984375,
      "ap": 0.8251881869057208,
      "f1": 0.7502702702702702,
      "f1_threshold": 38742.24609375,
      "precision": 0.7592997811816192,
      "recall": 0.7414529914529915
    },
    "euclidean": {
      "accuracy": 0.8632286995515696,
      "accuracy_threshold": 104.31295013427734,
      "ap": 0.8350027491248525,
      "f1": 0.7495508444125045,
      "f1_threshold": 118.95834350585938,
      "precision": 0.7563451776649747,
      "recall": 0.7428774928774928
    },
    "evaluation_time": 321.98,
    "manhattan": {
      "accuracy": 0.8622095393395842,
      "accuracy_threshold": 5082.2705078125,
      "ap": 0.8348303978311016,
      "f1": 0.7478323699421966,
      "f1_threshold": 5569.1015625,
      "precision": 0.7587976539589443,
      "recall": 0.7371794871794872
    },
    "max": {
      "accuracy": 0.8632286995515696,
      "ap": 0.8367575857855128,
      "f1": 0.7502702702702702
    }
  }
}