{
  "dataset_revision": "eea2b4fe26a775864c896887d910b76a8098ad3f",
  "mteb_dataset_name": "STS22",
  "mteb_version": "1.7.49",
  "test": {
    "evaluation_time": 175.61,
    "pl": {
      "cos_sim": {
        "pearson": 0.3773259898583207,
        "spearman": 0.41016456670302837
      },
      "euclidean": {
        "pearson": 0.2564202849643051,
        "spearman": 0.4079636692513303
      },
      "manhattan": {
        "pearson": 0.256499912764967,
        "spearman": 0.40841763512391777
      }
    }
  }
}