{
    "dataset_revision": "81bcb408f33366c2a20ac54adafad1ae7e877fdd",
    "mteb_dataset_name": "TRECCOVID-PL",
    "mteb_version": "1.7.49",
    "test": {
        "map_at_1": 0.245,
        "map_at_10": 2.051,
        "map_at_100": 12.009,
        "map_at_1000": 27.448,
        "map_at_3": 0.721,
        "map_at_5": 1.13,
        "mrr_at_1": 88.0,
        "mrr_at_10": 93.0,
        "mrr_at_100": 93.0,
        "mrr_at_1000": 93.0,
        "mrr_at_3": 93.0,
        "mrr_at_5": 93.0,
        "ndcg_at_1": 85.0,
        "ndcg_at_10": 80.303,
        "ndcg_at_100": 61.23499999999999,
        "ndcg_at_1000": 52.978,
        "ndcg_at_3": 84.419,
        "ndcg_at_5": 82.976,
        "precision_at_1": 88.0,
        "precision_at_10": 83.39999999999999,
        "precision_at_100": 61.96,
        "precision_at_1000": 22.648,
        "precision_at_3": 89.333,
        "precision_at_5": 87.2,
        "recall_at_1": 0.245,
        "recall_at_10": 2.193,
        "recall_at_100": 14.938,
        "recall_at_1000": 48.563,
        "recall_at_3": 0.738,
        "recall_at_5": 1.173
    }
}