{
  "dataset_revision": "63fc86750af76253e8c760fc9e534bbf24d260a2",
  "mteb_dataset_name": "ArguAna-PL",
  "mteb_version": "1.7.49",
  "test": {
    "evaluation_time": 1290.19,
    "map_at_1": 0.34708,
    "map_at_10": 0.50881,
    "map_at_100": 0.51605,
    "map_at_1000": 0.51606,
    "map_at_20": 0.51462,
    "map_at_3": 0.46159,
    "map_at_5": 0.48951,
    "mrr_at_1": 0.35846,
    "mrr_at_10": 0.51321,
    "mrr_at_100": 0.52038,
    "mrr_at_1000": 0.52039,
    "mrr_at_20": 0.51895,
    "mrr_at_3": 0.46444,
    "mrr_at_5": 0.49392,
    "ndcg_at_1": 0.34708,
    "ndcg_at_10": 0.5956,
    "ndcg_at_100": 0.6247,
    "ndcg_at_1000": 0.62499,
    "ndcg_at_20": 0.61598,
    "ndcg_at_3": 0.49903,
    "ndcg_at_5": 0.54983,
    "precision_at_1": 0.34708,
    "precision_at_10": 0.08713,
    "precision_at_100": 0.00994,
    "precision_at_1000": 0.001,
    "precision_at_20": 0.04751,
    "precision_at_3": 0.20247,
    "precision_at_5": 0.14637,
    "recall_at_1": 0.34708,
    "recall_at_10": 0.87127,
    "recall_at_100": 0.99431,
    "recall_at_1000": 0.99644,
    "recall_at_20": 0.95021,
    "recall_at_3": 0.6074,
    "recall_at_5": 0.73186
  }
}