{
  "dataset_revision": "36ddb419bcffe6a5374c3891957912892916f28d",
  "mteb_dataset_name": "CBD",
  "mteb_version": "1.7.49",
  "test": {
    "accuracy": 0.8176,
    "accuracy_stderr": 0.0452375949847027,
    "ap": 0.3338544974713303,
    "ap_stderr": 0.042638539815417986,
    "evaluation_time": 23.32,
    "f1": 0.7035313041592917,
    "f1_stderr": 0.04039495448430404,
    "main_score": 0.8176
  }
}