{
  "dataset_revision": "1cd6abbb00df7d14be3dbd76a7dcc64b3a79a7cd",
  "mteb_dataset_name": "CDSC-R",
  "mteb_version": "1.7.49",
  "test": {
    "cos_sim": {
      "pearson": 0.9232614873605149,
      "spearman": 0.9207641191243254
    },
    "euclidean": {
      "pearson": 0.8939180047379044,
      "spearman": 0.9207634044180962
    },
    "evaluation_time": 200.2,
    "manhattan": {
      "pearson": 0.8946744952406759,
      "spearman": 0.9214267178641172
    }
  }
}