{
  "dataset_revision": "0a3d4aa409b22f80eb22cbf59b492637637b536d",
  "mteb_dataset_name": "CDSC-E",
  "mteb_version": "1.7.49",
  "test": {
    "cos_sim": {
      "accuracy": 0.888,
      "accuracy_threshold": 0.9119816027217709,
      "ap": 0.7605539940527627,
      "f1": 0.676056338028169,
      "f1_threshold": 0.8688547184556032,
      "precision": 0.7272727272727273,
      "recall": 0.631578947368421
    },
    "dot": {
      "accuracy": 0.893,
      "accuracy_threshold": 26080.0,
      "ap": 0.7484952291090741,
      "f1": 0.6666666666666667,
      "f1_threshold": 26000.0,
      "precision": 0.816793893129771,
      "recall": 0.5631578947368421
    },
    "euclidean": {
      "accuracy": 0.889,
      "accuracy_threshold": 78.68931284081549,
      "ap": 0.7589274444693584,
      "f1": 0.67966573816156,
      "f1_threshold": 87.6891400814759,
      "precision": 0.7218934911242604,
      "recall": 0.6421052631578947
    },
    "evaluation_time": 7.51,
    "manhattan": {
      "accuracy": 0.889,
      "accuracy_threshold": 3746.1899651288986,
      "ap": 0.7597335153656988,
      "f1": 0.6815642458100559,
      "f1_threshold": 4137.578253269196,
      "precision": 0.7261904761904762,
      "recall": 0.6421052631578947
    },
    "max": {
      "accuracy": 0.893,
      "ap": 0.7605539940527627,
      "f1": 0.6815642458100559
    }
  }
}