{
    "dataset_revision": "76afe41d9af165cc40999fcaa92312b8b012064a",
    "mteb_dataset_name": "DBPedia-PL",
    "mteb_version": "1.7.49",
    "test": {
        "main_score": 43.189,
        "map_at_1": 8.838,
        "map_at_10": 20.335,
        "map_at_100": 29.818,
        "map_at_1000": 31.672,
        "map_at_20": 24.037,
        "map_at_3": 14.144000000000002,
        "map_at_5": 16.674,
        "mrr_at_1": 66.25,
        "mrr_at_10": 74.51428571428573,
        "mrr_at_100": 74.85025528596333,
        "mrr_at_1000": 74.861579760375,
        "mrr_at_20": 74.75227906231197,
        "mrr_at_3": 73.25,
        "mrr_at_5": 73.825,
        "nauc_map_at_1000_diff1": 25.397956304548963,
        "nauc_map_at_1000_max": 34.60045634629073,
        "nauc_map_at_1000_std": 25.484338507029523,
        "nauc_map_at_100_diff1": 26.732402811074362,
        "nauc_map_at_100_max": 33.16273154550298,
        "nauc_map_at_100_std": 22.705558316419694,
        "nauc_map_at_10_diff1": 31.048350740517666,
        "nauc_map_at_10_max": 20.58247280790142,
        "nauc_map_at_10_std": -0.3057740988996755,
        "nauc_map_at_1_diff1": 37.44384898753489,
        "nauc_map_at_1_max": 2.009066872007797,
        "nauc_map_at_1_std": -18.38972044447374,
        "nauc_map_at_20_diff1": 29.145950023489974,
        "nauc_map_at_20_max": 25.337239700245075,
        "nauc_map_at_20_std": 7.680343084384305,
        "nauc_map_at_3_diff1": 32.41886776815376,
        "nauc_map_at_3_max": 8.976460728750666,
        "nauc_map_at_3_std": -14.206927116348458,
        "nauc_map_at_5_diff1": 31.316919153957873,
        "nauc_map_at_5_max": 14.015365438005226,
        "nauc_map_at_5_std": -8.909007562143335,
        "nauc_mrr_at_1000_diff1": 42.77521158292109,
        "nauc_mrr_at_1000_max": 58.03733674934908,
        "nauc_mrr_at_1000_std": 42.65118460573791,
        "nauc_mrr_at_100_diff1": 42.76917109803571,
        "nauc_mrr_at_100_max": 58.04747433083853,
        "nauc_mrr_at_100_std": 42.65151388365855,
        "nauc_mrr_at_10_diff1": 42.4992726119988,
        "nauc_mrr_at_10_max": 58.157080658302974,
        "nauc_mrr_at_10_std": 42.98778606676595,
        "nauc_mrr_at_1_diff1": 46.67764597969527,
        "nauc_mrr_at_1_max": 54.52896662427813,
        "nauc_mrr_at_1_std": 35.71181387979735,
        "nauc_mrr_at_20_diff1": 42.79101300218034,
        "nauc_mrr_at_20_max": 58.05679669975563,
        "nauc_mrr_at_20_std": 42.72288886007032,
        "nauc_mrr_at_3_diff1": 41.85440967628899,
        "nauc_mrr_at_3_max": 57.975577899726126,
        "nauc_mrr_at_3_std": 43.523432037784985,
        "nauc_mrr_at_5_diff1": 42.3041465494315,
        "nauc_mrr_at_5_max": 58.54530113479029,
        "nauc_mrr_at_5_std": 43.2944834223015,
        "nauc_ndcg_at_1000_diff1": 32.16216922989725,
        "nauc_ndcg_at_1000_max": 50.03467332768009,
        "nauc_ndcg_at_1000_std": 42.87877265207483,
        "nauc_ndcg_at_100_diff1": 33.55193527551313,
        "nauc_ndcg_at_100_max": 45.12048953873363,
        "nauc_ndcg_at_100_std": 34.788021436199024,
        "nauc_ndcg_at_10_diff1": 31.14168233882658,
        "nauc_ndcg_at_10_max": 45.31079148382448,
        "nauc_ndcg_at_10_std": 28.555214349385466,
        "nauc_ndcg_at_1_diff1": 45.12481069889602,
        "nauc_ndcg_at_1_max": 45.93377570654117,
        "nauc_ndcg_at_1_std": 26.672617000885186,
        "nauc_ndcg_at_20_diff1": 31.81216979830056,
        "nauc_ndcg_at_20_max": 41.93464767693644,
        "nauc_ndcg_at_20_std": 26.08707327004535,
        "nauc_ndcg_at_3_diff1": 29.90627202771331,
        "nauc_ndcg_at_3_max": 46.50414958925517,
        "nauc_ndcg_at_3_std": 29.66009841753563,
        "nauc_ndcg_at_5_diff1": 29.08122779713697,
        "nauc_ndcg_at_5_max": 46.81499760516951,
        "nauc_ndcg_at_5_std": 29.935930977468267,
        "nauc_precision_at_1000_diff1": -18.71150014402453,
        "nauc_precision_at_1000_max": -0.9220395765472844,
        "nauc_precision_at_1000_std": 7.219897945975822,
        "nauc_precision_at_100_diff1": -8.609528664023014,
        "nauc_precision_at_100_max": 29.147048677242864,
        "nauc_precision_at_100_std": 44.958041507680036,
        "nauc_precision_at_10_diff1": 2.8689201908213477,
        "nauc_precision_at_10_max": 44.40893361361308,
        "nauc_precision_at_10_std": 47.18569807586499,
        "nauc_precision_at_1_diff1": 46.01228536231763,
        "nauc_precision_at_1_max": 54.30280987857099,
        "nauc_precision_at_1_std": 36.923128493492776,
        "nauc_precision_at_20_diff1": -1.9783515948740122,
        "nauc_precision_at_20_max": 38.42066921295958,
        "nauc_precision_at_20_std": 47.41935674153161,
        "nauc_precision_at_3_diff1": 9.877584475384026,
        "nauc_precision_at_3_max": 44.77006526403546,
        "nauc_precision_at_3_std": 39.51299545977156,
        "nauc_precision_at_5_diff1": 5.096217475317008,
        "nauc_precision_at_5_max": 45.66716959157208,
        "nauc_precision_at_5_std": 42.651208343259505,
        "nauc_recall_at_1000_diff1": 25.395292649442965,
        "nauc_recall_at_1000_max": 44.94193476114992,
        "nauc_recall_at_1000_std": 53.58345238223027,
        "nauc_recall_at_100_diff1": 23.962022146293293,
        "nauc_recall_at_100_max": 32.15140842028602,
        "nauc_recall_at_100_std": 30.57126984952762,
        "nauc_recall_at_10_diff1": 28.120539807446004,
        "nauc_recall_at_10_max": 18.154834280193572,
        "nauc_recall_at_10_std": -0.6032386653260938,
        "nauc_recall_at_1_diff1": 37.44384898753489,
        "nauc_recall_at_1_max": 2.009066872007797,
        "nauc_recall_at_1_std": -18.38972044447374,
        "nauc_recall_at_20_diff1": 23.438945970294554,
        "nauc_recall_at_20_max": 17.201259624644326,
        "nauc_recall_at_20_std": 3.75587033487961,
        "nauc_recall_at_3_diff1": 29.867460507200587,
        "nauc_recall_at_3_max": 8.066960542463528,
        "nauc_recall_at_3_std": -15.13440571172203,
        "nauc_recall_at_5_diff1": 28.657118879661887,
        "nauc_recall_at_5_max": 12.942552735963842,
        "nauc_recall_at_5_std": -9.57735672972808,
        "ndcg_at_1": 54.50000000000001,
        "ndcg_at_10": 43.189,
        "ndcg_at_100": 48.595,
        "ndcg_at_1000": 55.681000000000004,
        "ndcg_at_20": 43.09,
        "ndcg_at_3": 47.599000000000004,
        "ndcg_at_5": 44.907000000000004,
        "precision_at_1": 66.5,
        "precision_at_10": 35.725,
        "precision_at_100": 11.583,
        "precision_at_1000": 2.302,
        "precision_at_20": 27.375,
        "precision_at_3": 52.0,
        "precision_at_5": 44.7,
        "recall_at_1": 8.838,
        "recall_at_10": 25.424999999999997,
        "recall_at_100": 55.632000000000005,
        "recall_at_1000": 77.857,
        "recall_at_20": 34.458,
        "recall_at_3": 15.229999999999999,
        "recall_at_5": 18.872
    }
}