{
  "dataset_revision": "2e535829717f8bf9dc829b7f911cc5bbd4e6608e",
  "mteb_dataset_name": "FiQA-PL",
  "mteb_version": "1.7.49",
  "test": {
    "evaluation_time": 6673.37,
    "map_at_1": 0.2339,
    "map_at_10": 0.36943,
    "map_at_100": 0.38857,
    "map_at_1000": 0.39027,
    "map_at_20": 0.38017,
    "map_at_3": 0.32017,
    "map_at_5": 0.35062,
    "mrr_at_1": 0.4537,
    "mrr_at_10": 0.53254,
    "mrr_at_100": 0.53973,
    "mrr_at_1000": 0.54004,
    "mrr_at_20": 0.53693,
    "mrr_at_3": 0.50566,
    "mrr_at_5": 0.52233,
    "ndcg_at_1": 0.4537,
    "ndcg_at_10": 0.44894,
    "ndcg_at_100": 0.51513,
    "ndcg_at_1000": 0.54247,
    "ndcg_at_20": 0.47497,
    "ndcg_at_3": 0.40518,
    "ndcg_at_5": 0.42451,
    "precision_at_1": 0.4537,
    "precision_at_10": 0.12145,
    "precision_at_100": 0.01924,
    "precision_at_1000": 0.00241,
    "precision_at_20": 0.07215,
    "precision_at_3": 0.2644,
    "precision_at_5": 0.19815,
    "recall_at_1": 0.2339,
    "recall_at_10": 0.51747,
    "recall_at_100": 0.75832,
    "recall_at_1000": 0.92251,
    "recall_at_20": 0.59644,
    "recall_at_3": 0.35932,
    "recall_at_5": 0.43931
  }
}