{
    "dataset_revision": "a0bd479ac97b4ccb5bd6ce320c415d0bb4beb907",
    "mteb_dataset_name": "HotpotQA-PL",
    "mteb_version": "1.7.49",
    "test": {
        "main_score": 77.02799999999999,
        "map_at_1": 41.249,
        "map_at_10": 69.512,
        "map_at_100": 70.291,
        "map_at_1000": 70.334,
        "map_at_20": 69.992,
        "map_at_3": 65.751,
        "map_at_5": 68.161,
        "mrr_at_1": 82.4983119513842,
        "mrr_at_10": 87.71202426502866,
        "mrr_at_100": 87.84265780907221,
        "mrr_at_1000": 87.8455843626266,
        "mrr_at_20": 87.80640011547308,
        "mrr_at_3": 86.94575737114536,
        "mrr_at_5": 87.46770200315063,
        "nauc_map_at_1000_diff1": 17.17119899625707,
        "nauc_map_at_1000_max": 29.981569339485393,
        "nauc_map_at_1000_std": 8.93659568948167,
        "nauc_map_at_100_diff1": 17.156175947340035,
        "nauc_map_at_100_max": 29.988121004348194,
        "nauc_map_at_100_std": 8.967947232110745,
        "nauc_map_at_10_diff1": 16.854416108818132,
        "nauc_map_at_10_max": 29.784211249360194,
        "nauc_map_at_10_std": 8.535227936720936,
        "nauc_map_at_1_diff1": 68.01294545515707,
        "nauc_map_at_1_max": 47.51019900345037,
        "nauc_map_at_1_std": -1.7951406243808212,
        "nauc_map_at_20_diff1": 16.993955459776572,
        "nauc_map_at_20_max": 29.920806300647463,
        "nauc_map_at_20_std": 8.873597327714583,
        "nauc_map_at_3_diff1": 16.16514623575243,
        "nauc_map_at_3_max": 27.62371849413713,
        "nauc_map_at_3_std": 5.131406130565191,
        "nauc_map_at_5_diff1": 16.507863832657364,
        "nauc_map_at_5_max": 28.9019090072195,
        "nauc_map_at_5_std": 7.2380930617814645,
        "nauc_mrr_at_1000_diff1": 66.74502991743417,
        "nauc_mrr_at_1000_max": 50.29274140603486,
        "nauc_mrr_at_1000_std": 1.602388931386098,
        "nauc_mrr_at_100_diff1": 66.7413605208101,
        "nauc_mrr_at_100_max": 50.29720043419606,
        "nauc_mrr_at_100_std": 1.612142495535232,
        "nauc_mrr_at_10_diff1": 66.71814591414376,
        "nauc_mrr_at_10_max": 50.39851050116519,
        "nauc_mrr_at_10_std": 1.7339878916186384,
        "nauc_mrr_at_1_diff1": 68.01294545515707,
        "nauc_mrr_at_1_max": 47.627701029006225,
        "nauc_mrr_at_1_std": -1.442043059079073,
        "nauc_mrr_at_20_diff1": 66.72944815863312,
        "nauc_mrr_at_20_max": 50.325719646409716,
        "nauc_mrr_at_20_std": 1.6584317196476688,
        "nauc_mrr_at_3_diff1": 66.29662294615758,
        "nauc_mrr_at_3_max": 50.29363488669571,
        "nauc_mrr_at_3_std": 1.1373012069481296,
        "nauc_mrr_at_5_diff1": 66.70959181668684,
        "nauc_mrr_at_5_max": 50.42831108375743,
        "nauc_mrr_at_5_std": 1.5492429855609648,
        "nauc_ndcg_at_1000_diff1": 24.337157353044912,
        "nauc_ndcg_at_1000_max": 35.021784629126984,
        "nauc_ndcg_at_1000_std": 11.976738067383161,
        "nauc_ndcg_at_100_diff1": 23.584427352691776,
        "nauc_ndcg_at_100_max": 35.12304754035805,
        "nauc_ndcg_at_100_std": 12.921291623167921,
        "nauc_ndcg_at_10_diff1": 22.057127915032765,
        "nauc_ndcg_at_10_max": 34.09397142140321,
        "nauc_ndcg_at_10_std": 11.21339882108658,
        "nauc_ndcg_at_1_diff1": 68.01294545515707,
        "nauc_ndcg_at_1_max": 47.51019900345037,
        "nauc_ndcg_at_1_std": -1.7951406243808212,
        "nauc_ndcg_at_20_diff1": 22.404347553479102,
        "nauc_ndcg_at_20_max": 34.50508324969608,
        "nauc_ndcg_at_20_std": 12.281993331498175,
        "nauc_ndcg_at_3_diff1": 21.21895220595676,
        "nauc_ndcg_at_3_max": 30.76465236403928,
        "nauc_ndcg_at_3_std": 5.501903724385424,
        "nauc_ndcg_at_5_diff1": 21.489825424548258,
        "nauc_ndcg_at_5_max": 32.43517409935615,
        "nauc_ndcg_at_5_std": 8.59021290966302,
        "nauc_precision_at_1000_diff1": 9.056916578488696,
        "nauc_precision_at_1000_max": 47.29861770129213,
        "nauc_precision_at_1000_std": 60.06028316961357,
        "nauc_precision_at_100_diff1": 6.853208191063939,
        "nauc_precision_at_100_max": 40.23686318254916,
        "nauc_precision_at_100_std": 44.69884156134862,
        "nauc_precision_at_10_diff1": 7.7572606953149315,
        "nauc_precision_at_10_max": 33.24412509121427,
        "nauc_precision_at_10_std": 22.894891705425753,
        "nauc_precision_at_1_diff1": 68.01294545515707,
        "nauc_precision_at_1_max": 47.51019900345037,
        "nauc_precision_at_1_std": -1.7951406243808212,
        "nauc_precision_at_20_diff1": 6.102789021481188,
        "nauc_precision_at_20_max": 34.384739158981084,
        "nauc_precision_at_20_std": 29.40165302735249,
        "nauc_precision_at_3_diff1": 10.004182813463276,
        "nauc_precision_at_3_max": 27.07527926636925,
        "nauc_precision_at_3_std": 8.034252288165805,
        "nauc_precision_at_5_diff1": 8.672082689816547,
        "nauc_precision_at_5_max": 29.352582129843867,
        "nauc_precision_at_5_std": 14.456464951944461,
        "nauc_recall_at_1000_diff1": 9.056916578488018,
        "nauc_recall_at_1000_max": 47.29861770129215,
        "nauc_recall_at_1000_std": 60.06028316961315,
        "nauc_recall_at_100_diff1": 6.853208191063934,
        "nauc_recall_at_100_max": 40.23686318254888,
        "nauc_recall_at_100_std": 44.698841561348615,
        "nauc_recall_at_10_diff1": 7.7572606953149394,
        "nauc_recall_at_10_max": 33.244125091214286,
        "nauc_recall_at_10_std": 22.894891705425863,
        "nauc_recall_at_1_diff1": 68.01294545515707,
        "nauc_recall_at_1_max": 47.51019900345037,
        "nauc_recall_at_1_std": -1.7951406243808212,
        "nauc_recall_at_20_diff1": 6.102789021481126,
        "nauc_recall_at_20_max": 34.38473915898118,
        "nauc_recall_at_20_std": 29.40165302735251,
        "nauc_recall_at_3_diff1": 10.004182813463203,
        "nauc_recall_at_3_max": 27.07527926636916,
        "nauc_recall_at_3_std": 8.034252288165728,
        "nauc_recall_at_5_diff1": 8.672082689816364,
        "nauc_recall_at_5_max": 29.352582129843714,
        "nauc_recall_at_5_std": 14.4564649519445,
        "ndcg_at_1": 82.498,
        "ndcg_at_10": 77.02799999999999,
        "ndcg_at_100": 79.593,
        "ndcg_at_1000": 80.372,
        "ndcg_at_20": 78.194,
        "ndcg_at_3": 71.932,
        "ndcg_at_5": 74.878,
        "precision_at_1": 82.498,
        "precision_at_10": 16.289,
        "precision_at_100": 1.8259999999999998,
        "precision_at_1000": 0.193,
        "precision_at_20": 8.519,
        "precision_at_3": 46.851,
        "precision_at_5": 30.436000000000003,
        "recall_at_1": 41.249,
        "recall_at_10": 81.44500000000001,
        "recall_at_100": 91.323,
        "recall_at_1000": 96.44200000000001,
        "recall_at_20": 85.18599999999999,
        "recall_at_3": 70.277,
        "recall_at_5": 76.09
    }
}