{
  "dataset_revision": "7d571f92784cd94a019292a1f45445077d0ef634",
  "mteb_dataset_name": "MassiveScenarioClassification",
  "mteb_version": "1.7.49",
  "test": {
    "evaluation_time": 46.04,
    "pl": {
      "accuracy": 0.8014458641560187,
      "accuracy_stderr": 0.016384087518097206,
      "f1": 0.7968169185145109,
      "f1_stderr": 0.013653237404939074,
      "main_score": 0.8014458641560187
    }
  }
}