{
  "dataset_revision": "31efe3c427b0bae9c22cbb560b8f15491cc6bed7",
  "mteb_dataset_name": "MassiveIntentClassification",
  "mteb_version": "1.7.49",
  "test": {
    "evaluation_time": 93.82,
    "pl": {
      "accuracy": 0.7775386684599865,
      "accuracy_stderr": 0.014318932153313563,
      "f1": 0.745017790895852,
      "f1_stderr": 0.011867127008919884,
      "main_score": 0.7775386684599865
    }
  }
}