{
    "dataset_revision": "8634c07806d5cce3a6138e260e59b81760a0a640",
    "mteb_dataset_name": "MSMARCO-PL",
    "mteb_version": "1.7.49",
    "validation": {
        "main_score": 72.695,
        "map_at_1": 2.313,
        "map_at_10": 16.541,
        "map_at_100": 42.664,
        "map_at_1000": 51.048,
        "map_at_20": 25.691000000000003,
        "map_at_3": 6.8580000000000005,
        "map_at_5": 10.227,
        "mrr_at_1": 90.69767441860465,
        "mrr_at_10": 94.65116279069768,
        "mrr_at_100": 94.65116279069768,
        "mrr_at_1000": 94.65116279069768,
        "mrr_at_20": 94.65116279069768,
        "mrr_at_3": 94.18604651162791,
        "mrr_at_5": 94.65116279069768,
        "nauc_map_at_1000_diff1": -19.394271777832838,
        "nauc_map_at_1000_max": 35.63073356621754,
        "nauc_map_at_1000_std": 56.92803671553409,
        "nauc_map_at_100_diff1": -7.023340458676494,
        "nauc_map_at_100_max": 22.967662469404267,
        "nauc_map_at_100_std": 28.64423344417142,
        "nauc_map_at_10_diff1": 18.22452762970126,
        "nauc_map_at_10_max": 3.235969423980127,
        "nauc_map_at_10_std": -11.528499499305529,
        "nauc_map_at_1_diff1": 17.90743559505749,
        "nauc_map_at_1_max": -14.61627654448527,
        "nauc_map_at_1_std": -24.262430292012667,
        "nauc_map_at_20_diff1": 14.96422992084746,
        "nauc_map_at_20_max": 11.128128185086132,
        "nauc_map_at_20_std": -0.4087236026844547,
        "nauc_map_at_3_diff1": 16.45733174189393,
        "nauc_map_at_3_max": -14.88196784500194,
        "nauc_map_at_3_std": -26.096323520383446,
        "nauc_map_at_5_diff1": 17.572159494245003,
        "nauc_map_at_5_max": -11.206812710229503,
        "nauc_map_at_5_std": -22.27070819579704,
        "nauc_mrr_at_1000_diff1": 33.66069097978205,
        "nauc_mrr_at_1000_max": 43.87773602456895,
        "nauc_mrr_at_1000_std": 52.33730714398662,
        "nauc_mrr_at_100_diff1": 33.66069097978205,
        "nauc_mrr_at_100_max": 43.87773602456895,
        "nauc_mrr_at_100_std": 52.33730714398662,
        "nauc_mrr_at_10_diff1": 33.66069097978205,
        "nauc_mrr_at_10_max": 43.87773602456895,
        "nauc_mrr_at_10_std": 52.33730714398662,
        "nauc_mrr_at_1_diff1": 23.709794626749783,
        "nauc_mrr_at_1_max": 35.45939642825464,
        "nauc_mrr_at_1_std": 45.18790321558505,
        "nauc_mrr_at_20_diff1": 33.66069097978205,
        "nauc_mrr_at_20_max": 43.87773602456895,
        "nauc_mrr_at_20_std": 52.33730714398662,
        "nauc_mrr_at_3_diff1": 38.96783570139972,
        "nauc_mrr_at_3_max": 48.367517142603624,
        "nauc_mrr_at_3_std": 56.15032257246786,
        "nauc_mrr_at_5_diff1": 33.66069097978205,
        "nauc_mrr_at_5_max": 43.87773602456895,
        "nauc_mrr_at_5_std": 52.33730714398662,
        "nauc_ndcg_at_1000_diff1": -8.409227649777549,
        "nauc_ndcg_at_1000_max": 55.08579408014661,
        "nauc_ndcg_at_1000_std": 64.71829411541155,
        "nauc_ndcg_at_100_diff1": -12.171382005828134,
        "nauc_ndcg_at_100_max": 37.279599751187895,
        "nauc_ndcg_at_100_std": 55.59571261330682,
        "nauc_ndcg_at_10_diff1": -4.2745893875224645,
        "nauc_ndcg_at_10_max": 35.61094191299521,
        "nauc_ndcg_at_10_std": 31.49122710738599,
        "nauc_ndcg_at_1_diff1": 34.77341575621081,
        "nauc_ndcg_at_1_max": 18.418784098194983,
        "nauc_ndcg_at_1_std": 3.6003144907881026,
        "nauc_ndcg_at_20_diff1": -16.937600290863816,
        "nauc_ndcg_at_20_max": 28.731002593372718,
        "nauc_ndcg_at_20_std": 40.140028262395546,
        "nauc_ndcg_at_3_diff1": 21.008563623057892,
        "nauc_ndcg_at_3_max": 32.092932411602945,
        "nauc_ndcg_at_3_std": 7.783159518591246,
        "nauc_ndcg_at_5_diff1": 13.35248395075747,
        "nauc_ndcg_at_5_max": 33.48637127489678,
        "nauc_ndcg_at_5_std": 19.883656903878986,
        "nauc_precision_at_1000_diff1": -34.613170483366815,
        "nauc_precision_at_1000_max": 14.178980568050093,
        "nauc_precision_at_1000_std": 53.45813399059421,
        "nauc_precision_at_100_diff1": -40.67552345859168,
        "nauc_precision_at_100_max": 23.091965607829138,
        "nauc_precision_at_100_std": 62.39644907525577,
        "nauc_precision_at_10_diff1": -29.61210257317124,
        "nauc_precision_at_10_max": 43.992102732918255,
        "nauc_precision_at_10_std": 67.25524849542518,
        "nauc_precision_at_1_diff1": 23.709794626749783,
        "nauc_precision_at_1_max": 35.45939642825464,
        "nauc_precision_at_1_std": 45.18790321558505,
        "nauc_precision_at_20_diff1": -38.29110052486433,
        "nauc_precision_at_20_max": 28.73705296191401,
        "nauc_precision_at_20_std": 62.12026159344505,
        "nauc_precision_at_3_diff1": -4.950069185044093,
        "nauc_precision_at_3_max": 35.30311413187648,
        "nauc_precision_at_3_std": 37.24789627772557,
        "nauc_precision_at_5_diff1": -8.259725731846123,
        "nauc_precision_at_5_max": 33.985287538899314,
        "nauc_precision_at_5_std": 53.59550306044433,
        "nauc_recall_at_1000_diff1": -5.996961409631926,
        "nauc_recall_at_1000_max": 63.118266233402764,
        "nauc_recall_at_1000_std": 69.5649709802058,
        "nauc_recall_at_100_diff1": 6.920650261229799,
        "nauc_recall_at_100_max": 26.76777278523633,
        "nauc_recall_at_100_std": 24.81349844560708,
        "nauc_recall_at_10_diff1": 18.636579796911292,
        "nauc_recall_at_10_max": 2.214374250576099,
        "nauc_recall_at_10_std": -12.939953791707651,
        "nauc_recall_at_1_diff1": 17.90743559505749,
        "nauc_recall_at_1_max": -14.61627654448527,
        "nauc_recall_at_1_std": -24.262430292012667,
        "nauc_recall_at_20_diff1": 17.612041689452855,
        "nauc_recall_at_20_max": 11.182632726686007,
        "nauc_recall_at_20_std": -2.4835954401161864,
        "nauc_recall_at_3_diff1": 16.773341381117,
        "nauc_recall_at_3_max": -15.051242807277163,
        "nauc_recall_at_3_std": -26.410274593618038,
        "nauc_recall_at_5_diff1": 17.091861029537423,
        "nauc_recall_at_5_max": -13.243464985211395,
        "nauc_recall_at_5_std": -23.92982354951768,
        "ndcg_at_1": 78.295,
        "ndcg_at_10": 72.695,
        "ndcg_at_100": 65.69500000000001,
        "ndcg_at_1000": 73.359,
        "ndcg_at_20": 69.16499999999999,
        "ndcg_at_3": 76.632,
        "ndcg_at_5": 74.024,
        "precision_at_1": 90.69800000000001,
        "precision_at_10": 81.628,
        "precision_at_100": 38.116,
        "precision_at_1000": 7.199999999999999,
        "precision_at_20": 72.209,
        "precision_at_3": 89.922,
        "precision_at_5": 86.047,
        "recall_at_1": 2.313,
        "recall_at_10": 17.48,
        "recall_at_100": 53.937000000000005,
        "recall_at_1000": 80.018,
        "recall_at_20": 28.081,
        "recall_at_3": 6.927,
        "recall_at_5": 10.575
    }
}