{
  "dataset_revision": "9a6f9567fda928260afed2de480d79c98bf0bec0",
  "mteb_dataset_name": "NFCorpus-PL",
  "mteb_version": "1.7.49",
  "test": {
    "evaluation_time": 585.63,
    "map_at_1": 0.05522,
    "map_at_10": 0.13344,
    "map_at_100": 0.16929,
    "map_at_1000": 0.18313,
    "map_at_20": 0.14923,
    "map_at_3": 0.09667,
    "map_at_5": 0.11375,
    "mrr_at_1": 0.4613,
    "mrr_at_10": 0.55165,
    "mrr_at_100": 0.55667,
    "mrr_at_1000": 0.55709,
    "mrr_at_20": 0.55465,
    "mrr_at_3": 0.5289,
    "mrr_at_5": 0.54314,
    "ndcg_at_1": 0.43808,
    "ndcg_at_10": 0.3614,
    "ndcg_at_100": 0.32717,
    "ndcg_at_1000": 0.41058,
    "ndcg_at_20": 0.3366,
    "ndcg_at_3": 0.41146,
    "ndcg_at_5": 0.39194,
    "precision_at_1": 0.45201,
    "precision_at_10": 0.2709,
    "precision_at_100": 0.0822,
    "precision_at_1000": 0.02078,
    "precision_at_20": 0.20031,
    "precision_at_3": 0.38803,
    "precision_at_5": 0.34118,
    "recall_at_1": 0.05522,
    "recall_at_10": 0.17837,
    "recall_at_100": 0.33417,
    "recall_at_1000": 0.6313,
    "recall_at_20": 0.2169,
    "recall_at_3": 0.11054,
    "recall_at_5": 0.14021
  }
}