{
    "dataset_revision": "f171245712cf85dd4700b06bef18001578d0ca8d",
    "mteb_dataset_name": "NQ-PL",
    "mteb_version": "1.7.49",
    "test": {
        "main_score": 56.854000000000006,
        "map_at_1": 34.514,
        "map_at_10": 49.644,
        "map_at_100": 50.608,
        "map_at_1000": 50.635,
        "map_at_20": 50.305,
        "map_at_3": 45.672000000000004,
        "map_at_5": 48.089,
        "mrr_at_1": 38.78910776361529,
        "mrr_at_10": 52.148397984145234,
        "mrr_at_100": 52.852966946095215,
        "mrr_at_1000": 52.87105017860762,
        "mrr_at_20": 52.64188894631607,
        "mrr_at_3": 48.97643877945134,
        "mrr_at_5": 50.92168791039002,
        "nauc_map_at_1000_diff1": 37.02156712167867,
        "nauc_map_at_1000_max": 30.9541229199217,
        "nauc_map_at_1000_std": 7.320033004454671,
        "nauc_map_at_100_diff1": 37.02236703226826,
        "nauc_map_at_100_max": 30.9697676745961,
        "nauc_map_at_100_std": 7.33984133867723,
        "nauc_map_at_10_diff1": 36.90102700826612,
        "nauc_map_at_10_max": 30.785723842405183,
        "nauc_map_at_10_std": 6.779448226242215,
        "nauc_map_at_1_diff1": 39.909029450982274,
        "nauc_map_at_1_max": 25.241631663639062,
        "nauc_map_at_1_std": 3.9346798436914625,
        "nauc_map_at_20_diff1": 37.01885833177735,
        "nauc_map_at_20_max": 30.93864719019393,
        "nauc_map_at_20_std": 7.157784404582363,
        "nauc_map_at_3_diff1": 36.66395294442894,
        "nauc_map_at_3_max": 28.73917625955397,
        "nauc_map_at_3_std": 4.974442294121807,
        "nauc_map_at_5_diff1": 36.50200331851477,
        "nauc_map_at_5_max": 30.19694653814823,
        "nauc_map_at_5_std": 6.080701892676308,
        "nauc_mrr_at_1000_diff1": 37.13771503608112,
        "nauc_mrr_at_1000_max": 31.751547147247507,
        "nauc_mrr_at_1000_std": 9.508614158791604,
        "nauc_mrr_at_100_diff1": 37.13715249048103,
        "nauc_mrr_at_100_max": 31.76453363846907,
        "nauc_mrr_at_100_std": 9.527333431366577,
        "nauc_mrr_at_10_diff1": 37.04617391414406,
        "nauc_mrr_at_10_max": 31.835558691659767,
        "nauc_mrr_at_10_std": 9.403478249864207,
        "nauc_mrr_at_1_diff1": 40.24340603514061,
        "nauc_mrr_at_1_max": 27.892025295592664,
        "nauc_mrr_at_1_std": 6.948060152377137,
        "nauc_mrr_at_20_diff1": 37.13679664662962,
        "nauc_mrr_at_20_max": 31.80571193908972,
        "nauc_mrr_at_20_std": 9.463516427443066,
        "nauc_mrr_at_3_diff1": 36.59947958587673,
        "nauc_mrr_at_3_max": 30.56905612034133,
        "nauc_mrr_at_3_std": 8.213473085446296,
        "nauc_mrr_at_5_diff1": 36.66740305041658,
        "nauc_mrr_at_5_max": 31.470226490982878,
        "nauc_mrr_at_5_std": 9.02109643375307,
        "nauc_ndcg_at_1000_diff1": 36.60296185088649,
        "nauc_ndcg_at_1000_max": 33.40562074993109,
        "nauc_ndcg_at_1000_std": 10.60845451213325,
        "nauc_ndcg_at_100_diff1": 36.59946610918652,
        "nauc_ndcg_at_100_max": 33.9570260243297,
        "nauc_ndcg_at_100_std": 11.340469448481196,
        "nauc_ndcg_at_10_diff1": 36.14418247401987,
        "nauc_ndcg_at_10_max": 33.451039871075345,
        "nauc_ndcg_at_10_std": 9.272972801419813,
        "nauc_ndcg_at_1_diff1": 40.07169143996099,
        "nauc_ndcg_at_1_max": 27.943354680588055,
        "nauc_ndcg_at_1_std": 7.036639009967827,
        "nauc_ndcg_at_20_diff1": 36.51152244027151,
        "nauc_ndcg_at_20_max": 33.89378482325653,
        "nauc_ndcg_at_20_std": 10.342721315866635,
        "nauc_ndcg_at_3_diff1": 35.4822845318483,
        "nauc_ndcg_at_3_max": 29.912345910181415,
        "nauc_ndcg_at_3_std": 5.9694134283330715,
        "nauc_ndcg_at_5_diff1": 35.221776161219466,
        "nauc_ndcg_at_5_max": 32.1072171248216,
        "nauc_ndcg_at_5_std": 7.670174771541694,
        "nauc_precision_at_1000_diff1": -4.285000172509594,
        "nauc_precision_at_1000_max": 14.600633321561062,
        "nauc_precision_at_1000_std": 21.991435704986305,
        "nauc_precision_at_100_diff1": 1.7266493932509126,
        "nauc_precision_at_100_max": 22.9932202096611,
        "nauc_precision_at_100_std": 27.464183639561075,
        "nauc_precision_at_10_diff1": 16.16723142044687,
        "nauc_precision_at_10_max": 32.61177863055963,
        "nauc_precision_at_10_std": 19.30609156634069,
        "nauc_precision_at_1_diff1": 40.07169143996099,
        "nauc_precision_at_1_max": 27.943354680588055,
        "nauc_precision_at_1_std": 7.036639009967827,
        "nauc_precision_at_20_diff1": 10.986359452355082,
        "nauc_precision_at_20_max": 30.001608294285408,
        "nauc_precision_at_20_std": 23.470161266132752,
        "nauc_precision_at_3_diff1": 25.021299827765368,
        "nauc_precision_at_3_max": 31.112435175145354,
        "nauc_precision_at_3_std": 9.97933575854508,
        "nauc_precision_at_5_diff1": 19.85258852538675,
        "nauc_precision_at_5_max": 33.017057636553346,
        "nauc_precision_at_5_std": 14.226398540277224,
        "nauc_recall_at_1000_diff1": 32.956809555733294,
        "nauc_recall_at_1000_max": 81.17616645437344,
        "nauc_recall_at_1000_std": 80.81894015338722,
        "nauc_recall_at_100_diff1": 34.21543518933059,
        "nauc_recall_at_100_max": 64.60424388566007,
        "nauc_recall_at_100_std": 55.36262550526809,
        "nauc_recall_at_10_diff1": 31.854572843060865,
        "nauc_recall_at_10_max": 41.47697651985406,
        "nauc_recall_at_10_std": 15.449819317346778,
        "nauc_recall_at_1_diff1": 39.909029450982274,
        "nauc_recall_at_1_max": 25.241631663639062,
        "nauc_recall_at_1_std": 3.9346798436914625,
        "nauc_recall_at_20_diff1": 33.155424988870266,
        "nauc_recall_at_20_max": 47.41147314334969,
        "nauc_recall_at_20_std": 24.122822585459915,
        "nauc_recall_at_3_diff1": 31.030069463711484,
        "nauc_recall_at_3_max": 30.349471998175105,
        "nauc_recall_at_3_std": 5.3792560913820635,
        "nauc_recall_at_5_diff1": 29.662449422215627,
        "nauc_recall_at_5_max": 35.59583981361554,
        "nauc_recall_at_5_std": 9.138475426366536,
        "ndcg_at_1": 38.847,
        "ndcg_at_10": 56.854000000000006,
        "ndcg_at_100": 60.767,
        "ndcg_at_1000": 61.399,
        "ndcg_at_20": 58.941,
        "ndcg_at_3": 49.576,
        "ndcg_at_5": 53.502,
        "precision_at_1": 38.847,
        "precision_at_10": 9.064,
        "precision_at_100": 1.127,
        "precision_at_1000": 0.11900000000000001,
        "precision_at_20": 5.038,
        "precision_at_3": 22.335,
        "precision_at_5": 15.689,
        "recall_at_1": 34.514,
        "recall_at_10": 76.152,
        "recall_at_100": 92.837,
        "recall_at_1000": 97.596,
        "recall_at_20": 83.77799999999999,
        "recall_at_3": 57.484,
        "recall_at_5": 66.476
    }
}