{
  "dataset_revision": "d90724373c70959f17d2331ad51fb60c71176b03",
  "mteb_dataset_name": "PolEmo2.0-IN",
  "mteb_version": "1.7.49",
  "test": {
    "accuracy": 0.8277008310249307,
    "accuracy_stderr": 0.03133501549557734,
    "evaluation_time": 105.64,
    "f1": 0.8120680860245318,
    "f1_stderr": 0.03111920540968568,
    "main_score": 0.8277008310249307
  }
}