{
  "dataset_revision": "d05a294af9e1d3ff2bfb6b714e08a24a6cabc669",
  "mteb_dataset_name": "PSC",
  "mteb_version": "1.7.49",
  "test": {
    "cos_sim": {
      "accuracy": 0.974025974025974,
      "accuracy_threshold": 0.5239902994277033,
      "ap": 0.9835674293978324,
      "f1": 0.9573170731707317,
      "f1_threshold": 0.5239902994277033,
      "precision": 0.9573170731707317,
      "recall": 0.9573170731707317
    },
    "dot": {
      "accuracy": 0.9721706864564007,
      "accuracy_threshold": 14424.0,
      "ap": 0.9787038573059732,
      "f1": 0.9550898203592815,
      "f1_threshold": 14424.0,
      "precision": 0.9382352941176471,
      "recall": 0.9725609756097561
    },
    "euclidean": {
      "accuracy": 0.974025974025974,
      "accuracy_threshold": 165.65755771848444,
      "ap": 0.9843120886884809,
      "f1": 0.9570552147239264,
      "f1_threshold": 165.65755771848444,
      "precision": 0.9629629629629629,
      "recall": 0.9512195121951219
    },
    "evaluation_time": 45.62,
    "manhattan": {
      "accuracy": 0.974025974025974,
      "accuracy_threshold": 7823.457387208939,
      "ap": 0.9844193465219936,
      "f1": 0.9570552147239264,
      "f1_threshold": 7835.94132655859,
      "precision": 0.9629629629629629,
      "recall": 0.9512195121951219
    },
    "max": {
      "accuracy": 0.974025974025974,
      "ap": 0.9844193465219936,
      "f1": 0.9573170731707317
    }
  }
}