{
    "dataset_revision": "0be27e93455051e531182b85e85e425aba12e9d4",
    "mteb_dataset_name": "Quora-PL",
    "mteb_version": "1.7.49",
    "test": {
        "main_score": 84.47099999999999,
        "map_at_1": 65.892,
        "map_at_10": 80.11500000000001,
        "map_at_100": 80.861,
        "map_at_1000": 80.879,
        "map_at_20": 80.604,
        "map_at_3": 76.97,
        "map_at_5": 78.926,
        "mrr_at_1": 75.83,
        "mrr_at_10": 83.2125238095233,
        "mrr_at_100": 83.38714262504709,
        "mrr_at_1000": 83.38942088013238,
        "mrr_at_20": 83.34284466299037,
        "mrr_at_3": 81.95333333333281,
        "mrr_at_5": 82.78533333333272,
        "nauc_map_at_1000_diff1": 73.95721764018812,
        "nauc_map_at_1000_max": 9.653675847999432,
        "nauc_map_at_1000_std": -42.35408133902171,
        "nauc_map_at_100_diff1": 73.96621756991526,
        "nauc_map_at_100_max": 9.618124708373092,
        "nauc_map_at_100_std": -42.41429680546156,
        "nauc_map_at_10_diff1": 74.20643666348498,
        "nauc_map_at_10_max": 9.056688996919677,
        "nauc_map_at_10_std": -44.13396437616006,
        "nauc_map_at_1_diff1": 77.18196114257519,
        "nauc_map_at_1_max": 7.840648640771136,
        "nauc_map_at_1_std": -39.84395715001256,
        "nauc_map_at_20_diff1": 74.03475632514551,
        "nauc_map_at_20_max": 9.385795565805118,
        "nauc_map_at_20_std": -43.160299598965466,
        "nauc_map_at_3_diff1": 74.43855921599284,
        "nauc_map_at_3_max": 7.574218825911361,
        "nauc_map_at_3_std": -46.1476276122436,
        "nauc_map_at_5_diff1": 74.38688915461512,
        "nauc_map_at_5_max": 8.557764506539128,
        "nauc_map_at_5_std": -45.53897898458085,
        "nauc_mrr_at_1000_diff1": 74.0311045258841,
        "nauc_mrr_at_1000_max": 11.885448379701055,
        "nauc_mrr_at_1000_std": -38.16008409213179,
        "nauc_mrr_at_100_diff1": 74.03074603058893,
        "nauc_mrr_at_100_max": 11.886356221882725,
        "nauc_mrr_at_100_std": -38.159139191997795,
        "nauc_mrr_at_10_diff1": 73.99521522874129,
        "nauc_mrr_at_10_max": 11.77749620520773,
        "nauc_mrr_at_10_std": -38.266295250166635,
        "nauc_mrr_at_1_diff1": 75.53192564838908,
        "nauc_mrr_at_1_max": 12.979267595721275,
        "nauc_mrr_at_1_std": -36.634066084632785,
        "nauc_mrr_at_20_diff1": 74.01273934757484,
        "nauc_mrr_at_20_max": 11.887566738728225,
        "nauc_mrr_at_20_std": -38.169250252410485,
        "nauc_mrr_at_3_diff1": 73.6073534511043,
        "nauc_mrr_at_3_max": 11.450856365709727,
        "nauc_mrr_at_3_std": -38.767141663073964,
        "nauc_mrr_at_5_diff1": 73.84950218235583,
        "nauc_mrr_at_5_max": 11.787394554048813,
        "nauc_mrr_at_5_std": -38.57240589862417,
        "nauc_ndcg_at_1000_diff1": 73.51677487598074,
        "nauc_ndcg_at_1000_max": 10.72929244202152,
        "nauc_ndcg_at_1000_std": -39.92813917654933,
        "nauc_ndcg_at_100_diff1": 73.53904136553481,
        "nauc_ndcg_at_100_max": 10.569310211635521,
        "nauc_ndcg_at_100_std": -40.12206261908318,
        "nauc_ndcg_at_10_diff1": 73.55958917204208,
        "nauc_ndcg_at_10_max": 9.255791947077263,
        "nauc_ndcg_at_10_std": -42.7856138240991,
        "nauc_ndcg_at_1_diff1": 75.34289960079188,
        "nauc_ndcg_at_1_max": 13.499789436258705,
        "nauc_ndcg_at_1_std": -35.91483904818284,
        "nauc_ndcg_at_20_diff1": 73.48070745481307,
        "nauc_ndcg_at_20_max": 9.92427572953505,
        "nauc_ndcg_at_20_std": -41.55653404596579,
        "nauc_ndcg_at_3_diff1": 72.72072901275445,
        "nauc_ndcg_at_3_max": 8.303708237302729,
        "nauc_ndcg_at_3_std": -43.618531107389344,
        "nauc_ndcg_at_5_diff1": 73.30060059269601,
        "nauc_ndcg_at_5_max": 8.915386932153249,
        "nauc_ndcg_at_5_std": -44.088053429661,
        "nauc_precision_at_1000_diff1": -41.540517884119524,
        "nauc_precision_at_1000_max": 6.9361565712971265,
        "nauc_precision_at_1000_std": 42.39482890919027,
        "nauc_precision_at_100_diff1": -40.609576663184896,
        "nauc_precision_at_100_max": 6.302451339507686,
        "nauc_precision_at_100_std": 41.30693233869549,
        "nauc_precision_at_10_diff1": -30.91653155031006,
        "nauc_precision_at_10_max": 4.84981614338782,
        "nauc_precision_at_10_std": 24.47022404030676,
        "nauc_precision_at_1_diff1": 75.34289960079188,
        "nauc_precision_at_1_max": 13.499789436258705,
        "nauc_precision_at_1_std": -35.91483904818284,
        "nauc_precision_at_20_diff1": -36.75164419452007,
        "nauc_precision_at_20_max": 5.440757182282365,
        "nauc_precision_at_20_std": 33.08928025809355,
        "nauc_precision_at_3_diff1": -5.3240699725635565,
        "nauc_precision_at_3_max": 5.156636102003736,
        "nauc_precision_at_3_std": -0.9779263105110453,
        "nauc_precision_at_5_diff1": -19.92133198420086,
        "nauc_precision_at_5_max": 5.432766335564369,
        "nauc_precision_at_5_std": 11.417736295996392,
        "nauc_recall_at_1000_diff1": 56.57663068186203,
        "nauc_recall_at_1000_max": 25.80329039728696,
        "nauc_recall_at_1000_std": 57.82937604195464,
        "nauc_recall_at_100_diff1": 67.25188672746224,
        "nauc_recall_at_100_max": 6.879939694351325,
        "nauc_recall_at_100_std": -30.098258041087096,
        "nauc_recall_at_10_diff1": 68.00694154421653,
        "nauc_recall_at_10_max": 0.7226814903576098,
        "nauc_recall_at_10_std": -52.980002751088215,
        "nauc_recall_at_1_diff1": 77.18196114257519,
        "nauc_recall_at_1_max": 7.840648640771136,
        "nauc_recall_at_1_std": -39.84395715001256,
        "nauc_recall_at_20_diff1": 66.56016564739411,
        "nauc_recall_at_20_max": 1.919044428493598,
        "nauc_recall_at_20_std": -49.5380686276396,
        "nauc_recall_at_3_diff1": 69.83247207081557,
        "nauc_recall_at_3_max": 2.395588418833963,
        "nauc_recall_at_3_std": -52.11119790224493,
        "nauc_recall_at_5_diff1": 69.25881483845956,
        "nauc_recall_at_5_max": 2.9185552604991716,
        "nauc_recall_at_5_std": -54.376346690212095,
        "ndcg_at_1": 75.92,
        "ndcg_at_10": 84.47099999999999,
        "ndcg_at_100": 86.11999999999999,
        "ndcg_at_1000": 86.276,
        "ndcg_at_20": 85.37599999999999,
        "ndcg_at_3": 81.0,
        "ndcg_at_5": 82.88799999999999,
        "precision_at_1": 75.92,
        "precision_at_10": 12.987000000000002,
        "precision_at_100": 1.5190000000000001,
        "precision_at_1000": 0.156,
        "precision_at_20": 6.977,
        "precision_at_3": 35.573,
        "precision_at_5": 23.566000000000003,
        "recall_at_1": 65.892,
        "recall_at_10": 93.318,
        "recall_at_100": 99.124,
        "recall_at_1000": 99.92699999999999,
        "recall_at_20": 96.256,
        "recall_at_3": 83.69,
        "recall_at_5": 88.783
    }
}