{
  "dataset_revision": "4755de8baebc07bed0c60cec9f796e9a346600cb",
  "mteb_dataset_name": "SciDefRetrieval",
  "mteb_version": "1.7.49",
  "test": {
    "evaluation_time": 140.94,
    "map_at_1": 0.80265,
    "map_at_10": 0.86012,
    "map_at_100": 0.86161,
    "map_at_1000": 0.86162,
    "map_at_20": 0.86105,
    "map_at_3": 0.84929,
    "map_at_5": 0.85673,
    "mrr_at_1": 0.80265,
    "mrr_at_10": 0.86015,
    "mrr_at_100": 0.86163,
    "mrr_at_1000": 0.86164,
    "mrr_at_20": 0.86107,
    "mrr_at_3": 0.84929,
    "mrr_at_5": 0.85673,
    "ndcg_at_1": 0.80265,
    "ndcg_at_10": 0.88596,
    "ndcg_at_100": 0.8928,
    "ndcg_at_1000": 0.89318,
    "ndcg_at_20": 0.88932,
    "ndcg_at_3": 0.86384,
    "ndcg_at_5": 0.87752,
    "precision_at_1": 0.80265,
    "precision_at_10": 0.09661,
    "precision_at_100": 0.00997,
    "precision_at_1000": 0.001,
    "precision_at_20": 0.04897,
    "precision_at_3": 0.30191,
    "precision_at_5": 0.18792,
    "recall_at_1": 0.80265,
    "recall_at_10": 0.96613,
    "recall_at_100": 0.99705,
    "recall_at_1000": 1.0,
    "recall_at_20": 0.97938,
    "recall_at_3": 0.90574,
    "recall_at_5": 0.93962
  }
}