{
  "dataset_revision": "45452b03f05560207ef19149545f168e596c9337",
  "mteb_dataset_name": "SCIDOCS-PL",
  "mteb_version": "1.7.49",
  "test": {
    "evaluation_time": 3452.5,
    "map_at_1": 0.04203,
    "map_at_10": 0.10752,
    "map_at_100": 0.12773,
    "map_at_1000": 0.13063,
    "map_at_20": 0.11766,
    "map_at_3": 0.0777,
    "map_at_5": 0.0919,
    "mrr_at_1": 0.206,
    "mrr_at_10": 0.30681,
    "mrr_at_100": 0.31856,
    "mrr_at_1000": 0.31917,
    "mrr_at_20": 0.31376,
    "mrr_at_3": 0.27633,
    "mrr_at_5": 0.29228,
    "ndcg_at_1": 0.206,
    "ndcg_at_10": 0.18135,
    "ndcg_at_100": 0.26134,
    "ndcg_at_1000": 0.312,
    "ndcg_at_20": 0.20977,
    "ndcg_at_3": 0.17287,
    "ndcg_at_5": 0.14983,
    "precision_at_1": 0.206,
    "precision_at_10": 0.0946,
    "precision_at_100": 0.02098,
    "precision_at_1000": 0.00331,
    "precision_at_20": 0.06375,
    "precision_at_3": 0.164,
    "precision_at_5": 0.1318,
    "recall_at_1": 0.04203,
    "recall_at_10": 0.19202,
    "recall_at_100": 0.42582,
    "recall_at_1000": 0.67192,
    "recall_at_20": 0.25872,
    "recall_at_3": 0.10008,
    "recall_at_5": 0.13407
  }
}