{
  "dataset_revision": "47932a35f045ef8ed01ba82bf9ff67f6e109207e",
  "mteb_dataset_name": "SciFact-PL",
  "mteb_version": "1.7.49",
  "test": {
    "evaluation_time": 795.46,
    "map_at_1": 0.56383,
    "map_at_10": 0.67707,
    "map_at_100": 0.68284,
    "map_at_1000": 0.68295,
    "map_at_20": 0.68045,
    "map_at_3": 0.65002,
    "map_at_5": 0.66776,
    "mrr_at_1": 0.59667,
    "mrr_at_10": 0.68988,
    "mrr_at_100": 0.69427,
    "mrr_at_1000": 0.69438,
    "mrr_at_20": 0.69236,
    "mrr_at_3": 0.67056,
    "mrr_at_5": 0.68206,
    "ndcg_at_1": 0.59667,
    "ndcg_at_10": 0.72483,
    "ndcg_at_100": 0.74972,
    "ndcg_at_1000": 0.75304,
    "ndcg_at_20": 0.73564,
    "ndcg_at_3": 0.68068,
    "ndcg_at_5": 0.70484,
    "precision_at_1": 0.59667,
    "precision_at_10": 0.097,
    "precision_at_100": 0.011,
    "precision_at_1000": 0.00113,
    "precision_at_20": 0.051,
    "precision_at_3": 0.27,
    "precision_at_5": 0.17933,
    "recall_at_1": 0.56383,
    "recall_at_10": 0.85689,
    "recall_at_100": 0.97,
    "recall_at_1000": 0.99667,
    "recall_at_20": 0.89822,
    "recall_at_3": 0.73922,
    "recall_at_5": 0.79911
  }
}