{
  "dataset_revision": "8064b4442da038aa0482a2542370f9a2441cc50a",
  "mteb_dataset_name": "SciField",
  "mteb_version": "1.7.49",
  "test": {
    "accuracy": 0.8609874826147426,
    "accuracy_stderr": 0.019917041236841515,
    "evaluation_time": 126.08,
    "f1": 0.8586319129226208,
    "f1_stderr": 0.02063436723035188,
    "main_score": 0.8609874826147426
  }
}