{
  "dataset_revision": "71bba34b0ece6c56dfcf46d9758a27f7a90f17e9",
  "mteb_dataset_name": "SICK-E-PL",
  "mteb_version": "1.7.49",
  "test": {
    "cos_sim": {
      "accuracy": 0.8550754178556869,
      "accuracy_threshold": 0.8632815826345692,
      "ap": 0.8118799747365507,
      "f1": 0.7367641614216955,
      "f1_threshold": 0.8605737545234948,
      "precision": 0.7671549730146492,
      "recall": 0.7086894586894587
    },
    "dot": {
      "accuracy": 0.8236852833265389,
      "accuracy_threshold": 24256.0,
      "ap": 0.7185992831805119,
      "f1": 0.7081433224755702,
      "f1_threshold": 23472.0,
      "precision": 0.6524609843937575,
      "recall": 0.7742165242165242
    },
    "euclidean": {
      "accuracy": 0.8544639217284957,
      "accuracy_threshold": 87.75097680129215,
      "ap": 0.8129963329753618,
      "f1": 0.7334442595673876,
      "f1_threshold": 96.49042175428616,
      "precision": 0.6883198001249219,
      "recall": 0.7849002849002849
    },
    "evaluation_time": 30.89,
    "manhattan": {
      "accuracy": 0.8550754178556869,
      "accuracy_threshold": 4190.711341619492,
      "ap": 0.8144322436747089,
      "f1": 0.735195530726257,
      "f1_threshold": 4190.711341619492,
      "precision": 0.7704918032786885,
      "recall": 0.7029914529914529
    },
    "max": {
      "accuracy": 0.8550754178556869,
      "ap": 0.8144322436747089,
      "f1": 0.7367641614216955
    }
  }
}