{
    "dataset_revision": "81bcb408f33366c2a20ac54adafad1ae7e877fdd",
    "mteb_dataset_name": "TRECCOVID-PL",
    "mteb_version": "1.7.49",
    "test": {
        "main_score": 82.749,
        "map_at_1": 0.20400000000000001,
        "map_at_10": 2.099,
        "map_at_100": 12.948,
        "map_at_1000": 32.007000000000005,
        "map_at_20": 3.746,
        "map_at_3": 0.651,
        "map_at_5": 1.061,
        "mrr_at_1": 84.0,
        "mrr_at_10": 91.66666666666666,
        "mrr_at_100": 91.66666666666666,
        "mrr_at_1000": 91.66666666666666,
        "mrr_at_20": 91.66666666666666,
        "mrr_at_3": 91.66666666666666,
        "mrr_at_5": 91.66666666666666,
        "nauc_map_at_1000_diff1": 1.0291414165448085,
        "nauc_map_at_1000_max": 57.33479540784058,
        "nauc_map_at_1000_std": 76.70364036170582,
        "nauc_map_at_100_diff1": 6.949672309533349,
        "nauc_map_at_100_max": 43.99861611069154,
        "nauc_map_at_100_std": 64.12473626966596,
        "nauc_map_at_10_diff1": 4.208568177173666,
        "nauc_map_at_10_max": 18.875910045226423,
        "nauc_map_at_10_std": 34.58171216714189,
        "nauc_map_at_1_diff1": 8.433450768728983,
        "nauc_map_at_1_max": 24.08001091473891,
        "nauc_map_at_1_std": 35.21473053133869,
        "nauc_map_at_20_diff1": 6.041054220619057,
        "nauc_map_at_20_max": 22.57475437061051,
        "nauc_map_at_20_std": 35.254808865756964,
        "nauc_map_at_3_diff1": 11.166815378728485,
        "nauc_map_at_3_max": 18.995433996118248,
        "nauc_map_at_3_std": 34.29696290521795,
        "nauc_map_at_5_diff1": 7.1134812647567855,
        "nauc_map_at_5_max": 20.03877039266845,
        "nauc_map_at_5_std": 36.21644151312843,
        "nauc_mrr_at_1000_diff1": -7.262394669801826,
        "nauc_mrr_at_1000_max": 66.22378992749366,
        "nauc_mrr_at_1000_std": 68.18146188516563,
        "nauc_mrr_at_100_diff1": -7.262394669801826,
        "nauc_mrr_at_100_max": 66.22378992749366,
        "nauc_mrr_at_100_std": 68.18146188516563,
        "nauc_mrr_at_10_diff1": -7.262394669801826,
        "nauc_mrr_at_10_max": 66.22378992749366,
        "nauc_mrr_at_10_std": 68.18146188516563,
        "nauc_mrr_at_1_diff1": -11.38929798723619,
        "nauc_mrr_at_1_max": 68.58738340697101,
        "nauc_mrr_at_1_std": 68.00441826215022,
        "nauc_mrr_at_20_diff1": -7.262394669801826,
        "nauc_mrr_at_20_max": 66.22378992749366,
        "nauc_mrr_at_20_std": 68.18146188516563,
        "nauc_mrr_at_3_diff1": -7.262394669801826,
        "nauc_mrr_at_3_max": 66.22378992749366,
        "nauc_mrr_at_3_std": 68.18146188516563,
        "nauc_mrr_at_5_diff1": -7.262394669801826,
        "nauc_mrr_at_5_max": 66.22378992749366,
        "nauc_mrr_at_5_std": 68.18146188516563,
        "nauc_ndcg_at_1000_diff1": 2.5628376286433334,
        "nauc_ndcg_at_1000_max": 57.605148480655025,
        "nauc_ndcg_at_1000_std": 76.62891677430625,
        "nauc_ndcg_at_100_diff1": -13.313083767893671,
        "nauc_ndcg_at_100_max": 52.932453336031905,
        "nauc_ndcg_at_100_std": 73.5050466104544,
        "nauc_ndcg_at_10_diff1": -6.837803344621873,
        "nauc_ndcg_at_10_max": 59.29833159945462,
        "nauc_ndcg_at_10_std": 63.719268128346705,
        "nauc_ndcg_at_1_diff1": 4.834338452523335,
        "nauc_ndcg_at_1_max": 53.58546768562144,
        "nauc_ndcg_at_1_std": 59.07659252386643,
        "nauc_ndcg_at_20_diff1": -9.617683189610558,
        "nauc_ndcg_at_20_max": 54.57354685878183,
        "nauc_ndcg_at_20_std": 63.15198506529425,
        "nauc_ndcg_at_3_diff1": 15.216236580270994,
        "nauc_ndcg_at_3_max": 58.345749967766416,
        "nauc_ndcg_at_3_std": 61.78177922399883,
        "nauc_ndcg_at_5_diff1": 1.3882436296634026,
        "nauc_ndcg_at_5_max": 62.44013008368074,
        "nauc_ndcg_at_5_std": 65.64455986653293,
        "nauc_precision_at_1000_diff1": -18.516822124710856,
        "nauc_precision_at_1000_max": 33.10336267989325,
        "nauc_precision_at_1000_std": 29.49816019882571,
        "nauc_precision_at_100_diff1": -14.113619184538592,
        "nauc_precision_at_100_max": 55.55228172103563,
        "nauc_precision_at_100_std": 69.64355056246397,
        "nauc_precision_at_10_diff1": -27.271286464111455,
        "nauc_precision_at_10_max": 61.885272647604594,
        "nauc_precision_at_10_std": 60.73389705676694,
        "nauc_precision_at_1_diff1": -11.38929798723619,
        "nauc_precision_at_1_max": 68.58738340697101,
        "nauc_precision_at_1_std": 68.00441826215022,
        "nauc_precision_at_20_diff1": -21.53639909310826,
        "nauc_precision_at_20_max": 53.361537614358376,
        "nauc_precision_at_20_std": 55.58737187496432,
        "nauc_precision_at_3_diff1": 3.785071466384217,
        "nauc_precision_at_3_max": 61.66906148377818,
        "nauc_precision_at_3_std": 62.81857369734561,
        "nauc_precision_at_5_diff1": -16.00339477131436,
        "nauc_precision_at_5_max": 61.5246951163262,
        "nauc_precision_at_5_std": 63.615062452722135,
        "nauc_recall_at_1000_diff1": 5.871263115826736,
        "nauc_recall_at_1000_max": 50.48397949000848,
        "nauc_recall_at_1000_std": 67.37950715297474,
        "nauc_recall_at_100_diff1": 8.310215006893952,
        "nauc_recall_at_100_max": 28.687726825722386,
        "nauc_recall_at_100_std": 50.34038560928654,
        "nauc_recall_at_10_diff1": 3.3408195168322075,
        "nauc_recall_at_10_max": 6.89511828305496,
        "nauc_recall_at_10_std": 22.929267555360028,
        "nauc_recall_at_1_diff1": 8.433450768728983,
        "nauc_recall_at_1_max": 24.08001091473891,
        "nauc_recall_at_1_std": 35.21473053133869,
        "nauc_recall_at_20_diff1": 5.307683260432045,
        "nauc_recall_at_20_max": 10.025532087519974,
        "nauc_recall_at_20_std": 24.110512570368947,
        "nauc_recall_at_3_diff1": 13.355136074654078,
        "nauc_recall_at_3_max": 8.568079109800236,
        "nauc_recall_at_3_std": 23.691593767005745,
        "nauc_recall_at_5_diff1": 6.535580157651383,
        "nauc_recall_at_5_max": 9.1442468749571,
        "nauc_recall_at_5_std": 27.00111567203191,
        "ndcg_at_1": 79.0,
        "ndcg_at_10": 82.749,
        "ndcg_at_100": 63.846000000000004,
        "ndcg_at_1000": 57.691,
        "ndcg_at_20": 77.076,
        "ndcg_at_3": 84.83800000000001,
        "ndcg_at_5": 83.016,
        "precision_at_1": 84.0,
        "precision_at_10": 87.8,
        "precision_at_100": 66.10000000000001,
        "precision_at_1000": 25.764,
        "precision_at_20": 81.10000000000001,
        "precision_at_3": 91.333,
        "precision_at_5": 88.8,
        "recall_at_1": 0.20400000000000001,
        "recall_at_10": 2.294,
        "recall_at_100": 16.134999999999998,
        "recall_at_1000": 54.981,
        "recall_at_20": 4.201,
        "recall_at_3": 0.699,
        "recall_at_5": 1.141
    }
}