{
  "dataset_revision": "b89853e6de927b0e3bfa8ecc0e56fe4e02ceafc6",
  "mteb_dataset_name": "AllegroReviews",
  "mteb_version": "1.7.49",
  "test": {
    "accuracy": 0.5579522862823062,
    "accuracy_stderr": 0.036886764783626465,
    "evaluation_time": 84.78,
    "f1": 0.48864791432382926,
    "f1_stderr": 0.026993812002115307,
    "main_score": 0.5579522862823062
  }
}