{
  "dataset_revision": "63fc86750af76253e8c760fc9e534bbf24d260a2",
  "mteb_dataset_name": "ArguAna-PL",
  "mteb_version": "1.7.49",
  "test": {
    "evaluation_time": 1082.53,
    "map_at_1": 0.30939,
    "map_at_10": 0.46817,
    "map_at_100": 0.47732,
    "map_at_1000": 0.4774,
    "map_at_20": 0.47555,
    "map_at_3": 0.42141,
    "map_at_5": 0.4489,
    "mrr_at_1": 0.32148,
    "mrr_at_10": 0.47258,
    "mrr_at_100": 0.48179,
    "mrr_at_1000": 0.48187,
    "mrr_at_20": 0.47995,
    "mrr_at_3": 0.42556,
    "mrr_at_5": 0.4534,
    "ndcg_at_1": 0.30939,
    "ndcg_at_10": 0.55381,
    "ndcg_at_100": 0.59114,
    "ndcg_at_1000": 0.59261,
    "ndcg_at_20": 0.57968,
    "ndcg_at_3": 0.45786,
    "ndcg_at_5": 0.50738,
    "precision_at_1": 0.30939,
    "precision_at_10": 0.08265,
    "precision_at_100": 0.00986,
    "precision_at_1000": 0.001,
    "precision_at_20": 0.04634,
    "precision_at_3": 0.18777,
    "precision_at_5": 0.1367,
    "recall_at_1": 0.30939,
    "recall_at_10": 0.82646,
    "recall_at_100": 0.98578,
    "recall_at_1000": 0.99644,
    "recall_at_20": 0.92674,
    "recall_at_3": 0.5633,
    "recall_at_5": 0.6835
  }
}