{
  "dataset_revision": "36ddb419bcffe6a5374c3891957912892916f28d",
  "mteb_dataset_name": "CBD",
  "mteb_version": "1.7.49",
  "test": {
    "accuracy": 0.6816000000000001,
    "accuracy_stderr": 0.09004798720682211,
    "ap": 0.22767228724287025,
    "ap_stderr": 0.0383248297548891,
    "evaluation_time": 27.6,
    "f1": 0.5819333449601884,
    "f1_stderr": 0.06612511697458763,
    "main_score": 0.6816000000000001
  }
}