{
  "dataset_revision": "0a3d4aa409b22f80eb22cbf59b492637637b536d",
  "mteb_dataset_name": "CDSC-E",
  "mteb_version": "1.7.49",
  "test": {
    "cos_sim": {
      "accuracy": 0.886,
      "accuracy_threshold": 0.938118577003479,
      "ap": 0.726981903716438,
      "f1": 0.6685552407932012,
      "f1_threshold": 0.9246611595153809,
      "precision": 0.7239263803680982,
      "recall": 0.6210526315789474
    },
    "dot": {
      "accuracy": 0.876,
      "accuracy_threshold": 28088.36328125,
      "ap": 0.6940291401269264,
      "f1": 0.6522911051212937,
      "f1_threshold": 26497.560546875,
      "precision": 0.6685082872928176,
      "recall": 0.6368421052631579
    },
    "euclidean": {
      "accuracy": 0.885,
      "accuracy_threshold": 61.05931091308594,
      "ap": 0.7248953098723528,
      "f1": 0.6685393258426966,
      "f1_threshold": 67.3353271484375,
      "precision": 0.7168674698795181,
      "recall": 0.6263157894736842
    },
    "evaluation_time": 13.01,
    "manhattan": {
      "accuracy": 0.885,
      "accuracy_threshold": 1742.501708984375,
      "ap": 0.7257279696807011,
      "f1": 0.6648044692737429,
      "f1_threshold": 2054.59521484375,
      "precision": 0.7083333333333334,
      "recall": 0.6263157894736842
    },
    "max": {
      "accuracy": 0.886,
      "ap": 0.726981903716438,
      "f1": 0.6685552407932012
    }
  }
}