{
    "dataset_revision": "76afe41d9af165cc40999fcaa92312b8b012064a",
    "mteb_dataset_name": "DBPedia-PL",
    "mteb_version": "1.7.49",
    "test": {
        "map_at_1": 7.632999999999999,
        "map_at_10": 16.426,
        "map_at_100": 22.651,
        "map_at_1000": 24.372,
        "map_at_3": 11.706,
        "map_at_5": 13.529,
        "mrr_at_1": 60.75000000000001,
        "mrr_at_10": 68.613,
        "mrr_at_100": 69.001,
        "mrr_at_1000": 69.021,
        "mrr_at_3": 67.0,
        "mrr_at_5": 67.925,
        "ndcg_at_1": 49.875,
        "ndcg_at_10": 36.978,
        "ndcg_at_100": 40.031,
        "ndcg_at_1000": 47.566,
        "ndcg_at_3": 41.148,
        "ndcg_at_5": 38.702,
        "precision_at_1": 60.75000000000001,
        "precision_at_10": 29.7,
        "precision_at_100": 9.278,
        "precision_at_1000": 2.099,
        "precision_at_3": 44.0,
        "precision_at_5": 37.6,
        "recall_at_1": 7.632999999999999,
        "recall_at_10": 22.040000000000003,
        "recall_at_100": 44.024,
        "recall_at_1000": 67.848,
        "recall_at_3": 13.093,
        "recall_at_5": 15.973
    }
}