{
    "dataset_revision": "2e535829717f8bf9dc829b7f911cc5bbd4e6608e",
    "mteb_dataset_name": "FiQA-PL",
    "mteb_version": "1.7.49",
    "test": {
        "map_at_1": 15.473,
        "map_at_10": 24.579,
        "map_at_100": 26.387,
        "map_at_1000": 26.57,
        "map_at_3": 21.278,
        "map_at_5": 23.179,
        "mrr_at_1": 30.709999999999997,
        "mrr_at_10": 38.994,
        "mrr_at_100": 39.993,
        "mrr_at_1000": 40.044999999999995,
        "mrr_at_3": 36.342999999999996,
        "mrr_at_5": 37.846999999999994,
        "ndcg_at_1": 30.709999999999997,
        "ndcg_at_10": 31.608999999999998,
        "ndcg_at_100": 38.807,
        "ndcg_at_1000": 42.208,
        "ndcg_at_3": 28.086,
        "ndcg_at_5": 29.323,
        "precision_at_1": 30.709999999999997,
        "precision_at_10": 8.688,
        "precision_at_100": 1.608,
        "precision_at_1000": 0.22100000000000003,
        "precision_at_3": 18.724,
        "precision_at_5": 13.950999999999999,
        "recall_at_1": 15.473,
        "recall_at_10": 38.361000000000004,
        "recall_at_100": 65.2,
        "recall_at_1000": 85.789,
        "recall_at_3": 25.401,
        "recall_at_5": 30.875999999999998
    }
}