{
    "dataset_revision": "a0bd479ac97b4ccb5bd6ce320c415d0bb4beb907",
    "mteb_dataset_name": "HotpotQA-PL",
    "mteb_version": "1.7.49",
    "test": {
        "map_at_1": 38.096000000000004,
        "map_at_10": 51.44499999999999,
        "map_at_100": 52.325,
        "map_at_1000": 52.397000000000006,
        "map_at_3": 48.626999999999995,
        "map_at_5": 50.342,
        "mrr_at_1": 76.19200000000001,
        "mrr_at_10": 81.191,
        "mrr_at_100": 81.431,
        "mrr_at_1000": 81.443,
        "mrr_at_3": 80.30199999999999,
        "mrr_at_5": 80.85900000000001,
        "ndcg_at_1": 76.19200000000001,
        "ndcg_at_10": 60.9,
        "ndcg_at_100": 64.14699999999999,
        "ndcg_at_1000": 65.647,
        "ndcg_at_3": 56.818000000000005,
        "ndcg_at_5": 59.019999999999996,
        "precision_at_1": 76.19200000000001,
        "precision_at_10": 12.203,
        "precision_at_100": 1.478,
        "precision_at_1000": 0.168,
        "precision_at_3": 34.616,
        "precision_at_5": 22.515,
        "recall_at_1": 38.096000000000004,
        "recall_at_10": 61.013,
        "recall_at_100": 73.90299999999999,
        "recall_at_1000": 83.91,
        "recall_at_3": 51.92400000000001,
        "recall_at_5": 56.286
    }
}