{
    "dataset_revision": "8634c07806d5cce3a6138e260e59b81760a0a640",
    "mteb_dataset_name": "MSMARCO-PL",
    "mteb_version": "1.7.49",
    "validation": {
        "map_at_1": 1.548,
        "map_at_10": 11.049000000000001,
        "map_at_100": 28.874,
        "map_at_1000": 34.931,
        "map_at_3": 4.162,
        "map_at_5": 6.396,
        "mrr_at_1": 90.69800000000001,
        "mrr_at_10": 92.093,
        "mrr_at_100": 92.345,
        "mrr_at_1000": 92.345,
        "mrr_at_3": 91.86,
        "mrr_at_5": 91.86,
        "ndcg_at_1": 74.031,
        "ndcg_at_10": 63.978,
        "ndcg_at_100": 53.101,
        "ndcg_at_1000": 60.675999999999995,
        "ndcg_at_3": 71.421,
        "ndcg_at_5": 68.098,
        "precision_at_1": 90.69800000000001,
        "precision_at_10": 71.86,
        "precision_at_100": 31.395,
        "precision_at_1000": 5.981,
        "precision_at_3": 84.49600000000001,
        "precision_at_5": 79.07,
        "recall_at_1": 1.548,
        "recall_at_10": 12.149000000000001,
        "recall_at_100": 40.794999999999995,
        "recall_at_1000": 67.974,
        "recall_at_3": 4.244,
        "recall_at_5": 6.608
    }
}