{
  "dataset_revision": "9a6f9567fda928260afed2de480d79c98bf0bec0",
  "mteb_dataset_name": "NFCorpus-PL",
  "mteb_version": "1.7.49",
  "test": {
    "evaluation_time": 468.62,
    "map_at_1": 0.04702,
    "map_at_10": 0.10609,
    "map_at_100": 0.1312,
    "map_at_1000": 0.14308,
    "map_at_20": 0.11747,
    "map_at_3": 0.08031,
    "map_at_5": 0.09215,
    "mrr_at_1": 0.40557,
    "mrr_at_10": 0.49425,
    "mrr_at_100": 0.49925,
    "mrr_at_1000": 0.49969,
    "mrr_at_20": 0.49728,
    "mrr_at_3": 0.46801,
    "mrr_at_5": 0.4872,
    "ndcg_at_1": 0.387,
    "ndcg_at_10": 0.29679,
    "ndcg_at_100": 0.26698,
    "ndcg_at_1000": 0.35607,
    "ndcg_at_20": 0.27391,
    "ndcg_at_3": 0.34666,
    "ndcg_at_5": 0.32863,
    "precision_at_1": 0.39938,
    "precision_at_10": 0.22012,
    "precision_at_100": 0.0657,
    "precision_at_1000": 0.019,
    "precision_at_20": 0.15913,
    "precision_at_3": 0.32611,
    "precision_at_5": 0.28731,
    "recall_at_1": 0.04702,
    "recall_at_10": 0.14225,
    "recall_at_100": 0.26749,
    "recall_at_1000": 0.58986,
    "recall_at_20": 0.17575,
    "recall_at_3": 0.0927,
    "recall_at_5": 0.11444
  }
}