{
    "dataset_revision": "f171245712cf85dd4700b06bef18001578d0ca8d",
    "mteb_dataset_name": "NQ-PL",
    "mteb_version": "1.7.49",
    "test": {
        "map_at_1": 25.35,
        "map_at_10": 37.884,
        "map_at_100": 38.955,
        "map_at_1000": 39.007999999999996,
        "map_at_3": 34.239999999999995,
        "map_at_5": 36.398,
        "mrr_at_1": 28.737000000000002,
        "mrr_at_10": 39.973,
        "mrr_at_100": 40.844,
        "mrr_at_1000": 40.885,
        "mrr_at_3": 36.901,
        "mrr_at_5": 38.721,
        "ndcg_at_1": 28.708,
        "ndcg_at_10": 44.204,
        "ndcg_at_100": 48.978,
        "ndcg_at_1000": 50.33,
        "ndcg_at_3": 37.36,
        "ndcg_at_5": 40.912,
        "precision_at_1": 28.708,
        "precision_at_10": 7.367,
        "precision_at_100": 1.0030000000000001,
        "precision_at_1000": 0.11299999999999999,
        "precision_at_3": 17.034,
        "precision_at_5": 12.293999999999999,
        "recall_at_1": 25.35,
        "recall_at_10": 61.411,
        "recall_at_100": 82.599,
        "recall_at_1000": 92.903,
        "recall_at_3": 43.728,
        "recall_at_5": 51.854
    }
}