{
  "dataset_revision": "fc69d1c153a8ccdcf1eef52f4e2a27f88782f543",
  "mteb_dataset_name": "PAC",
  "mteb_version": "1.7.49",
  "test": {
    "accuracy": 0.6836953373877787,
    "accuracy_stderr": 0.03883185347886662,
    "ap": 0.76776422050243,
    "ap_stderr": 0.024007994208893192,
    "evaluation_time": 109.97,
    "f1": 0.6582373783654809,
    "f1_stderr": 0.038539690841423856,
    "main_score": 0.6836953373877787
  }
}