{
  "dataset_revision": "d90724373c70959f17d2331ad51fb60c71176b03",
  "mteb_dataset_name": "PolEmo2.0-IN",
  "mteb_version": "1.7.49",
  "test": {
    "accuracy": 0.8537396121883656,
    "accuracy_stderr": 0.024986088163500668,
    "evaluation_time": 99.03,
    "f1": 0.8402778985374016,
    "f1_stderr": 0.02058283149166519,
    "main_score": 0.8537396121883656
  }
}