{
  "dataset_revision": "6a21ab8716e255ab1867265f8b396105e8aa63d4",
  "mteb_dataset_name": "PolEmo2.0-OUT",
  "mteb_version": "1.7.49",
  "test": {
    "accuracy": 0.6487854251012146,
    "accuracy_stderr": 0.035976051121866234,
    "evaluation_time": 77.24,
    "f1": 0.5147093458236526,
    "f1_stderr": 0.03130402024069456,
    "main_score": 0.6487854251012146
  }
}