{
  "dataset_revision": "d05a294af9e1d3ff2bfb6b714e08a24a6cabc669",
  "mteb_dataset_name": "PSC",
  "mteb_version": "1.7.49",
  "test": {
    "cos_sim": {
      "accuracy": 0.9758812615955473,
      "accuracy_threshold": 0.6071054935455322,
      "ap": 0.9923001603790438,
      "f1": 0.960122699386503,
      "f1_threshold": 0.6071054935455322,
      "precision": 0.9660493827160493,
      "recall": 0.9542682926829268
    },
    "dot": {
      "accuracy": 0.9628942486085343,
      "accuracy_threshold": 14136.78515625,
      "ap": 0.979968496558653,
      "f1": 0.9393939393939394,
      "f1_threshold": 13877.2900390625,
      "precision": 0.9337349397590361,
      "recall": 0.9451219512195121
    },
    "euclidean": {
      "accuracy": 0.9730983302411874,
      "accuracy_threshold": 137.48963928222656,
      "ap": 0.9899564858650703,
      "f1": 0.9555895865237366,
      "f1_threshold": 137.48963928222656,
      "precision": 0.96,
      "recall": 0.9512195121951219
    },
    "evaluation_time": 45.72,
    "manhattan": {
      "accuracy": 0.9730983302411874,
      "accuracy_threshold": 4101.650390625,
      "ap": 0.9901257098626747,
      "f1": 0.9553158705701078,
      "f1_threshold": 4101.650390625,
      "precision": 0.9657320872274143,
      "recall": 0.9451219512195121
    },
    "max": {
      "accuracy": 0.9758812615955473,
      "ap": 0.9923001603790438,
      "f1": 0.960122699386503
    }
  }
}