{
    "dataset_revision": "0be27e93455051e531182b85e85e425aba12e9d4",
    "mteb_dataset_name": "Quora-PL",
    "mteb_version": "1.7.49",
    "test": {
        "map_at_1": 63.322,
        "map_at_10": 76.847,
        "map_at_100": 77.616,
        "map_at_1000": 77.644,
        "map_at_3": 73.624,
        "map_at_5": 75.603,
        "mrr_at_1": 72.88,
        "mrr_at_10": 80.376,
        "mrr_at_100": 80.604,
        "mrr_at_1000": 80.61,
        "mrr_at_3": 78.92,
        "mrr_at_5": 79.869,
        "ndcg_at_1": 72.89999999999999,
        "ndcg_at_10": 81.43,
        "ndcg_at_100": 83.394,
        "ndcg_at_1000": 83.685,
        "ndcg_at_3": 77.62599999999999,
        "ndcg_at_5": 79.656,
        "precision_at_1": 72.89999999999999,
        "precision_at_10": 12.548,
        "precision_at_100": 1.4869999999999999,
        "precision_at_1000": 0.155,
        "precision_at_3": 34.027,
        "precision_at_5": 22.654,
        "recall_at_1": 63.322,
        "recall_at_10": 90.664,
        "recall_at_100": 97.974,
        "recall_at_1000": 99.636,
        "recall_at_3": 80.067,
        "recall_at_5": 85.526
    }
}