{
  "dataset_revision": "4755de8baebc07bed0c60cec9f796e9a346600cb",
  "mteb_dataset_name": "SciDefRetrieval",
  "mteb_version": "1.7.49",
  "test": {
    "evaluation_time": 72.9,
    "map_at_1": 0.73049,
    "map_at_10": 0.79916,
    "map_at_100": 0.8016,
    "map_at_1000": 0.80171,
    "map_at_20": 0.80075,
    "map_at_3": 0.78694,
    "map_at_5": 0.79445,
    "mrr_at_1": 0.73049,
    "mrr_at_10": 0.79916,
    "mrr_at_100": 0.8016,
    "mrr_at_1000": 0.80171,
    "mrr_at_20": 0.80075,
    "mrr_at_3": 0.78694,
    "mrr_at_5": 0.79445,
    "ndcg_at_1": 0.73049,
    "ndcg_at_10": 0.82922,
    "ndcg_at_100": 0.84118,
    "ndcg_at_1000": 0.84396,
    "ndcg_at_20": 0.83513,
    "ndcg_at_3": 0.80465,
    "ndcg_at_5": 0.81809,
    "precision_at_1": 0.73049,
    "precision_at_10": 0.09219,
    "precision_at_100": 0.00978,
    "precision_at_1000": 0.001,
    "precision_at_20": 0.04728,
    "precision_at_3": 0.28522,
    "precision_at_5": 0.17761,
    "recall_at_1": 0.73049,
    "recall_at_10": 0.92194,
    "recall_at_100": 0.97791,
    "recall_at_1000": 1.0,
    "recall_at_20": 0.94551,
    "recall_at_3": 0.85567,
    "recall_at_5": 0.88807
  }
}