{
    "dataset_revision": "45452b03f05560207ef19149545f168e596c9337",
    "mteb_dataset_name": "SCIDOCS-PL",
    "mteb_version": "1.7.49",
    "test": {
        "map_at_1": 3.95,
        "map_at_10": 9.658999999999999,
        "map_at_100": 11.384,
        "map_at_1000": 11.677,
        "map_at_3": 7.055,
        "map_at_5": 8.244,
        "mrr_at_1": 19.5,
        "mrr_at_10": 28.777,
        "mrr_at_100": 29.936,
        "mrr_at_1000": 30.009999999999998,
        "mrr_at_3": 25.55,
        "mrr_at_5": 27.284999999999997,
        "ndcg_at_1": 19.5,
        "ndcg_at_10": 16.589000000000002,
        "ndcg_at_100": 23.879,
        "ndcg_at_1000": 29.279,
        "ndcg_at_3": 15.719,
        "ndcg_at_5": 13.572000000000001,
        "precision_at_1": 19.5,
        "precision_at_10": 8.62,
        "precision_at_100": 1.924,
        "precision_at_1000": 0.322,
        "precision_at_3": 14.6,
        "precision_at_5": 11.78,
        "recall_at_1": 3.95,
        "recall_at_10": 17.477999999999998,
        "recall_at_100": 38.99,
        "recall_at_1000": 65.417,
        "recall_at_3": 8.883000000000001,
        "recall_at_5": 11.933
    }
}