{
    "dataset_revision": "47932a35f045ef8ed01ba82bf9ff67f6e109207e",
    "mteb_dataset_name": "SciFact-PL",
    "mteb_version": "1.7.49",
    "test": {
        "map_at_1": 49.15,
        "map_at_10": 61.690999999999995,
        "map_at_100": 62.348000000000006,
        "map_at_1000": 62.38,
        "map_at_3": 58.824,
        "map_at_5": 60.662000000000006,
        "mrr_at_1": 51.333,
        "mrr_at_10": 62.731,
        "mrr_at_100": 63.245,
        "mrr_at_1000": 63.275000000000006,
        "mrr_at_3": 60.667,
        "mrr_at_5": 61.93300000000001,
        "ndcg_at_1": 51.333,
        "ndcg_at_10": 67.168,
        "ndcg_at_100": 69.833,
        "ndcg_at_1000": 70.56700000000001,
        "ndcg_at_3": 62.40599999999999,
        "ndcg_at_5": 65.029,
        "precision_at_1": 51.333,
        "precision_at_10": 9.333,
        "precision_at_100": 1.0699999999999998,
        "precision_at_1000": 0.11299999999999999,
        "precision_at_3": 25.333,
        "precision_at_5": 17.067,
        "recall_at_1": 49.15,
        "recall_at_10": 82.533,
        "recall_at_100": 94.167,
        "recall_at_1000": 99.667,
        "recall_at_3": 69.917,
        "recall_at_5": 76.356
    }
}