{
  "dataset_revision": "8064b4442da038aa0482a2542370f9a2441cc50a",
  "mteb_dataset_name": "SciField",
  "mteb_version": "1.7.49",
  "test": {
    "accuracy": 0.8714881780250348,
    "accuracy_stderr": 0.016735565568789027,
    "evaluation_time": 128.81,
    "f1": 0.8703968884311186,
    "f1_stderr": 0.016767177442350265,
    "main_score": 0.8714881780250348
  }
}