{
  "dataset_revision": "71bba34b0ece6c56dfcf46d9758a27f7a90f17e9",
  "mteb_dataset_name": "SICK-E-PL",
  "mteb_version": "1.7.49",
  "test": {
    "cos_sim": {
      "accuracy": 0.8381573583367306,
      "accuracy_threshold": 0.8891076445579529,
      "ap": 0.7639264756237697,
      "f1": 0.7029085872576176,
      "f1_threshold": 0.866248607635498,
      "precision": 0.6839622641509434,
      "recall": 0.7229344729344729
    },
    "dot": {
      "accuracy": 0.8179779861394211,
      "accuracy_threshold": 27133.0390625,
      "ap": 0.7291466561082,
      "f1": 0.6693255982596085,
      "f1_threshold": 26549.451171875,
      "precision": 0.6816838995568686,
      "recall": 0.6574074074074074
    },
    "euclidean": {
      "accuracy": 0.8373420301671423,
      "accuracy_threshold": 82.50543212890625,
      "ap": 0.7640494881800791,
      "f1": 0.7013372956909362,
      "f1_threshold": 84.07022094726562,
      "precision": 0.7329192546583851,
      "recall": 0.6723646723646723
    },
    "evaluation_time": 39.37,
    "manhattan": {
      "accuracy": 0.8373420301671423,
      "accuracy_threshold": 2494.21630859375,
      "ap": 0.762783843260593,
      "f1": 0.702037947997189,
      "f1_threshold": 2665.30908203125,
      "precision": 0.6927877947295423,
      "recall": 0.7115384615384616
    },
    "max": {
      "accuracy": 0.8381573583367306,
      "ap": 0.7640494881800791,
      "f1": 0.7029085872576176
    }
  }
}