{
  "dataset_revision": "eea2b4fe26a775864c896887d910b76a8098ad3f",
  "mteb_dataset_name": "STS22",
  "mteb_version": "1.7.49",
  "test": {
    "evaluation_time": 78.05,
    "pl": {
      "cos_sim": {
        "pearson": 0.3817098866404426,
        "spearman": 0.4219529082664634
      },
      "euclidean": {
        "pearson": 0.25167227893449595,
        "spearman": 0.40660035384178506
      },
      "manhattan": {
        "pearson": 0.2521104574074008,
        "spearman": 0.4063788000980922
      }
    }
  }
}