{
    "dataset_revision": "81bcb408f33366c2a20ac54adafad1ae7e877fdd",
    "mteb_dataset_name": "TRECCOVID-PL",
    "mteb_version": "1.7.49",
    "test": {
        "map_at_1": 0.261,
        "map_at_10": 2.1260000000000003,
        "map_at_100": 12.171999999999999,
        "map_at_1000": 26.884999999999998,
        "map_at_3": 0.695,
        "map_at_5": 1.134,
        "mrr_at_1": 96.0,
        "mrr_at_10": 96.952,
        "mrr_at_100": 96.952,
        "mrr_at_1000": 96.952,
        "mrr_at_3": 96.667,
        "mrr_at_5": 96.667,
        "ndcg_at_1": 92.0,
        "ndcg_at_10": 81.193,
        "ndcg_at_100": 61.129,
        "ndcg_at_1000": 51.157,
        "ndcg_at_3": 85.693,
        "ndcg_at_5": 84.129,
        "precision_at_1": 96.0,
        "precision_at_10": 85.39999999999999,
        "precision_at_100": 62.03999999999999,
        "precision_at_1000": 22.224,
        "precision_at_3": 88.0,
        "precision_at_5": 88.0,
        "recall_at_1": 0.261,
        "recall_at_10": 2.262,
        "recall_at_100": 14.981,
        "recall_at_1000": 46.837,
        "recall_at_3": 0.703,
        "recall_at_5": 1.172
    }
}