{
  "dataset_revision": null,
  "mteb_dataset_name": "AllegroReviews",
  "mteb_version": "1.1.1",
  "test": {
    "accuracy": 0.34890656063618286,
    "accuracy_stderr": 0.03541614330507062,
    "evaluation_time": 2.92,
    "f1": 0.3146965311180184,
    "f1_stderr": 0.02427392200002361,
    "main_score": 0.34890656063618286
  }
}