{
  "dataset_revision": null,
  "mteb_dataset_name": "ArguAna-PL",
  "mteb_version": "1.1.1",
  "test": {
    "evaluation_time": 17.09,
    "map_at_1": 0.19488,
    "map_at_10": 0.31569,
    "map_at_100": 0.32675,
    "map_at_1000": 0.32722,
    "map_at_3": 0.27857,
    "map_at_5": 0.29884,
    "mrr_at_1": 0.20199,
    "mrr_at_10": 0.3186,
    "mrr_at_100": 0.32968,
    "mrr_at_1000": 0.33016,
    "mrr_at_3": 0.28129,
    "mrr_at_5": 0.30146,
    "ndcg_at_1": 0.19488,
    "ndcg_at_10": 0.3852,
    "ndcg_at_100": 0.44086,
    "ndcg_at_1000": 0.45365,
    "ndcg_at_3": 0.30754,
    "ndcg_at_5": 0.34457,
    "precision_at_1": 0.19488,
    "precision_at_10": 0.06081,
    "precision_at_100": 0.00872,
    "precision_at_1000": 0.00097,
    "precision_at_3": 0.13063,
    "precision_at_5": 0.09659,
    "recall_at_1": 0.19488,
    "recall_at_10": 0.60811,
    "recall_at_100": 0.87198,
    "recall_at_1000": 0.97297,
    "recall_at_3": 0.39189,
    "recall_at_5": 0.48293
  }
}