{
  "dataset_revision": null,
  "mteb_dataset_name": "CBD",
  "mteb_version": "1.1.1",
  "test": {
    "accuracy": 0.6571,
    "accuracy_stderr": 0.06686620970265923,
    "ap": 0.2056837885201297,
    "ap_stderr": 0.029441130121504257,
    "evaluation_time": 12.21,
    "f1": 0.5563770914209003,
    "f1_stderr": 0.04806179938209526,
    "main_score": 0.6571
  }
}