{
  "dataset_revision": null,
  "mteb_dataset_name": "CDSC-R",
  "mteb_version": "1.1.1",
  "test": {
    "cos_sim": {
      "pearson": 0.8462393622347052,
      "spearman": 0.8552590384227373
    },
    "euclidean": {
      "pearson": 0.826060529089316,
      "spearman": 0.8552344261024125
    },
    "evaluation_time": 1.05,
    "manhattan": {
      "pearson": 0.8262180099897706,
      "spearman": 0.8503460216930182
    }
  }
}