{
  "dataset_revision": null,
  "mteb_dataset_name": "DBPedia-PL",
  "mteb_version": "1.1.1",
  "test": {
    "evaluation_time": 3451.22,
    "map_at_1": 0.02994,
    "map_at_10": 0.0613,
    "map_at_100": 0.08427,
    "map_at_1000": 0.08993,
    "map_at_3": 0.04555,
    "map_at_5": 0.05283,
    "mrr_at_1": 0.2675,
    "mrr_at_10": 0.36538,
    "mrr_at_100": 0.37388,
    "mrr_at_1000": 0.37428,
    "mrr_at_3": 0.34083,
    "mrr_at_5": 0.35483,
    "ndcg_at_1": 0.20625,
    "ndcg_at_10": 0.16102,
    "ndcg_at_100": 0.18434,
    "ndcg_at_1000": 0.23482,
    "ndcg_at_3": 0.1779,
    "ndcg_at_5": 0.17011,
    "precision_at_1": 0.27,
    "precision_at_10": 0.13525,
    "precision_at_100": 0.04312,
    "precision_at_1000": 0.00949,
    "precision_at_3": 0.20417,
    "precision_at_5": 0.1755,
    "recall_at_1": 0.02994,
    "recall_at_10": 0.09909,
    "recall_at_100": 0.22941,
    "recall_at_1000": 0.40691,
    "recall_at_3": 0.05827,
    "recall_at_5": 0.07486
  }
}