{
  "dataset_revision": null,
  "mteb_dataset_name": "FiQA-PL",
  "mteb_version": "1.1.1",
  "test": {
    "evaluation_time": 507.13,
    "map_at_1": 0.02746,
    "map_at_10": 0.05266,
    "map_at_100": 0.05993,
    "map_at_1000": 0.06159,
    "map_at_3": 0.04273,
    "map_at_5": 0.0479,
    "mrr_at_1": 0.06019,
    "mrr_at_10": 0.09359,
    "mrr_at_100": 0.10323,
    "mrr_at_1000": 0.10446,
    "mrr_at_3": 0.07973,
    "mrr_at_5": 0.08683,
    "ndcg_at_1": 0.06019,
    "ndcg_at_10": 0.07633,
    "ndcg_at_100": 0.11869,
    "ndcg_at_1000": 0.16391,
    "ndcg_at_3": 0.05921,
    "ndcg_at_5": 0.06564,
    "precision_at_1": 0.06019,
    "precision_at_10": 0.02315,
    "precision_at_100": 0.00656,
    "precision_at_1000": 0.00142,
    "precision_at_3": 0.03961,
    "precision_at_5": 0.03241,
    "recall_at_1": 0.02746,
    "recall_at_10": 0.10818,
    "recall_at_100": 0.27827,
    "recall_at_1000": 0.56691,
    "recall_at_3": 0.05772,
    "recall_at_5": 0.07768
  }
}