{
  "dataset_revision": null,
  "mteb_dataset_name": "HotpotQA-PL",
  "mteb_version": "1.1.1",
  "test": {
    "evaluation_time": 9979.66,
    "map_at_1": 0.10831,
    "map_at_10": 0.14937,
    "map_at_100": 0.15508,
    "map_at_1000": 0.15583,
    "map_at_3": 0.1375,
    "map_at_5": 0.1441,
    "mrr_at_1": 0.21621,
    "mrr_at_10": 0.27077,
    "mrr_at_100": 0.27747,
    "mrr_at_1000": 0.27815,
    "mrr_at_3": 0.25544,
    "mrr_at_5": 0.26385,
    "ndcg_at_1": 0.21661,
    "ndcg_at_10": 0.19719,
    "ndcg_at_100": 0.22802,
    "ndcg_at_1000": 0.24966,
    "ndcg_at_3": 0.17235,
    "ndcg_at_5": 0.18413,
    "precision_at_1": 0.21661,
    "precision_at_10": 0.04393,
    "precision_at_100": 0.00689,
    "precision_at_1000": 0.00098,
    "precision_at_3": 0.10894,
    "precision_at_5": 0.07471,
    "recall_at_1": 0.10831,
    "recall_at_10": 0.21965,
    "recall_at_100": 0.34456,
    "recall_at_1000": 0.49055,
    "recall_at_3": 0.1634,
    "recall_at_5": 0.18677
  }
}