{
  "dataset_revision": "31efe3c427b0bae9c22cbb560b8f15491cc6bed7",
  "mteb_dataset_name": "MassiveIntentClassification",
  "mteb_version": "1.1.1",
  "test": {
    "evaluation_time": 17.87,
    "pl": {
      "accuracy": 0.5971082716879623,
      "accuracy_stderr": 0.017186687184420946,
      "f1": 0.5592281243395716,
      "f1_stderr": 0.015609644382721707,
      "main_score": 0.5971082716879623
    }
  }
}