{
  "dataset_revision": "7d571f92784cd94a019292a1f45445077d0ef634",
  "mteb_dataset_name": "MassiveScenarioClassification",
  "mteb_version": "1.1.1",
  "test": {
    "evaluation_time": 3.32,
    "pl": {
      "accuracy": 0.645796906523201,
      "accuracy_stderr": 0.01695247609678737,
      "f1": 0.6313195906066588,
      "f1_stderr": 0.01393254681254561,
      "main_score": 0.645796906523201
    }
  }
}