{
  "dataset_revision": null,
  "mteb_dataset_name": "MSMARCO-PL",
  "mteb_version": "1.1.1",
  "validation": {
    "evaluation_time": 8852.08,
    "map_at_1": 0.03266,
    "map_at_10": 0.0566,
    "map_at_100": 0.06235,
    "map_at_1000": 0.06309,
    "map_at_3": 0.04688,
    "map_at_5": 0.05211,
    "mrr_at_1": 0.03309,
    "mrr_at_10": 0.05772,
    "mrr_at_100": 0.06353,
    "mrr_at_1000": 0.06428,
    "mrr_at_3": 0.04804,
    "mrr_at_5": 0.05322,
    "ndcg_at_1": 0.03324,
    "ndcg_at_10": 0.0722,
    "ndcg_at_100": 0.10425,
    "ndcg_at_1000": 0.12801,
    "ndcg_at_3": 0.05197,
    "ndcg_at_5": 0.06138,
    "precision_at_1": 0.03324,
    "precision_at_10": 0.01254,
    "precision_at_100": 0.00293,
    "precision_at_1000": 0.0005,
    "precision_at_3": 0.02249,
    "precision_at_5": 0.01814,
    "recall_at_1": 0.03266,
    "recall_at_10": 0.12136,
    "recall_at_100": 0.279,
    "recall_at_1000": 0.47224,
    "recall_at_3": 0.06564,
    "recall_at_5": 0.08837
  }
}