{
  "dataset_revision": null,
  "mteb_dataset_name": "NFCorpus-PL",
  "mteb_version": "1.1.1",
  "test": {
    "evaluation_time": 6.94,
    "map_at_1": 0.02028,
    "map_at_10": 0.04775,
    "map_at_100": 0.06304,
    "map_at_1000": 0.07355,
    "map_at_3": 0.03246,
    "map_at_5": 0.03952,
    "mrr_at_1": 0.24458,
    "mrr_at_10": 0.32016,
    "mrr_at_100": 0.32927,
    "mrr_at_1000": 0.33007,
    "mrr_at_3": 0.29463,
    "mrr_at_5": 0.31058,
    "ndcg_at_1": 0.22601,
    "ndcg_at_10": 0.17446,
    "ndcg_at_100": 0.16684,
    "ndcg_at_1000": 0.2605,
    "ndcg_at_3": 0.20332,
    "ndcg_at_5": 0.19346,
    "precision_at_1": 0.24458,
    "precision_at_10": 0.14025,
    "precision_at_100": 0.05034,
    "precision_at_1000": 0.01784,
    "precision_at_3": 0.20124,
    "precision_at_5": 0.18019,
    "recall_at_1": 0.02028,
    "recall_at_10": 0.07629,
    "recall_at_100": 0.19683,
    "recall_at_1000": 0.51362,
    "recall_at_3": 0.03778,
    "recall_at_5": 0.05244
  }
}