{
  "dataset_revision": null,
  "mteb_dataset_name": "NQ-PL",
  "mteb_version": "1.1.1",
  "test": {
    "evaluation_time": 2809.88,
    "map_at_1": 0.0414,
    "map_at_10": 0.07393,
    "map_at_100": 0.08122,
    "map_at_1000": 0.08217,
    "map_at_3": 0.06238,
    "map_at_5": 0.06752,
    "mrr_at_1": 0.04693,
    "mrr_at_10": 0.08259,
    "mrr_at_100": 0.09011,
    "mrr_at_1000": 0.09098,
    "mrr_at_3": 0.07054,
    "mrr_at_5": 0.0761,
    "ndcg_at_1": 0.04751,
    "ndcg_at_10": 0.09652,
    "ndcg_at_100": 0.13752,
    "ndcg_at_1000": 0.16526,
    "ndcg_at_3": 0.07145,
    "ndcg_at_5": 0.08087,
    "precision_at_1": 0.04751,
    "precision_at_10": 0.01854,
    "precision_at_100": 0.00423,
    "precision_at_1000": 0.00069,
    "precision_at_3": 0.03438,
    "precision_at_5": 0.02596,
    "recall_at_1": 0.0414,
    "recall_at_10": 0.15901,
    "recall_at_100": 0.35518,
    "recall_at_1000": 0.57076,
    "recall_at_3": 0.08951,
    "recall_at_5": 0.11184
  }
}