{
  "dataset_revision": null,
  "mteb_dataset_name": "PAC",
  "mteb_version": "1.1.1",
  "test": {
    "accuracy": 0.6810599478714161,
    "accuracy_stderr": 0.03434358697983801,
    "ap": 0.7701976488093137,
    "ap_stderr": 0.02963447530276157,
    "evaluation_time": 3.19,
    "f1": 0.6550426921770821,
    "f1_stderr": 0.0439801447027139,
    "main_score": 0.6810599478714161
  }
}