{
  "dataset_revision": null,
  "mteb_dataset_name": "PolEmo2.0-IN",
  "mteb_version": "1.1.1",
  "test": {
    "accuracy": 0.6400277008310249,
    "accuracy_stderr": 0.0372751197190903,
    "evaluation_time": 2.61,
    "f1": 0.6426615967053718,
    "f1_stderr": 0.026826705960512922,
    "main_score": 0.6400277008310249
  }
}