{
  "dataset_revision": null,
  "mteb_dataset_name": "PolEmo2.0-OUT",
  "mteb_version": "1.1.1",
  "test": {
    "accuracy": 0.447165991902834,
    "accuracy_stderr": 0.03549674652116949,
    "evaluation_time": 2.13,
    "f1": 0.352617913393213,
    "f1_stderr": 0.03682117911332695,
    "main_score": 0.447165991902834
  }
}