{
  "dataset_revision": null,
  "mteb_dataset_name": "PPC",
  "mteb_version": "1.1.1",
  "test": {
    "cos_sim": {
      "accuracy": 0.74,
      "accuracy_threshold": 0.8980377529951933,
      "ap": 0.8696613940747677,
      "f1": 0.7871545929798357,
      "f1_threshold": 0.8193410444714146,
      "precision": 0.7170068027210884,
      "recall": 0.8725165562913907
    },
    "dot": {
      "accuracy": 0.74,
      "accuracy_threshold": 0.8984375,
      "ap": 0.8692172122124803,
      "f1": 0.7876969242310577,
      "f1_threshold": 0.82275390625,
      "precision": 0.720164609053498,
      "recall": 0.8692052980132451
    },
    "euclidean": {
      "accuracy": 0.74,
      "accuracy_threshold": 0.4516735287420488,
      "ap": 0.8696798229244778,
      "f1": 0.7871545929798357,
      "f1_threshold": 0.6011117149535183,
      "precision": 0.7170068027210884,
      "recall": 0.8725165562913907
    },
    "evaluation_time": 1.29,
    "manhattan": {
      "accuracy": 0.734,
      "accuracy_threshold": 9.570388108491898,
      "ap": 0.8674987661613576,
      "f1": 0.7851851851851851,
      "f1_threshold": 12.814932495355606,
      "precision": 0.710455764075067,
      "recall": 0.8774834437086093
    },
    "max": {
      "accuracy": 0.74,
      "ap": 0.8696798229244778,
      "f1": 0.7876969242310577
    }
  }
}