{
  "dataset_revision": null,
  "mteb_dataset_name": "PSC",
  "mteb_version": "1.1.1",
  "test": {
    "cos_sim": {
      "accuracy": 0.9517625231910947,
      "accuracy_threshold": 0.5765962690152013,
      "ap": 0.9741790574934628,
      "f1": 0.9202453987730062,
      "f1_threshold": 0.5765962690152013,
      "precision": 0.9259259259259259,
      "recall": 0.9146341463414634
    },
    "dot": {
      "accuracy": 0.9517625231910947,
      "accuracy_threshold": 0.576171875,
      "ap": 0.9741209137313158,
      "f1": 0.9202453987730062,
      "f1_threshold": 0.576171875,
      "precision": 0.9259259259259259,
      "recall": 0.9146341463414634
    },
    "euclidean": {
      "accuracy": 0.9517625231910947,
      "accuracy_threshold": 0.9202053919315358,
      "ap": 0.9741927065712785,
      "f1": 0.9202453987730062,
      "f1_threshold": 0.9202053919315358,
      "precision": 0.9259259259259259,
      "recall": 0.9146341463414634
    },
    "evaluation_time": 1.59,
    "manhattan": {
      "accuracy": 0.9489795918367347,
      "accuracy_threshold": 20.37601211667061,
      "ap": 0.9716291443558829,
      "f1": 0.9165402124430957,
      "f1_threshold": 20.37601211667061,
      "precision": 0.9123867069486404,
      "recall": 0.9207317073170732
    },
    "max": {
      "accuracy": 0.9517625231910947,
      "ap": 0.9741927065712785,
      "f1": 0.9202453987730062
    }
  }
}