{
  "dataset_revision": null,
  "mteb_dataset_name": "Quora-PL",
  "mteb_version": "1.1.1",
  "test": {
    "evaluation_time": 198.16,
    "map_at_1": 0.57697,
    "map_at_10": 0.69989,
    "map_at_100": 0.70834,
    "map_at_1000": 0.70875,
    "map_at_3": 0.66966,
    "map_at_5": 0.68771,
    "mrr_at_1": 0.6653,
    "mrr_at_10": 0.74377,
    "mrr_at_100": 0.74718,
    "mrr_at_1000": 0.74728,
    "mrr_at_3": 0.72655,
    "mrr_at_5": 0.73745,
    "ndcg_at_1": 0.6648,
    "ndcg_at_10": 0.74965,
    "ndcg_at_100": 0.77633,
    "ndcg_at_1000": 0.78204,
    "ndcg_at_3": 0.70937,
    "ndcg_at_5": 0.73003,
    "precision_at_1": 0.6648,
    "precision_at_10": 0.11502,
    "precision_at_100": 0.01418,
    "precision_at_1000": 0.00153,
    "precision_at_3": 0.30903,
    "precision_at_5": 0.20608,
    "recall_at_1": 0.57697,
    "recall_at_10": 0.84912,
    "recall_at_100": 0.95545,
    "recall_at_1000": 0.99067,
    "recall_at_3": 0.73585,
    "recall_at_5": 0.7912
  }
}