{
  "dataset_revision": null,
  "mteb_dataset_name": "SCIDOCS-PL",
  "mteb_version": "1.1.1",
  "test": {
    "evaluation_time": 42.2,
    "map_at_1": 0.01428,
    "map_at_10": 0.03841,
    "map_at_100": 0.04798,
    "map_at_1000": 0.0502,
    "map_at_3": 0.02692,
    "map_at_5": 0.03239,
    "mrr_at_1": 0.07,
    "mrr_at_10": 0.13373,
    "mrr_at_100": 0.14516,
    "mrr_at_1000": 0.14634,
    "mrr_at_3": 0.11,
    "mrr_at_5": 0.12295,
    "ndcg_at_1": 0.07,
    "ndcg_at_10": 0.0748,
    "ndcg_at_100": 0.12466,
    "ndcg_at_1000": 0.17586,
    "ndcg_at_3": 0.06466,
    "ndcg_at_5": 0.05913,
    "precision_at_1": 0.07,
    "precision_at_10": 0.0415,
    "precision_at_100": 0.0115,
    "precision_at_1000": 0.00239,
    "precision_at_3": 0.06233,
    "precision_at_5": 0.0546,
    "recall_at_1": 0.01428,
    "recall_at_10": 0.08413,
    "recall_at_100": 0.23357,
    "recall_at_1000": 0.48493,
    "recall_at_3": 0.03793,
    "recall_at_5": 0.05533
  }
}