{
  "dataset_revision": "4755de8baebc07bed0c60cec9f796e9a346600cb",
  "mteb_dataset_name": "SciDefRetrieval",
  "mteb_version": "1.7.49",
  "test": {
    "evaluation_time": 2.75,
    "map_at_1": 0.19735,
    "map_at_10": 0.28869,
    "map_at_100": 0.30124,
    "map_at_1000": 0.30202,
    "map_at_20": 0.29589,
    "map_at_3": 0.26068,
    "map_at_5": 0.27644,
    "mrr_at_1": 0.19735,
    "mrr_at_10": 0.28825,
    "mrr_at_100": 0.30079,
    "mrr_at_1000": 0.30156,
    "mrr_at_20": 0.29544,
    "mrr_at_3": 0.2592,
    "mrr_at_5": 0.27599,
    "ndcg_at_1": 0.19735,
    "ndcg_at_10": 0.33978,
    "ndcg_at_100": 0.40612,
    "ndcg_at_1000": 0.42801,
    "ndcg_at_20": 0.3659,
    "ndcg_at_3": 0.28147,
    "ndcg_at_5": 0.30993,
    "precision_at_1": 0.19735,
    "precision_at_10": 0.05037,
    "precision_at_100": 0.00826,
    "precision_at_1000": 0.001,
    "precision_at_20": 0.03034,
    "precision_at_3": 0.11389,
    "precision_at_5": 0.08218,
    "recall_at_1": 0.19735,
    "recall_at_10": 0.50368,
    "recall_at_100": 0.82622,
    "recall_at_1000": 1.0,
    "recall_at_20": 0.60677,
    "recall_at_3": 0.34168,
    "recall_at_5": 0.4109
  }
}