{
  "dataset_revision": "8064b4442da038aa0482a2542370f9a2441cc50a",
  "mteb_dataset_name": "SciField",
  "mteb_version": "1.7.49",
  "test": {
    "accuracy": 0.7650904033379695,
    "accuracy_stderr": 0.01617722247121157,
    "evaluation_time": 12.05,
    "f1": 0.7586120498741635,
    "f1_stderr": 0.016717969696712732,
    "main_score": 0.7650904033379695
  }
}