{
  "dataset_revision": null,
  "mteb_dataset_name": "SciFact-PL",
  "mteb_version": "1.1.1",
  "test": {
    "evaluation_time": 9.35,
    "map_at_1": 0.28111,
    "map_at_10": 0.35212,
    "map_at_100": 0.36034,
    "map_at_1000": 0.36112,
    "map_at_3": 0.32204,
    "map_at_5": 0.3382,
    "mrr_at_1": 0.29333,
    "mrr_at_10": 0.36478,
    "mrr_at_100": 0.37234,
    "mrr_at_1000": 0.37293,
    "mrr_at_3": 0.33667,
    "mrr_at_5": 0.35183,
    "ndcg_at_1": 0.29333,
    "ndcg_at_10": 0.39792,
    "ndcg_at_100": 0.43944,
    "ndcg_at_1000": 0.46277,
    "ndcg_at_3": 0.33945,
    "ndcg_at_5": 0.36679,
    "precision_at_1": 0.29333,
    "precision_at_10": 0.059,
    "precision_at_100": 0.0082,
    "precision_at_1000": 0.00104,
    "precision_at_3": 0.13444,
    "precision_at_5": 0.096,
    "recall_at_1": 0.28111,
    "recall_at_10": 0.53,
    "recall_at_100": 0.72533,
    "recall_at_1000": 0.91367,
    "recall_at_3": 0.37389,
    "recall_at_5": 0.4375
  }
}