{
  "dataset_revision": null,
  "mteb_dataset_name": "SICK-E-PL",
  "mteb_version": "1.1.1",
  "test": {
    "cos_sim": {
      "accuracy": 0.7800652262535671,
      "accuracy_threshold": 0.9356788810038306,
      "ap": 0.6376689121415645,
      "f1": 0.5993031358885017,
      "f1_threshold": 0.8275378031876723,
      "precision": 0.5058823529411764,
      "recall": 0.7350427350427351
    },
    "dot": {
      "accuracy": 0.7794537301263759,
      "accuracy_threshold": 0.935546875,
      "ap": 0.6368794082390843,
      "f1": 0.599136690647482,
      "f1_threshold": 0.82421875,
      "precision": 0.5026557218734911,
      "recall": 0.7414529914529915
    },
    "euclidean": {
      "accuracy": 0.7800652262535671,
      "accuracy_threshold": 0.35863213489002516,
      "ap": 0.6376622844475458,
      "f1": 0.5993031358885017,
      "f1_threshold": 0.5873901516821518,
      "precision": 0.5058823529411764,
      "recall": 0.7350427350427351
    },
    "evaluation_time": 2.7,
    "manhattan": {
      "accuracy": 0.7743579290664493,
      "accuracy_threshold": 8.18849727511406,
      "ap": 0.6270873633203119,
      "f1": 0.5934314835787089,
      "f1_threshold": 12.785696029663086,
      "precision": 0.4924812030075188,
      "recall": 0.7464387464387464
    },
    "max": {
      "accuracy": 0.7800652262535671,
      "ap": 0.6376689121415645,
      "f1": 0.5993031358885017
    }
  }
}