{
  "dataset_revision": null,
  "mteb_dataset_name": "SICK-R-PL",
  "mteb_version": "1.1.1",
  "test": {
    "cos_sim": {
      "pearson": 0.7164235808401075,
      "spearman": 0.6589767484834237
    },
    "euclidean": {
      "pearson": 0.6903314682388363,
      "spearman": 0.6589855899509992
    },
    "evaluation_time": 2.97,
    "manhattan": {
      "pearson": 0.6885780769814728,
      "spearman": 0.6522856519257056
    }
  }
}