{
  "dataset_revision": "6d1ba47164174a496b7fa5d3569dae26a6813b80",
  "mteb_dataset_name": "STS22",
  "mteb_version": "1.1.1",
  "test": {
    "evaluation_time": 1.68,
    "pl": {
      "cos_sim": {
        "pearson": 0.34165808519539587,
        "spearman": 0.39283219659842283
      },
      "euclidean": {
        "pearson": 0.22321481397444587,
        "spearman": 0.39317194102090125
      },
      "manhattan": {
        "pearson": 0.2296327532776755,
        "spearman": 0.390003947377095
      }
    }
  }
}