{
  "dataset_revision": null,
  "mteb_dataset_name": "TRECCOVID-PL",
  "mteb_version": "1.1.1",
  "test": {
    "evaluation_time": 219.82,
    "map_at_1": 0.00082,
    "map_at_10": 0.00295,
    "map_at_100": 0.00743,
    "map_at_1000": 0.01809,
    "map_at_3": 0.00165,
    "map_at_5": 0.00222,
    "mrr_at_1": 0.26,
    "mrr_at_10": 0.404,
    "mrr_at_100": 0.41565,
    "mrr_at_1000": 0.41614,
    "mrr_at_3": 0.37667,
    "mrr_at_5": 0.39567,
    "ndcg_at_1": 0.28,
    "ndcg_at_10": 0.18452,
    "ndcg_at_100": 0.10024,
    "ndcg_at_1000": 0.11532,
    "ndcg_at_3": 0.24754,
    "ndcg_at_5": 0.22693,
    "precision_at_1": 0.28,
    "precision_at_10": 0.178,
    "precision_at_100": 0.0952,
    "precision_at_1000": 0.05612,
    "precision_at_3": 0.25333,
    "precision_at_5": 0.232,
    "recall_at_1": 0.00082,
    "recall_at_10": 0.0046,
    "recall_at_100": 0.02057,
    "recall_at_1000": 0.11467,
    "recall_at_3": 0.00205,
    "recall_at_5": 0.00304
  }
}