{
  "dataset_revision": null,
  "mteb_dataset_name": "AllegroReviews",
  "mteb_version": "1.1.1",
  "test": {
    "accuracy": 0.20228628230616302,
    "accuracy_stderr": 0.013725255068849498,
    "evaluation_time": 11.72,
    "f1": 0.19355650404582397,
    "f1_stderr": 0.018039725342725417,
    "main_score": 0.20228628230616302
  }
}