{
  "dataset_revision": null,
  "mteb_dataset_name": "ArguAna-PL",
  "mteb_version": "1.1.1",
  "test": {
    "evaluation_time": 155.55,
    "map_at_1": 0.02418,
    "map_at_10": 0.03452,
    "map_at_100": 0.0381,
    "map_at_1000": 0.03901,
    "map_at_3": 0.03094,
    "map_at_5": 0.03265,
    "mrr_at_1": 0.02489,
    "mrr_at_10": 0.03491,
    "mrr_at_100": 0.03843,
    "mrr_at_1000": 0.03933,
    "mrr_at_3": 0.03129,
    "mrr_at_5": 0.03297,
    "ndcg_at_1": 0.02418,
    "ndcg_at_10": 0.04113,
    "ndcg_at_100": 0.06164,
    "ndcg_at_1000": 0.09248,
    "ndcg_at_3": 0.03356,
    "ndcg_at_5": 0.03656,
    "precision_at_1": 0.02418,
    "precision_at_10": 0.00626,
    "precision_at_100": 0.00166,
    "precision_at_1000": 0.00042,
    "precision_at_3": 0.01375,
    "precision_at_5": 0.00967,
    "recall_at_1": 0.02418,
    "recall_at_10": 0.06259,
    "recall_at_100": 0.16572,
    "recall_at_1000": 0.42319,
    "recall_at_3": 0.04125,
    "recall_at_5": 0.04836
  }
}