{
  "dataset_revision": null,
  "mteb_dataset_name": "CBD",
  "mteb_version": "1.1.1",
  "test": {
    "accuracy": 0.5257000000000001,
    "accuracy_stderr": 0.07344120097057237,
    "ap": 0.14445055820041547,
    "ap_stderr": 0.008041336943813229,
    "evaluation_time": 14.28,
    "f1": 0.4443742016988397,
    "f1_stderr": 0.041761575195532884,
    "main_score": 0.5257000000000001
  }
}