{
  "dataset_revision": null,
  "mteb_dataset_name": "CDSC-R",
  "mteb_version": "1.1.1",
  "test": {
    "cos_sim": {
      "pearson": 0.5158218875082047,
      "spearman": 0.63775063431591
    },
    "euclidean": {
      "pearson": 0.6240897567499288,
      "spearman": 0.6685861962359554
    },
    "evaluation_time": 2.56,
    "manhattan": {
      "pearson": 0.6952774808695665,
      "spearman": 0.7296020605864916
    }
  }
}