{
  "dataset_revision": null,
  "mteb_dataset_name": "DBPedia-PL",
  "mteb_version": "1.1.1",
  "test": {
    "evaluation_time": 21975.3,
    "map_at_1": 0.00151,
    "map_at_10": 0.002,
    "map_at_100": 0.00234,
    "map_at_1000": 0.00255,
    "map_at_3": 0.00173,
    "map_at_5": 0.00178,
    "mrr_at_1": 0.025,
    "mrr_at_10": 0.03953,
    "mrr_at_100": 0.04248,
    "mrr_at_1000": 0.04315,
    "mrr_at_3": 0.035,
    "mrr_at_5": 0.03613,
    "ndcg_at_1": 0.01625,
    "ndcg_at_10": 0.00907,
    "ndcg_at_100": 0.00937,
    "ndcg_at_1000": 0.01654,
    "ndcg_at_3": 0.01162,
    "ndcg_at_5": 0.00932,
    "precision_at_1": 0.025,
    "precision_at_10": 0.009,
    "precision_at_100": 0.0027,
    "precision_at_1000": 0.00096,
    "precision_at_3": 0.01583,
    "precision_at_5": 0.011,
    "recall_at_1": 0.00151,
    "recall_at_10": 0.00356,
    "recall_at_100": 0.01159,
    "recall_at_1000": 0.03639,
    "recall_at_3": 0.00203,
    "recall_at_5": 0.00221
  }
}