{
  "dataset_revision": null,
  "mteb_dataset_name": "FiQA-PL",
  "mteb_version": "1.1.1",
  "test": {
    "evaluation_time": 663.81,
    "map_at_1": 0.00193,
    "map_at_10": 0.00402,
    "map_at_100": 0.00496,
    "map_at_1000": 0.00525,
    "map_at_3": 0.00339,
    "map_at_5": 0.00363,
    "mrr_at_1": 0.00463,
    "mrr_at_10": 0.0088,
    "mrr_at_100": 0.01054,
    "mrr_at_1000": 0.01102,
    "mrr_at_3": 0.00694,
    "mrr_at_5": 0.00725,
    "ndcg_at_1": 0.00463,
    "ndcg_at_10": 0.00659,
    "ndcg_at_100": 0.01305,
    "ndcg_at_1000": 0.02554,
    "ndcg_at_3": 0.0049,
    "ndcg_at_5": 0.00526,
    "precision_at_1": 0.00463,
    "precision_at_10": 0.00247,
    "precision_at_100": 0.0009,
    "precision_at_1000": 0.0003,
    "precision_at_3": 0.0036,
    "precision_at_5": 0.00278,
    "recall_at_1": 0.00193,
    "recall_at_10": 0.009,
    "recall_at_100": 0.03522,
    "recall_at_1000": 0.11963,
    "recall_at_3": 0.00553,
    "recall_at_5": 0.00622
  }
}