{
  "dataset_revision": null,
  "mteb_dataset_name": "HotpotQA-PL",
  "mteb_version": "1.1.1",
  "test": {
    "evaluation_time": 24556.24,
    "map_at_1": 0.01121,
    "map_at_10": 0.01679,
    "map_at_100": 0.01802,
    "map_at_1000": 0.01829,
    "map_at_3": 0.01463,
    "map_at_5": 0.01578,
    "mrr_at_1": 0.02242,
    "mrr_at_10": 0.03295,
    "mrr_at_100": 0.03513,
    "mrr_at_1000": 0.03556,
    "mrr_at_3": 0.02908,
    "mrr_at_5": 0.03121,
    "ndcg_at_1": 0.02242,
    "ndcg_at_10": 0.0246,
    "ndcg_at_100": 0.03287,
    "ndcg_at_1000": 0.04336,
    "ndcg_at_3": 0.01932,
    "ndcg_at_5": 0.0218,
    "precision_at_1": 0.02242,
    "precision_at_10": 0.00624,
    "precision_at_100": 0.00131,
    "precision_at_1000": 0.00027,
    "precision_at_3": 0.01278,
    "precision_at_5": 0.00964,
    "recall_at_1": 0.01121,
    "recall_at_10": 0.0312,
    "recall_at_100": 0.06536,
    "recall_at_1000": 0.13747,
    "recall_at_3": 0.01918,
    "recall_at_5": 0.02411
  }
}