{
  "dataset_revision": "31efe3c427b0bae9c22cbb560b8f15491cc6bed7",
  "mteb_dataset_name": "MassiveIntentClassification",
  "mteb_version": "1.1.1",
  "test": {
    "evaluation_time": 20.35,
    "pl": {
      "accuracy": 0.3925016812373907,
      "accuracy_stderr": 0.011178446141737412,
      "f1": 0.37816782938286536,
      "f1_stderr": 0.016895187879038792,
      "main_score": 0.3925016812373907
    }
  }
}