{
  "dataset_revision": "7d571f92784cd94a019292a1f45445077d0ef634",
  "mteb_dataset_name": "MassiveScenarioClassification",
  "mteb_version": "1.1.1",
  "test": {
    "evaluation_time": 4.48,
    "pl": {
      "accuracy": 0.44327505043712173,
      "accuracy_stderr": 0.016207023804867462,
      "f1": 0.4322229634273612,
      "f1_stderr": 0.01916589606832449,
      "main_score": 0.44327505043712173
    }
  }
}