{
  "dataset_revision": null,
  "mteb_dataset_name": "MSMARCO-PL",
  "mteb_version": "1.1.1",
  "validation": {
    "evaluation_time": 51066.72,
    "map_at_1": 0.00186,
    "map_at_10": 0.00375,
    "map_at_100": 0.00414,
    "map_at_1000": 0.00426,
    "map_at_3": 0.0032,
    "map_at_5": 0.00344,
    "mrr_at_1": 0.00201,
    "mrr_at_10": 0.00386,
    "mrr_at_100": 0.00428,
    "mrr_at_1000": 0.0044,
    "mrr_at_3": 0.00334,
    "mrr_at_5": 0.00355,
    "ndcg_at_1": 0.00201,
    "ndcg_at_10": 0.00483,
    "ndcg_at_100": 0.00719,
    "ndcg_at_1000": 0.01153,
    "ndcg_at_3": 0.00366,
    "ndcg_at_5": 0.00406,
    "precision_at_1": 0.00201,
    "precision_at_10": 0.00085,
    "precision_at_100": 0.00021,
    "precision_at_1000": 6e-05,
    "precision_at_3": 0.00167,
    "precision_at_5": 0.0012,
    "recall_at_1": 0.00186,
    "recall_at_10": 0.00824,
    "recall_at_100": 0.02022,
    "recall_at_1000": 0.0564,
    "recall_at_3": 0.00487,
    "recall_at_5": 0.0058
  }
}