{
  "dataset_revision": null,
  "mteb_dataset_name": "NFCorpus-PL",
  "mteb_version": "1.1.1",
  "test": {
    "evaluation_time": 84.17,
    "map_at_1": 0.00086,
    "map_at_10": 0.00182,
    "map_at_100": 0.004,
    "map_at_1000": 0.00842,
    "map_at_3": 0.00128,
    "map_at_5": 0.0014,
    "mrr_at_1": 0.01858,
    "mrr_at_10": 0.03694,
    "mrr_at_100": 0.04941,
    "mrr_at_1000": 0.05113,
    "mrr_at_3": 0.02683,
    "mrr_at_5": 0.03008,
    "ndcg_at_1": 0.01548,
    "ndcg_at_10": 0.01332,
    "ndcg_at_100": 0.02923,
    "ndcg_at_1000": 0.11896,
    "ndcg_at_3": 0.01202,
    "ndcg_at_5": 0.0114,
    "precision_at_1": 0.01858,
    "precision_at_10": 0.01269,
    "precision_at_100": 0.01303,
    "precision_at_1000": 0.01192,
    "precision_at_3": 0.01238,
    "precision_at_5": 0.01176,
    "recall_at_1": 0.00086,
    "recall_at_10": 0.00574,
    "recall_at_100": 0.05385,
    "recall_at_1000": 0.36932,
    "recall_at_3": 0.00193,
    "recall_at_5": 0.00245
  }
}