{
  "dataset_revision": null,
  "mteb_dataset_name": "NQ-PL",
  "mteb_version": "1.1.1",
  "test": {
    "evaluation_time": 20941.89,
    "map_at_1": 0.00232,
    "map_at_10": 0.0042,
    "map_at_100": 0.00474,
    "map_at_1000": 0.00491,
    "map_at_3": 0.00328,
    "map_at_5": 0.00363,
    "mrr_at_1": 0.00261,
    "mrr_at_10": 0.00469,
    "mrr_at_100": 0.0053,
    "mrr_at_1000": 0.0055,
    "mrr_at_3": 0.00357,
    "mrr_at_5": 0.00396,
    "ndcg_at_1": 0.00261,
    "ndcg_at_10": 0.0057,
    "ndcg_at_100": 0.00924,
    "ndcg_at_1000": 0.01613,
    "ndcg_at_3": 0.00362,
    "ndcg_at_5": 0.00427,
    "precision_at_1": 0.00261,
    "precision_at_10": 0.00116,
    "precision_at_100": 0.00032,
    "precision_at_1000": 0.0001,
    "precision_at_3": 0.00154,
    "precision_at_5": 0.00127,
    "recall_at_1": 0.00232,
    "recall_at_10": 0.00999,
    "recall_at_100": 0.02791,
    "recall_at_1000": 0.08449,
    "recall_at_3": 0.00435,
    "recall_at_5": 0.00589
  }
}