{
  "dataset_revision": null,
  "mteb_dataset_name": "PAC",
  "mteb_version": "1.1.1",
  "test": {
    "accuracy": 0.5802780191138142,
    "accuracy_stderr": 0.06478976036812706,
    "ap": 0.726440742277868,
    "ap_stderr": 0.0261280111549074,
    "evaluation_time": 10.3,
    "f1": 0.5658657412612778,
    "f1_stderr": 0.054820499825265524,
    "main_score": 0.5802780191138142
  }
}