{
  "dataset_revision": null,
  "mteb_dataset_name": "PolEmo2.0-IN",
  "mteb_version": "1.1.1",
  "test": {
    "accuracy": 0.454016620498615,
    "accuracy_stderr": 0.044652502337085606,
    "evaluation_time": 13.14,
    "f1": 0.46196335232645513,
    "f1_stderr": 0.03619868944706482,
    "main_score": 0.454016620498615
  }
}