{
  "dataset_revision": null,
  "mteb_dataset_name": "PPC",
  "mteb_version": "1.1.1",
  "test": {
    "cos_sim": {
      "accuracy": 0.661,
      "accuracy_threshold": 0.8870911598205566,
      "ap": 0.7551788060150606,
      "f1": 0.7547974413646056,
      "f1_threshold": 0.8776707649230957,
      "precision": 0.6612702366127023,
      "recall": 0.8791390728476821
    },
    "dot": {
      "accuracy": 0.616,
      "accuracy_threshold": 1.7562243938446045,
      "ap": 0.6899162204921114,
      "f1": 0.7543859649122806,
      "f1_threshold": 1.1239582300186157,
      "precision": 0.6068548387096774,
      "recall": 0.9966887417218543
    },
    "euclidean": {
      "accuracy": 0.636,
      "accuracy_threshold": 0.7080483436584473,
      "ap": 0.7516755453399016,
      "f1": 0.7529706066291432,
      "f1_threshold": 1.1706663370132446,
      "precision": 0.6050251256281407,
      "recall": 0.9966887417218543
    },
    "evaluation_time": 1.85,
    "manhattan": {
      "accuracy": 0.648,
      "accuracy_threshold": 12.272117614746094,
      "ap": 0.749438790618456,
      "f1": 0.7541613316261203,
      "f1_threshold": 16.48928451538086,
      "precision": 0.6148225469728601,
      "recall": 0.9751655629139073
    },
    "max": {
      "accuracy": 0.661,
      "ap": 0.7551788060150606,
      "f1": 0.7547974413646056
    }
  }
}