{
  "dataset_revision": null,
  "mteb_dataset_name": "PSC",
  "mteb_version": "1.1.1",
  "test": {
    "cos_sim": {
      "accuracy": 0.74860853432282,
      "accuracy_threshold": 0.9789688587188721,
      "ap": 0.5479865554644162,
      "f1": 0.5098039215686275,
      "f1_threshold": 0.9672636985778809,
      "precision": 0.37572254335260113,
      "recall": 0.7926829268292683
    },
    "dot": {
      "accuracy": 0.7189239332096475,
      "accuracy_threshold": 5.198493480682373,
      "ap": 0.3767429860740501,
      "f1": 0.466143977191732,
      "f1_threshold": 3.9672372341156006,
      "precision": 0.3041860465116279,
      "recall": 0.9969512195121951
    },
    "euclidean": {
      "accuracy": 0.7532467532467533,
      "accuracy_threshold": 0.4646664261817932,
      "ap": 0.5843858594059674,
      "f1": 0.5418502202643172,
      "f1_threshold": 0.5352034568786621,
      "precision": 0.4241379310344828,
      "recall": 0.75
    },
    "evaluation_time": 7.42,
    "manhattan": {
      "accuracy": 0.7931354359925789,
      "accuracy_threshold": 7.499489784240723,
      "ap": 0.7081405877610693,
      "f1": 0.617687074829932,
      "f1_threshold": 8.118119239807129,
      "precision": 0.5577395577395577,
      "recall": 0.6920731707317073
    },
    "max": {
      "accuracy": 0.7931354359925789,
      "ap": 0.7081405877610693,
      "f1": 0.617687074829932
    }
  }
}