{
  "dataset_revision": null,
  "mteb_dataset_name": "Quora-PL",
  "mteb_version": "1.1.1",
  "test": {
    "evaluation_time": 768.84,
    "map_at_1": 0.34327,
    "map_at_10": 0.4047,
    "map_at_100": 0.41145,
    "map_at_1000": 0.4121,
    "map_at_3": 0.38788,
    "map_at_5": 0.39732,
    "mrr_at_1": 0.3958,
    "mrr_at_10": 0.44835,
    "mrr_at_100": 0.45348,
    "mrr_at_1000": 0.45391,
    "mrr_at_3": 0.43402,
    "mrr_at_5": 0.44201,
    "ndcg_at_1": 0.3962,
    "ndcg_at_10": 0.44085,
    "ndcg_at_100": 0.47073,
    "ndcg_at_1000": 0.48689,
    "ndcg_at_3": 0.4138,
    "ndcg_at_5": 0.42599,
    "precision_at_1": 0.3962,
    "precision_at_10": 0.06531,
    "precision_at_100": 0.00883,
    "precision_at_1000": 0.00109,
    "precision_at_3": 0.1751,
    "precision_at_5": 0.11568,
    "recall_at_1": 0.34327,
    "recall_at_10": 0.50774,
    "recall_at_100": 0.64006,
    "recall_at_1000": 0.75778,
    "recall_at_3": 0.42721,
    "recall_at_5": 0.46172
  }
}