{
  "dataset_revision": null,
  "mteb_dataset_name": "SCIDOCS-PL",
  "mteb_version": "1.1.1",
  "test": {
    "evaluation_time": 397.66,
    "map_at_1": 0.0014,
    "map_at_10": 0.00352,
    "map_at_100": 0.00446,
    "map_at_1000": 0.00493,
    "map_at_3": 0.00227,
    "map_at_5": 0.003,
    "mrr_at_1": 0.007,
    "mrr_at_10": 0.0125,
    "mrr_at_100": 0.0161,
    "mrr_at_1000": 0.01716,
    "mrr_at_3": 0.00933,
    "mrr_at_5": 0.01048,
    "ndcg_at_1": 0.007,
    "ndcg_at_10": 0.00687,
    "ndcg_at_100": 0.01605,
    "ndcg_at_1000": 0.03701,
    "ndcg_at_3": 0.00523,
    "ndcg_at_5": 0.00504,
    "precision_at_1": 0.007,
    "precision_at_10": 0.0039,
    "precision_at_100": 0.00182,
    "precision_at_1000": 0.00071,
    "precision_at_3": 0.00467,
    "precision_at_5": 0.0046,
    "recall_at_1": 0.0014,
    "recall_at_10": 0.00798,
    "recall_at_100": 0.03705,
    "recall_at_1000": 0.14405,
    "recall_at_3": 0.0028,
    "recall_at_5": 0.0046
  }
}