{
  "dataset_revision": null,
  "mteb_dataset_name": "SciFact-PL",
  "mteb_version": "1.1.1",
  "test": {
    "evaluation_time": 104.42,
    "map_at_1": 0.03667,
    "map_at_10": 0.0524,
    "map_at_100": 0.05649,
    "map_at_1000": 0.05754,
    "map_at_3": 0.045,
    "map_at_5": 0.04967,
    "mrr_at_1": 0.03667,
    "mrr_at_10": 0.05246,
    "mrr_at_100": 0.05695,
    "mrr_at_1000": 0.05799,
    "mrr_at_3": 0.045,
    "mrr_at_5": 0.04967,
    "ndcg_at_1": 0.03667,
    "ndcg_at_10": 0.06278,
    "ndcg_at_100": 0.09022,
    "ndcg_at_1000": 0.12975,
    "ndcg_at_3": 0.04798,
    "ndcg_at_5": 0.0563,
    "precision_at_1": 0.03667,
    "precision_at_10": 0.01,
    "precision_at_100": 0.0026,
    "precision_at_1000": 0.00064,
    "precision_at_3": 0.01889,
    "precision_at_5": 0.01533,
    "recall_at_1": 0.03667,
    "recall_at_10": 0.09556,
    "recall_at_100": 0.23661,
    "recall_at_1000": 0.56194,
    "recall_at_3": 0.05667,
    "recall_at_5": 0.07667
  }
}