{
  "dataset_revision": null,
  "mteb_dataset_name": "SICK-R-PL",
  "mteb_version": "1.1.1",
  "test": {
    "cos_sim": {
      "pearson": 0.5318963977592461,
      "spearman": 0.47971838697782987
    },
    "euclidean": {
      "pearson": 0.5418524996938722,
      "spearman": 0.512799829173379
    },
    "evaluation_time": 8.72,
    "manhattan": {
      "pearson": 0.5870762353277956,
      "spearman": 0.545347224466812
    }
  }
}