{
  "dataset_revision": null,
  "mteb_dataset_name": "SICK-E-PL",
  "mteb_version": "1.1.1",
  "test": {
    "cos_sim": {
      "accuracy": 0.7397064818589483,
      "accuracy_threshold": 0.9696855545043945,
      "ap": 0.4965784971834416,
      "f1": 0.5146370023419204,
      "f1_threshold": 0.9233816862106323,
      "precision": 0.43687872763419483,
      "recall": 0.6260683760683761
    },
    "dot": {
      "accuracy": 0.7146351406441093,
      "accuracy_threshold": 3.207927703857422,
      "ap": 0.3251012084322177,
      "f1": 0.45173415342559375,
      "f1_threshold": 1.5313551425933838,
      "precision": 0.29714542593841314,
      "recall": 0.9415954415954416
    },
    "euclidean": {
      "accuracy": 0.7425601304525071,
      "accuracy_threshold": 0.406471848487854,
      "ap": 0.5091087254957923,
      "f1": 0.5355392156862746,
      "f1_threshold": 0.5716866254806519,
      "precision": 0.4698924731182796,
      "recall": 0.6225071225071225
    },
    "evaluation_time": 4.64,
    "manhattan": {
      "accuracy": 0.7403179779861394,
      "accuracy_threshold": 5.129904270172119,
      "ap": 0.5144389154570744,
      "f1": 0.5442260442260443,
      "f1_threshold": 8.585588455200195,
      "precision": 0.47840172786177104,
      "recall": 0.6310541310541311
    },
    "max": {
      "accuracy": 0.7425601304525071,
      "ap": 0.5144389154570744,
      "f1": 0.5442260442260443
    }
  }
}