{
  "dataset_revision": "6d1ba47164174a496b7fa5d3569dae26a6813b80",
  "mteb_dataset_name": "STS22",
  "mteb_version": "1.1.1",
  "test": {
    "evaluation_time": 10.9,
    "pl": {
      "cos_sim": {
        "pearson": -0.08319078583531116,
        "spearman": 0.1702303871400722
      },
      "euclidean": {
        "pearson": -0.07758242286433653,
        "spearman": 0.16920125406850678
      },
      "manhattan": {
        "pearson": -0.04754115288293624,
        "spearman": 0.1810644359927154
      }
    }
  }
}