{
  "dataset_revision": null,
  "mteb_dataset_name": "TRECCOVID-PL",
  "mteb_version": "1.1.1",
  "test": {
    "evaluation_time": 2570.75,
    "map_at_1": 0.00023,
    "map_at_10": 0.00114,
    "map_at_100": 0.00224,
    "map_at_1000": 0.00374,
    "map_at_3": 0.00051,
    "map_at_5": 0.00074,
    "mrr_at_1": 0.1,
    "mrr_at_10": 0.15702,
    "mrr_at_100": 0.17065,
    "mrr_at_1000": 0.17184,
    "mrr_at_3": 0.12667,
    "mrr_at_5": 0.13567,
    "ndcg_at_1": 0.09,
    "ndcg_at_10": 0.06933,
    "ndcg_at_100": 0.0381,
    "ndcg_at_1000": 0.0394,
    "ndcg_at_3": 0.07531,
    "ndcg_at_5": 0.07077,
    "precision_at_1": 0.1,
    "precision_at_10": 0.076,
    "precision_at_100": 0.0374,
    "precision_at_1000": 0.01942,
    "precision_at_3": 0.08,
    "precision_at_5": 0.072,
    "recall_at_1": 0.00023,
    "recall_at_10": 0.00191,
    "recall_at_100": 0.00838,
    "recall_at_1000": 0.0418,
    "recall_at_3": 0.00055,
    "recall_at_5": 0.00092
  }
}