{
  "dataset_revision": "b89853e6de927b0e3bfa8ecc0e56fe4e02ceafc6",
  "mteb_dataset_name": "AllegroReviews",
  "mteb_version": "1.7.49",
  "test": {
    "accuracy": 0.458051689860835,
    "accuracy_stderr": 0.04852442473779297,
    "evaluation_time": 11.77,
    "f1": 0.39465141906801876,
    "f1_stderr": 0.024488668588685175,
    "main_score": 0.458051689860835
  }
}