{
  "dataset_revision": "63fc86750af76253e8c760fc9e534bbf24d260a2",
  "mteb_dataset_name": "ArguAna-PL",
  "mteb_version": "1.7.49",
  "test": {
    "evaluation_time": 53.31,
    "map_at_1": 0.25107,
    "map_at_10": 0.41171,
    "map_at_100": 0.42181,
    "map_at_1000": 0.42194,
    "map_at_20": 0.41951,
    "map_at_3": 0.36166,
    "map_at_5": 0.39097,
    "mrr_at_1": 0.25676,
    "mrr_at_10": 0.41381,
    "mrr_at_100": 0.42391,
    "mrr_at_1000": 0.42404,
    "mrr_at_20": 0.42161,
    "mrr_at_3": 0.36463,
    "mrr_at_5": 0.39283,
    "ndcg_at_1": 0.25107,
    "ndcg_at_10": 0.50089,
    "ndcg_at_100": 0.54346,
    "ndcg_at_1000": 0.54678,
    "ndcg_at_20": 0.52847,
    "ndcg_at_3": 0.39791,
    "ndcg_at_5": 0.45083,
    "precision_at_1": 0.25107,
    "precision_at_10": 0.07859,
    "precision_at_100": 0.00971,
    "precision_at_1000": 0.001,
    "precision_at_20": 0.04467,
    "precision_at_3": 0.16761,
    "precision_at_5": 0.12632,
    "recall_at_1": 0.25107,
    "recall_at_10": 0.78592,
    "recall_at_100": 0.97084,
    "recall_at_1000": 0.99644,
    "recall_at_20": 0.89331,
    "recall_at_3": 0.50284,
    "recall_at_5": 0.63158
  }
}