{
  "dataset_revision": "36ddb419bcffe6a5374c3891957912892916f28d",
  "mteb_dataset_name": "CBD",
  "mteb_version": "1.7.49",
  "test": {
    "accuracy": 0.6923000000000001,
    "accuracy_stderr": 0.034041298447620924,
    "ap": 0.22089221423565855,
    "ap_stderr": 0.02740228436554109,
    "evaluation_time": 12.11,
    "f1": 0.5850980662467052,
    "f1_stderr": 0.03223389606868313,
    "main_score": 0.6923000000000001
  }
}