{
  "dataset_revision": "76afe41d9af165cc40999fcaa92312b8b012064a",
  "mteb_dataset_name": "DBPedia-PL",
  "mteb_version": "1.7.49",
  "test": {
    "evaluation_time": 7112.15,
    "map_at_1": 0.07129,
    "map_at_10": 0.14988,
    "map_at_100": 0.21109,
    "map_at_1000": 0.22471,
    "map_at_20": 0.17347,
    "map_at_3": 0.10923,
    "map_at_5": 0.1275,
    "mrr_at_1": 0.545,
    "mrr_at_10": 0.64466,
    "mrr_at_100": 0.64986,
    "mrr_at_1000": 0.64993,
    "mrr_at_20": 0.64798,
    "mrr_at_3": 0.62792,
    "mrr_at_5": 0.63679,
    "ndcg_at_1": 0.445,
    "ndcg_at_10": 0.33483,
    "ndcg_at_100": 0.37958,
    "ndcg_at_1000": 0.44887,
    "ndcg_at_20": 0.33239,
    "ndcg_at_3": 0.37452,
    "ndcg_at_5": 0.35077,
    "precision_at_1": 0.545,
    "precision_at_10": 0.268,
    "precision_at_100": 0.08933,
    "precision_at_1000": 0.0181,
    "precision_at_20": 0.20587,
    "precision_at_3": 0.40667,
    "precision_at_5": 0.3385,
    "recall_at_1": 0.07129,
    "recall_at_10": 0.20053,
    "recall_at_100": 0.43828,
    "recall_at_1000": 0.65823,
    "recall_at_20": 0.26485,
    "recall_at_3": 0.1255,
    "recall_at_5": 0.15545
  }
}