{
  "dataset_revision": "2e535829717f8bf9dc829b7f911cc5bbd4e6608e",
  "mteb_dataset_name": "FiQA-PL",
  "mteb_version": "1.7.49",
  "test": {
    "evaluation_time": 219.63,
    "map_at_1": 0.16159,
    "map_at_10": 0.25324,
    "map_at_100": 0.26919,
    "map_at_1000": 0.27093,
    "map_at_20": 0.26226,
    "map_at_3": 0.21848,
    "map_at_5": 0.23797,
    "mrr_at_1": 0.3179,
    "mrr_at_10": 0.39793,
    "mrr_at_100": 0.40655,
    "mrr_at_1000": 0.40718,
    "mrr_at_20": 0.40336,
    "mrr_at_3": 0.37423,
    "mrr_at_5": 0.38619,
    "ndcg_at_1": 0.3179,
    "ndcg_at_10": 0.32234,
    "ndcg_at_100": 0.38475,
    "ndcg_at_1000": 0.41985,
    "ndcg_at_20": 0.34742,
    "ndcg_at_3": 0.28799,
    "ndcg_at_5": 0.29954,
    "precision_at_1": 0.3179,
    "precision_at_10": 0.08951,
    "precision_at_100": 0.01517,
    "precision_at_1000": 0.00213,
    "precision_at_20": 0.0544,
    "precision_at_3": 0.18673,
    "precision_at_5": 0.14105,
    "recall_at_1": 0.16159,
    "recall_at_10": 0.38166,
    "recall_at_100": 0.61756,
    "recall_at_1000": 0.83371,
    "recall_at_20": 0.46093,
    "recall_at_3": 0.25881,
    "recall_at_5": 0.31088
  }
}