{
  "dataset_revision": "a0bd479ac97b4ccb5bd6ce320c415d0bb4beb907",
  "mteb_dataset_name": "HotpotQA-PL",
  "mteb_version": "1.7.49",
  "test": {
    "evaluation_time": 8378.1,
    "map_at_1": 0.37238,
    "map_at_10": 0.55464,
    "map_at_100": 0.56316,
    "map_at_1000": 0.56387,
    "map_at_20": 0.55976,
    "map_at_3": 0.52439,
    "map_at_5": 0.54318,
    "mrr_at_1": 0.74477,
    "mrr_at_10": 0.80313,
    "mrr_at_100": 0.80549,
    "mrr_at_1000": 0.80561,
    "mrr_at_20": 0.80464,
    "mrr_at_3": 0.79242,
    "mrr_at_5": 0.79884,
    "ndcg_at_1": 0.74477,
    "ndcg_at_10": 0.64163,
    "ndcg_at_100": 0.67205,
    "ndcg_at_1000": 0.68649,
    "ndcg_at_20": 0.65473,
    "ndcg_at_3": 0.59736,
    "ndcg_at_5": 0.62168,
    "precision_at_1": 0.74477,
    "precision_at_10": 0.13244,
    "precision_at_100": 0.01562,
    "precision_at_1000": 0.00175,
    "precision_at_20": 0.07044,
    "precision_at_3": 0.37614,
    "precision_at_5": 0.24494,
    "recall_at_1": 0.37238,
    "recall_at_10": 0.66219,
    "recall_at_100": 0.78109,
    "recall_at_1000": 0.87718,
    "recall_at_20": 0.70439,
    "recall_at_3": 0.56421,
    "recall_at_5": 0.61236
  }
}