{
  "dataset_revision": "7d571f92784cd94a019292a1f45445077d0ef634",
  "mteb_dataset_name": "MassiveScenarioClassification",
  "mteb_version": "1.7.49",
  "test": {
    "evaluation_time": 11.59,
    "pl": {
      "accuracy": 0.7202757229320781,
      "accuracy_stderr": 0.017227195806479974,
      "f1": 0.7132873198025824,
      "f1_stderr": 0.015357865863999851,
      "main_score": 0.7202757229320781
    }
  }
}