{
  "dataset_revision": "31efe3c427b0bae9c22cbb560b8f15491cc6bed7",
  "mteb_dataset_name": "MassiveIntentClassification",
  "mteb_version": "1.7.49",
  "test": {
    "evaluation_time": 16.64,
    "pl": {
      "accuracy": 0.6790854068594485,
      "accuracy_stderr": 0.01470074589719497,
      "f1": 0.6488948238828398,
      "f1_stderr": 0.011733840349857473,
      "main_score": 0.6790854068594485
    }
  }
}