{
  "dataset_revision": "8634c07806d5cce3a6138e260e59b81760a0a640",
  "mteb_dataset_name": "MSMARCO-PL",
  "mteb_version": "1.7.49",
  "validation": {
    "evaluation_time": 17376.92,
    "map_at_1": 0.14471,
    "map_at_10": 0.23842,
    "map_at_100": 0.25027,
    "map_at_1000": 0.25103,
    "map_at_20": 0.24528,
    "map_at_3": 0.207,
    "map_at_5": 0.22561,
    "mrr_at_1": 0.14957,
    "mrr_at_10": 0.24334,
    "mrr_at_100": 0.25487,
    "mrr_at_1000": 0.25556,
    "mrr_at_20": 0.25006,
    "mrr_at_3": 0.21213,
    "mrr_at_5": 0.2306,
    "ndcg_at_1": 0.14957,
    "ndcg_at_10": 0.29276,
    "ndcg_at_100": 0.35205,
    "ndcg_at_1000": 0.37223,
    "ndcg_at_20": 0.31712,
    "ndcg_at_3": 0.22875,
    "ndcg_at_5": 0.26203,
    "precision_at_1": 0.14957,
    "precision_at_10": 0.04802,
    "precision_at_100": 0.0078,
    "precision_at_1000": 0.00095,
    "precision_at_20": 0.02908,
    "precision_at_3": 0.09914,
    "precision_at_5": 0.07625,
    "recall_at_1": 0.14471,
    "recall_at_10": 0.46057,
    "recall_at_100": 0.73914,
    "recall_at_1000": 0.89611,
    "recall_at_20": 0.55476,
    "recall_at_3": 0.28686,
    "recall_at_5": 0.36691
  }
}