{
  "dataset_revision": "9a6f9567fda928260afed2de480d79c98bf0bec0",
  "mteb_dataset_name": "NFCorpus-PL",
  "mteb_version": "1.7.49",
  "test": {
    "evaluation_time": 27.57,
    "map_at_1": 0.0502,
    "map_at_10": 0.11298,
    "map_at_100": 0.13553,
    "map_at_1000": 0.14702,
    "map_at_20": 0.12219,
    "map_at_3": 0.08232,
    "map_at_5": 0.09605,
    "mrr_at_1": 0.43653,
    "mrr_at_10": 0.51235,
    "mrr_at_100": 0.5189,
    "mrr_at_1000": 0.51942,
    "mrr_at_20": 0.51655,
    "mrr_at_3": 0.49226,
    "mrr_at_5": 0.5017,
    "ndcg_at_1": 0.41176,
    "ndcg_at_10": 0.30648,
    "ndcg_at_100": 0.27086,
    "ndcg_at_1000": 0.35423,
    "ndcg_at_20": 0.28252,
    "ndcg_at_3": 0.3608,
    "ndcg_at_5": 0.338,
    "precision_at_1": 0.43344,
    "precision_at_10": 0.22539,
    "precision_at_100": 0.06616,
    "precision_at_1000": 0.01868,
    "precision_at_20": 0.16378,
    "precision_at_3": 0.33746,
    "precision_at_5": 0.29102,
    "recall_at_1": 0.0502,
    "recall_at_10": 0.15092,
    "recall_at_100": 0.2647,
    "recall_at_1000": 0.56796,
    "recall_at_20": 0.1791,
    "recall_at_3": 0.09235,
    "recall_at_5": 0.11427
  }
}