{
  "dataset_revision": "f171245712cf85dd4700b06bef18001578d0ca8d",
  "mteb_dataset_name": "NQ-PL",
  "mteb_version": "1.7.49",
  "test": {
    "evaluation_time": 6674.4,
    "map_at_1": 0.29143,
    "map_at_10": 0.4241,
    "map_at_100": 0.43441,
    "map_at_1000": 0.43487,
    "map_at_20": 0.43072,
    "map_at_3": 0.38855,
    "map_at_5": 0.40907,
    "mrr_at_1": 0.32764,
    "mrr_at_10": 0.44784,
    "mrr_at_100": 0.45599,
    "mrr_at_1000": 0.45635,
    "mrr_at_20": 0.45314,
    "mrr_at_3": 0.41812,
    "mrr_at_5": 0.43568,
    "ndcg_at_1": 0.32764,
    "ndcg_at_10": 0.48917,
    "ndcg_at_100": 0.53423,
    "ndcg_at_1000": 0.54558,
    "ndcg_at_20": 0.5108,
    "ndcg_at_3": 0.42234,
    "ndcg_at_5": 0.45639,
    "precision_at_1": 0.32764,
    "precision_at_10": 0.07929,
    "precision_at_100": 0.01045,
    "precision_at_1000": 0.00115,
    "precision_at_20": 0.0447,
    "precision_at_3": 0.19032,
    "precision_at_5": 0.13413,
    "recall_at_1": 0.29143,
    "recall_at_10": 0.663,
    "recall_at_100": 0.86131,
    "recall_at_1000": 0.9473,
    "recall_at_20": 0.74336,
    "recall_at_3": 0.49025,
    "recall_at_5": 0.56839
  }
}