{
  "dataset_revision": "fc69d1c153a8ccdcf1eef52f4e2a27f88782f543",
  "mteb_dataset_name": "PAC",
  "mteb_version": "1.7.49",
  "test": {
    "accuracy": 0.6915146249637996,
    "accuracy_stderr": 0.04183495027274085,
    "ap": 0.7715019157011688,
    "ap_stderr": 0.026091328771119266,
    "evaluation_time": 12.01,
    "f1": 0.6639082361339601,
    "f1_stderr": 0.04278004797696575,
    "main_score": 0.6915146249637996
  }
}