{
  "dataset_revision": "6a21ab8716e255ab1867265f8b396105e8aa63d4",
  "mteb_dataset_name": "PolEmo2.0-OUT",
  "mteb_version": "1.7.49",
  "test": {
    "accuracy": 0.493927125506073,
    "accuracy_stderr": 0.0402523632796178,
    "evaluation_time": 10.16,
    "f1": 0.40771405008777917,
    "f1_stderr": 0.02756469822789499,
    "main_score": 0.493927125506073
  }
}