{
  "dataset_revision": "2c7d2df57801a591f6b1e3aaf042e7a04ec7d9f2",
  "mteb_dataset_name": "PPC",
  "mteb_version": "1.7.49",
  "test": {
    "cos_sim": {
      "accuracy": 0.822,
      "accuracy_threshold": 0.8657274017302032,
      "ap": 0.9229287647464843,
      "f1": 0.8524046434494195,
      "f1_threshold": 0.8638702095359847,
      "precision": 0.8538205980066446,
      "recall": 0.8509933774834437
    },
    "dot": {
      "accuracy": 0.822,
      "accuracy_threshold": 0.8642578125,
      "ap": 0.9225376117327637,
      "f1": 0.8526490066225165,
      "f1_threshold": 0.86328125,
      "precision": 0.8526490066225165,
      "recall": 0.8526490066225165
    },
    "euclidean": {
      "accuracy": 0.822,
      "accuracy_threshold": 0.5182122037662749,
      "ap": 0.9229325338237617,
      "f1": 0.8524046434494195,
      "f1_threshold": 0.5217993249826949,
      "precision": 0.8538205980066446,
      "recall": 0.8509933774834437
    },
    "evaluation_time": 2.29,
    "manhattan": {
      "accuracy": 0.819,
      "accuracy_threshold": 12.970185488462448,
      "ap": 0.9220839810984988,
      "f1": 0.8507831821929102,
      "f1_threshold": 13.198163956403732,
      "precision": 0.8472906403940886,
      "recall": 0.8543046357615894
    },
    "max": {
      "accuracy": 0.822,
      "ap": 0.9229325338237617,
      "f1": 0.8526490066225165
    }
  }
}