{
  "dataset_revision": "d05a294af9e1d3ff2bfb6b714e08a24a6cabc669",
  "mteb_dataset_name": "PSC",
  "mteb_version": "1.7.49",
  "test": {
    "cos_sim": {
      "accuracy": 0.9786641929499073,
      "accuracy_threshold": 0.6111069525390034,
      "ap": 0.991713471679972,
      "f1": 0.9647779479326186,
      "f1_threshold": 0.6111069525390034,
      "precision": 0.9692307692307692,
      "recall": 0.9603658536585366
    },
    "dot": {
      "accuracy": 0.9786641929499073,
      "accuracy_threshold": 0.611328125,
      "ap": 0.9916961534679384,
      "f1": 0.9647779479326186,
      "f1_threshold": 0.611328125,
      "precision": 0.9692307692307692,
      "recall": 0.9603658536585366
    },
    "euclidean": {
      "accuracy": 0.9786641929499073,
      "accuracy_threshold": 0.8819660367895996,
      "ap": 0.9917170434676342,
      "f1": 0.9647779479326186,
      "f1_threshold": 0.8819660367895996,
      "precision": 0.9692307692307692,
      "recall": 0.9603658536585366
    },
    "evaluation_time": 4.24,
    "manhattan": {
      "accuracy": 0.9795918367346939,
      "accuracy_threshold": 22.840848833322525,
      "ap": 0.9916728233385846,
      "f1": 0.9668674698795181,
      "f1_threshold": 22.840848833322525,
      "precision": 0.9553571428571429,
      "recall": 0.9786585365853658
    },
    "max": {
      "accuracy": 0.9795918367346939,
      "ap": 0.9917170434676342,
      "f1": 0.9668674698795181
    }
  }
}