{
  "dataset_revision": "0be27e93455051e531182b85e85e425aba12e9d4",
  "mteb_dataset_name": "Quora-PL",
  "mteb_version": "1.7.49",
  "test": {
    "evaluation_time": 374.67,
    "map_at_1": 0.65309,
    "map_at_10": 0.79031,
    "map_at_100": 0.79755,
    "map_at_1000": 0.79779,
    "map_at_20": 0.7949,
    "map_at_3": 0.75883,
    "map_at_5": 0.77825,
    "mrr_at_1": 0.752,
    "mrr_at_10": 0.82358,
    "mrr_at_100": 0.82544,
    "mrr_at_1000": 0.82548,
    "mrr_at_20": 0.82484,
    "mrr_at_3": 0.81057,
    "mrr_at_5": 0.81899,
    "ndcg_at_1": 0.7532,
    "ndcg_at_10": 0.83418,
    "ndcg_at_100": 0.8515,
    "ndcg_at_1000": 0.85376,
    "ndcg_at_20": 0.8428,
    "ndcg_at_3": 0.79865,
    "ndcg_at_5": 0.81753,
    "precision_at_1": 0.7532,
    "precision_at_10": 0.12822,
    "precision_at_100": 0.01501,
    "precision_at_1000": 0.00156,
    "precision_at_20": 0.06863,
    "precision_at_3": 0.35073,
    "precision_at_5": 0.23236,
    "recall_at_1": 0.65309,
    "recall_at_10": 0.92214,
    "recall_at_100": 0.98543,
    "recall_at_1000": 0.99787,
    "recall_at_20": 0.9503,
    "recall_at_3": 0.82179,
    "recall_at_5": 0.87347
  }
}