{
  "dataset_revision": "45452b03f05560207ef19149545f168e596c9337",
  "mteb_dataset_name": "SCIDOCS-PL",
  "mteb_version": "1.7.49",
  "test": {
    "evaluation_time": 148.99,
    "map_at_1": 0.03228,
    "map_at_10": 0.08284,
    "map_at_100": 0.09811,
    "map_at_1000": 0.10051,
    "map_at_20": 0.0902,
    "map_at_3": 0.06083,
    "map_at_5": 0.07224,
    "mrr_at_1": 0.159,
    "mrr_at_10": 0.25414,
    "mrr_at_100": 0.26529,
    "mrr_at_1000": 0.26609,
    "mrr_at_20": 0.2603,
    "mrr_at_3": 0.22583,
    "mrr_at_5": 0.24228,
    "ndcg_at_1": 0.159,
    "ndcg_at_10": 0.14435,
    "ndcg_at_100": 0.21034,
    "ndcg_at_1000": 0.25913,
    "ndcg_at_20": 0.16578,
    "ndcg_at_3": 0.13875,
    "ndcg_at_5": 0.12135,
    "precision_at_1": 0.159,
    "precision_at_10": 0.075,
    "precision_at_100": 0.01711,
    "precision_at_1000": 0.00289,
    "precision_at_20": 0.04995,
    "precision_at_3": 0.13233,
    "precision_at_5": 0.1082,
    "recall_at_1": 0.03228,
    "recall_at_10": 0.15225,
    "recall_at_100": 0.34743,
    "recall_at_1000": 0.58678,
    "recall_at_20": 0.20245,
    "recall_at_3": 0.08043,
    "recall_at_5": 0.10972
  }
}