{
  "dataset_revision": "4755de8baebc07bed0c60cec9f796e9a346600cb",
  "mteb_dataset_name": "SciDefRetrieval",
  "mteb_version": "1.7.49",
  "test": {
    "evaluation_time": 3.98,
    "map_at_1": 0.69514,
    "map_at_10": 0.7652,
    "map_at_100": 0.76845,
    "map_at_1000": 0.76865,
    "map_at_20": 0.76724,
    "map_at_3": 0.75209,
    "map_at_5": 0.76159,
    "mrr_at_1": 0.69514,
    "mrr_at_10": 0.7652,
    "mrr_at_100": 0.76845,
    "mrr_at_1000": 0.76865,
    "mrr_at_20": 0.76724,
    "mrr_at_3": 0.75209,
    "mrr_at_5": 0.76159,
    "ndcg_at_1": 0.69514,
    "ndcg_at_10": 0.79616,
    "ndcg_at_100": 0.81155,
    "ndcg_at_1000": 0.81653,
    "ndcg_at_20": 0.8036,
    "ndcg_at_3": 0.77074,
    "ndcg_at_5": 0.78779,
    "precision_at_1": 0.69514,
    "precision_at_10": 0.0891,
    "precision_at_100": 0.00962,
    "precision_at_1000": 0.001,
    "precision_at_20": 0.04602,
    "precision_at_3": 0.27491,
    "precision_at_5": 0.1732,
    "recall_at_1": 0.69514,
    "recall_at_10": 0.89102,
    "recall_at_100": 0.96171,
    "recall_at_1000": 1.0,
    "recall_at_20": 0.92047,
    "recall_at_3": 0.82474,
    "recall_at_5": 0.86598
  }
}