{
  "dataset_revision": "8064b4442da038aa0482a2542370f9a2441cc50a",
  "mteb_dataset_name": "SciField",
  "mteb_version": "1.7.49",
  "test": {
    "accuracy": 0.802990264255911,
    "accuracy_stderr": 0.0265443674258617,
    "evaluation_time": 16.02,
    "f1": 0.7996645099552236,
    "f1_stderr": 0.027966242646397466,
    "main_score": 0.802990264255911
  }
}