{
  "dataset_revision": "47932a35f045ef8ed01ba82bf9ff67f6e109207e",
  "mteb_dataset_name": "SciFact-PL",
  "mteb_version": "1.7.49",
  "test": {
    "evaluation_time": 37.37,
    "map_at_1": 0.46833,
    "map_at_10": 0.56269,
    "map_at_100": 0.57076,
    "map_at_1000": 0.57111,
    "map_at_20": 0.56851,
    "map_at_3": 0.53864,
    "map_at_5": 0.54953,
    "mrr_at_1": 0.49333,
    "mrr_at_10": 0.57574,
    "mrr_at_100": 0.58278,
    "mrr_at_1000": 0.58307,
    "mrr_at_20": 0.58082,
    "mrr_at_3": 0.55778,
    "mrr_at_5": 0.56661,
    "ndcg_at_1": 0.49333,
    "ndcg_at_10": 0.60827,
    "ndcg_at_100": 0.64355,
    "ndcg_at_1000": 0.6541,
    "ndcg_at_20": 0.62814,
    "ndcg_at_3": 0.56655,
    "ndcg_at_5": 0.58236,
    "precision_at_1": 0.49333,
    "precision_at_10": 0.08333,
    "precision_at_100": 0.01013,
    "precision_at_1000": 0.00111,
    "precision_at_20": 0.046,
    "precision_at_3": 0.22556,
    "precision_at_5": 0.14667,
    "recall_at_1": 0.46833,
    "recall_at_10": 0.73422,
    "recall_at_100": 0.891,
    "recall_at_1000": 0.97667,
    "recall_at_20": 0.81033,
    "recall_at_3": 0.61822,
    "recall_at_5": 0.66028
  }
}