{
  "dataset_revision": "fd5c2441b7eeff8676768036142af4cfa42c1339",
  "mteb_dataset_name": "SICK-R-PL",
  "mteb_version": "1.7.49",
  "test": {
    "cos_sim": {
      "pearson": 0.7792638486123938,
      "spearman": 0.7453951343172555
    },
    "euclidean": {
      "pearson": 0.7568002272862494,
      "spearman": 0.7453960806005542
    },
    "evaluation_time": 6.94,
    "manhattan": {
      "pearson": 0.7567823348266982,
      "spearman": 0.7451475642774085
    }
  }
}