{
  "dataset_revision": "71bba34b0ece6c56dfcf46d9758a27f7a90f17e9",
  "mteb_dataset_name": "SICK-E-PL",
  "mteb_version": "1.7.49",
  "test": {
    "cos_sim": {
      "accuracy": 0.8326538931920098,
      "accuracy_threshold": 0.9102463235814904,
      "ap": 0.773940141373413,
      "f1": 0.6955040871934606,
      "f1_threshold": 0.8631442204922279,
      "precision": 0.6664490861618799,
      "recall": 0.7272079772079773
    },
    "dot": {
      "accuracy": 0.8324500611496127,
      "accuracy_threshold": 0.91015625,
      "ap": 0.7735475347265639,
      "f1": 0.6958029830038154,
      "f1_threshold": 0.8671875,
      "precision": 0.6781609195402298,
      "recall": 0.7143874643874644
    },
    "euclidean": {
      "accuracy": 0.8326538931920098,
      "accuracy_threshold": 0.4237412491735507,
      "ap": 0.7739281164215538,
      "f1": 0.6955040871934606,
      "f1_threshold": 0.5231561991218123,
      "precision": 0.6664490861618799,
      "recall": 0.7272079772079773
    },
    "evaluation_time": 5.51,
    "manhattan": {
      "accuracy": 0.8318385650224215,
      "accuracy_threshold": 10.92638823390007,
      "ap": 0.7730867494905382,
      "f1": 0.6962504299965601,
      "f1_threshold": 13.130075305700302,
      "precision": 0.6733200266134398,
      "recall": 0.7207977207977208
    },
    "max": {
      "accuracy": 0.8326538931920098,
      "ap": 0.773940141373413,
      "f1": 0.6962504299965601
    }
  }
}