{
  "dataset_revision": "eea2b4fe26a775864c896887d910b76a8098ad3f",
  "mteb_dataset_name": "STS22",
  "mteb_version": "1.7.49",
  "test": {
    "evaluation_time": 3.16,
    "pl": {
      "cos_sim": {
        "pearson": 0.40662078316997324,
        "spearman": 0.4281961699415263
      },
      "euclidean": {
        "pearson": 0.27803873333535783,
        "spearman": 0.4281961699415263
      },
      "manhattan": {
        "pearson": 0.2789950100114257,
        "spearman": 0.4275491947174701
      }
    }
  }
}