{
  "dataset_revision": "81bcb408f33366c2a20ac54adafad1ae7e877fdd",
  "mteb_dataset_name": "TRECCOVID-PL",
  "mteb_version": "1.7.49",
  "test": {
    "evaluation_time": 890.12,
    "map_at_1": 0.00173,
    "map_at_10": 0.01066,
    "map_at_100": 0.05563,
    "map_at_1000": 0.14777,
    "map_at_20": 0.01797,
    "map_at_3": 0.00423,
    "map_at_5": 0.0068,
    "mrr_at_1": 0.56,
    "mrr_at_10": 0.69152,
    "mrr_at_100": 0.69649,
    "mrr_at_1000": 0.69649,
    "mrr_at_20": 0.69649,
    "mrr_at_3": 0.66333,
    "mrr_at_5": 0.68333,
    "ndcg_at_1": 0.55,
    "ndcg_at_10": 0.48775,
    "ndcg_at_100": 0.39196,
    "ndcg_at_1000": 0.38479,
    "ndcg_at_20": 0.46719,
    "ndcg_at_3": 0.53184,
    "ndcg_at_5": 0.52522,
    "precision_at_1": 0.58,
    "precision_at_10": 0.512,
    "precision_at_100": 0.4066,
    "precision_at_1000": 0.17802,
    "precision_at_20": 0.492,
    "precision_at_3": 0.54667,
    "precision_at_5": 0.56,
    "recall_at_1": 0.00173,
    "recall_at_10": 0.01328,
    "recall_at_100": 0.09257,
    "recall_at_1000": 0.37243,
    "recall_at_20": 0.02455,
    "recall_at_3": 0.00464,
    "recall_at_5": 0.00786
  }
}