{
  "dataset_revision": null,
  "mteb_dataset_name": "AllegroReviews",
  "mteb_version": "1.1.1",
  "test": {
    "accuracy": 0.40854870775347907,
    "accuracy_stderr": 0.036854471614572365,
    "evaluation_time": 3.28,
    "f1": 0.35493988815634425,
    "f1_stderr": 0.019041488747769047,
    "main_score": 0.40854870775347907
  }
}