{
  "dataset_revision": null,
  "mteb_dataset_name": "ArguAna-PL",
  "mteb_version": "1.1.1",
  "test": {
    "evaluation_time": 24.04,
    "map_at_1": 0.19915,
    "map_at_10": 0.34435,
    "map_at_100": 0.35732,
    "map_at_1000": 0.35752,
    "map_at_3": 0.29801,
    "map_at_5": 0.32336,
    "mrr_at_1": 0.20839,
    "mrr_at_10": 0.34783,
    "mrr_at_100": 0.36088,
    "mrr_at_1000": 0.36107,
    "mrr_at_3": 0.30145,
    "mrr_at_5": 0.32645,
    "ndcg_at_1": 0.19915,
    "ndcg_at_10": 0.42809,
    "ndcg_at_100": 0.48585,
    "ndcg_at_1000": 0.49061,
    "ndcg_at_3": 0.33169,
    "ndcg_at_5": 0.37753,
    "precision_at_1": 0.19915,
    "precision_at_10": 0.0697,
    "precision_at_100": 0.00956,
    "precision_at_1000": 0.00099,
    "precision_at_3": 0.1432,
    "precision_at_5": 0.10825,
    "recall_at_1": 0.19915,
    "recall_at_10": 0.69701,
    "recall_at_100": 0.9559,
    "recall_at_1000": 0.99218,
    "recall_at_3": 0.42959,
    "recall_at_5": 0.54125
  }
}