{
  "dataset_revision": null,
  "mteb_dataset_name": "CBD",
  "mteb_version": "1.1.1",
  "test": {
    "accuracy": 0.6266,
    "accuracy_stderr": 0.05931643954250794,
    "ap": 0.18886540424461457,
    "ap_stderr": 0.02048522009186582,
    "evaluation_time": 7.93,
    "f1": 0.5312289272289292,
    "f1_stderr": 0.03748639000250074,
    "main_score": 0.6266
  }
}