{
  "dataset_revision": null,
  "mteb_dataset_name": "CDSC-E",
  "mteb_version": "1.1.1",
  "test": {
    "cos_sim": {
      "accuracy": 0.886,
      "accuracy_threshold": 0.9829718470573425,
      "ap": 0.7266746445505622,
      "f1": 0.6495726495726497,
      "f1_threshold": 0.9722315073013306,
      "precision": 0.7080745341614907,
      "recall": 0.6
    },
    "dot": {
      "accuracy": 0.886,
      "accuracy_threshold": 0.9829717874526978,
      "ap": 0.7266746445505622,
      "f1": 0.6495726495726497,
      "f1_threshold": 0.9722315073013306,
      "precision": 0.7080745341614907,
      "recall": 0.6
    },
    "euclidean": {
      "accuracy": 0.886,
      "accuracy_threshold": 0.18454304337501526,
      "ap": 0.7266746445505622,
      "f1": 0.6495726495726497,
      "f1_threshold": 0.23566246032714844,
      "precision": 0.7080745341614907,
      "recall": 0.6
    },
    "evaluation_time": 0.69,
    "manhattan": {
      "accuracy": 0.885,
      "accuracy_threshold": 4.482809066772461,
      "ap": 0.7254677400382653,
      "f1": 0.6461538461538462,
      "f1_threshold": 4.778437614440918,
      "precision": 0.7777777777777778,
      "recall": 0.5526315789473685
    },
    "max": {
      "accuracy": 0.886,
      "ap": 0.7266746445505622,
      "f1": 0.6495726495726497
    }
  }
}