{
  "dataset_revision": null,
  "mteb_dataset_name": "CDSC-R",
  "mteb_version": "1.1.1",
  "test": {
    "cos_sim": {
      "pearson": 0.8998329410939362,
      "spearman": 0.9008095785607231
    },
    "euclidean": {
      "pearson": 0.8842046786883624,
      "spearman": 0.9008095785607231
    },
    "evaluation_time": 1.15,
    "manhattan": {
      "pearson": 0.8848742440463421,
      "spearman": 0.9010918214551464
    }
  }
}