{
  "dataset_revision": null,
  "mteb_dataset_name": "DBPedia-PL",
  "mteb_version": "1.1.1",
  "test": {
    "evaluation_time": 3669.5,
    "map_at_1": 0.07149,
    "map_at_10": 0.13631,
    "map_at_100": 0.1872,
    "map_at_1000": 0.19919,
    "map_at_3": 0.10271,
    "map_at_5": 0.11706,
    "mrr_at_1": 0.5225,
    "mrr_at_10": 0.60581,
    "mrr_at_100": 0.61005,
    "mrr_at_1000": 0.61043,
    "mrr_at_3": 0.58375,
    "mrr_at_5": 0.59788,
    "ndcg_at_1": 0.42375,
    "ndcg_at_10": 0.30226,
    "ndcg_at_100": 0.33733,
    "ndcg_at_1000": 0.40535,
    "ndcg_at_3": 0.3448,
    "ndcg_at_5": 0.32053,
    "precision_at_1": 0.5225,
    "precision_at_10": 0.234,
    "precision_at_100": 0.07413,
    "precision_at_1000": 0.01485,
    "precision_at_3": 0.36417,
    "precision_at_5": 0.3045,
    "recall_at_1": 0.07149,
    "recall_at_10": 0.17906,
    "recall_at_100": 0.38215,
    "recall_at_1000": 0.60893,
    "recall_at_3": 0.11264,
    "recall_at_5": 0.13934
  }
}