{
  "dataset_revision": null,
  "mteb_dataset_name": "FiQA-PL",
  "mteb_version": "1.1.1",
  "test": {
    "evaluation_time": 110.71,
    "map_at_1": 0.12896,
    "map_at_10": 0.19524,
    "map_at_100": 0.20932,
    "map_at_1000": 0.21126,
    "map_at_3": 0.16946,
    "map_at_5": 0.18198,
    "mrr_at_1": 0.25926,
    "mrr_at_10": 0.32843,
    "mrr_at_100": 0.33751,
    "mrr_at_1000": 0.33835,
    "mrr_at_3": 0.30736,
    "mrr_at_5": 0.318,
    "ndcg_at_1": 0.25926,
    "ndcg_at_10": 0.25522,
    "ndcg_at_100": 0.31624,
    "ndcg_at_1000": 0.35735,
    "ndcg_at_3": 0.22779,
    "ndcg_at_5": 0.23355,
    "precision_at_1": 0.25926,
    "precision_at_10": 0.07145,
    "precision_at_100": 0.01319,
    "precision_at_1000": 0.00203,
    "precision_at_3": 0.15072,
    "precision_at_5": 0.11019,
    "recall_at_1": 0.12896,
    "recall_at_10": 0.30399,
    "recall_at_100": 0.53912,
    "recall_at_1000": 0.79627,
    "recall_at_3": 0.20119,
    "recall_at_5": 0.2389
  }
}