{
  "dataset_revision": null,
  "mteb_dataset_name": "HotpotQA-PL",
  "mteb_version": "1.1.1",
  "test": {
    "evaluation_time": 4321.37,
    "map_at_1": 0.3682,
    "map_at_10": 0.54862,
    "map_at_100": 0.55717,
    "map_at_1000": 0.55785,
    "map_at_3": 0.52115,
    "map_at_5": 0.53806,
    "mrr_at_1": 0.73639,
    "mrr_at_10": 0.79728,
    "mrr_at_100": 0.79962,
    "mrr_at_1000": 0.79974,
    "mrr_at_3": 0.78656,
    "mrr_at_5": 0.79294,
    "ndcg_at_1": 0.73639,
    "ndcg_at_10": 0.63516,
    "ndcg_at_100": 0.66588,
    "ndcg_at_1000": 0.67997,
    "ndcg_at_3": 0.59414,
    "ndcg_at_5": 0.61621,
    "precision_at_1": 0.73639,
    "precision_at_10": 0.13084,
    "precision_at_100": 0.01549,
    "precision_at_1000": 0.00174,
    "precision_at_3": 0.37529,
    "precision_at_5": 0.24254,
    "recall_at_1": 0.3682,
    "recall_at_10": 0.65422,
    "recall_at_100": 0.77475,
    "recall_at_1000": 0.86867,
    "recall_at_3": 0.56293,
    "recall_at_5": 0.60635
  }
}