{
  "dataset_revision": "31efe3c427b0bae9c22cbb560b8f15491cc6bed7",
  "mteb_dataset_name": "MassiveIntentClassification",
  "mteb_version": "1.1.1",
  "test": {
    "evaluation_time": 17.11,
    "pl": {
      "accuracy": 0.6103564223268326,
      "accuracy_stderr": 0.014510004014813699,
      "f1": 0.5688427712204105,
      "f1_stderr": 0.012320484940197371,
      "main_score": 0.6103564223268326
    }
  }
}