{
  "dataset_revision": "7d571f92784cd94a019292a1f45445077d0ef634",
  "mteb_dataset_name": "MassiveScenarioClassification",
  "mteb_version": "1.1.1",
  "test": {
    "evaluation_time": 3.28,
    "pl": {
      "accuracy": 0.6610625420309347,
      "accuracy_stderr": 0.026201425337966565,
      "f1": 0.6485910156447909,
      "f1_stderr": 0.02718978214577894,
      "main_score": 0.6610625420309347
    }
  }
}