{
  "dataset_revision": null,
  "mteb_dataset_name": "MSMARCO-PL",
  "mteb_version": "1.1.1",
  "validation": {
    "evaluation_time": 8984.49,
    "map_at_1": 0.15491,
    "map_at_10": 0.24398,
    "map_at_100": 0.25549,
    "map_at_1000": 0.2562,
    "map_at_3": 0.21559,
    "map_at_5": 0.23105,
    "mrr_at_1": 0.16046,
    "mrr_at_10": 0.24944,
    "mrr_at_100": 0.26058,
    "mrr_at_1000": 0.26125,
    "mrr_at_3": 0.22147,
    "mrr_at_5": 0.23658,
    "ndcg_at_1": 0.16046,
    "ndcg_at_10": 0.2952,
    "ndcg_at_100": 0.3529,
    "ndcg_at_1000": 0.37206,
    "ndcg_at_3": 0.23678,
    "ndcg_at_5": 0.26429,
    "precision_at_1": 0.16046,
    "precision_at_10": 0.04732,
    "precision_at_100": 0.00766,
    "precision_at_1000": 0.00093,
    "precision_at_3": 0.10124,
    "precision_at_5": 0.07461,
    "recall_at_1": 0.15491,
    "recall_at_10": 0.45254,
    "recall_at_100": 0.72418,
    "recall_at_1000": 0.87373,
    "recall_at_3": 0.2926,
    "recall_at_5": 0.35864
  }
}