{
  "dataset_revision": null,
  "mteb_dataset_name": "NFCorpus-PL",
  "mteb_version": "1.1.1",
  "test": {
    "evaluation_time": 13.52,
    "map_at_1": 0.04253,
    "map_at_10": 0.08905,
    "map_at_100": 0.11089,
    "map_at_1000": 0.12136,
    "map_at_3": 0.06621,
    "map_at_5": 0.07752,
    "mrr_at_1": 0.37771,
    "mrr_at_10": 0.45079,
    "mrr_at_100": 0.45876,
    "mrr_at_1000": 0.4592,
    "mrr_at_3": 0.42776,
    "mrr_at_5": 0.44061,
    "ndcg_at_1": 0.35449,
    "ndcg_at_10": 0.25978,
    "ndcg_at_100": 0.23881,
    "ndcg_at_1000": 0.32089,
    "ndcg_at_3": 0.30568,
    "ndcg_at_5": 0.2929,
    "precision_at_1": 0.37152,
    "precision_at_10": 0.19164,
    "precision_at_100": 0.06065,
    "precision_at_1000": 0.01784,
    "precision_at_3": 0.28689,
    "precision_at_5": 0.25697,
    "recall_at_1": 0.04253,
    "recall_at_10": 0.11725,
    "recall_at_100": 0.25346,
    "recall_at_1000": 0.54083,
    "recall_at_3": 0.07271,
    "recall_at_5": 0.09111
  }
}