{
  "dataset_revision": null,
  "mteb_dataset_name": "NQ-PL",
  "mteb_version": "1.1.1",
  "test": {
    "evaluation_time": 3442.72,
    "map_at_1": 0.26222,
    "map_at_10": 0.38483,
    "map_at_100": 0.39456,
    "map_at_1000": 0.39509,
    "map_at_3": 0.35005,
    "map_at_5": 0.3708,
    "mrr_at_1": 0.29519,
    "mrr_at_10": 0.40736,
    "mrr_at_100": 0.41528,
    "mrr_at_1000": 0.41569,
    "mrr_at_3": 0.37741,
    "mrr_at_5": 0.3953,
    "ndcg_at_1": 0.29519,
    "ndcg_at_10": 0.44803,
    "ndcg_at_100": 0.49257,
    "ndcg_at_1000": 0.50602,
    "ndcg_at_3": 0.3819,
    "ndcg_at_5": 0.41668,
    "precision_at_1": 0.29519,
    "precision_at_10": 0.07338,
    "precision_at_100": 0.00989,
    "precision_at_1000": 0.00112,
    "precision_at_3": 0.17314,
    "precision_at_5": 0.1237,
    "recall_at_1": 0.26222,
    "recall_at_10": 0.61868,
    "recall_at_100": 0.81771,
    "recall_at_1000": 0.91927,
    "recall_at_3": 0.44658,
    "recall_at_5": 0.52735
  }
}