{
  "dataset_revision": null,
  "mteb_dataset_name": "PAC",
  "mteb_version": "1.1.1",
  "test": {
    "accuracy": 0.7086880973066898,
    "accuracy_stderr": 0.030273846517497108,
    "ap": 0.778294914233475,
    "ap_stderr": 0.02367882572603611,
    "evaluation_time": 3.13,
    "f1": 0.6788233611068369,
    "f1_stderr": 0.033814974137605786,
    "main_score": 0.7086880973066898
  }
}