{
  "dataset_revision": null,
  "mteb_dataset_name": "PolEmo2.0-IN",
  "mteb_version": "1.1.1",
  "test": {
    "accuracy": 0.6765927977839336,
    "accuracy_stderr": 0.05214548084803837,
    "evaluation_time": 3.67,
    "f1": 0.6665833788075941,
    "f1_stderr": 0.04612115156122494,
    "main_score": 0.6765927977839336
  }
}