{
  "dataset_revision": null,
  "mteb_dataset_name": "PolEmo2.0-OUT",
  "mteb_version": "1.1.1",
  "test": {
    "accuracy": 0.43906882591093127,
    "accuracy_stderr": 0.06035274966374734,
    "evaluation_time": 2.87,
    "f1": 0.36247633383356526,
    "f1_stderr": 0.0358576406916346,
    "main_score": 0.43906882591093127
  }
}