{
  "dataset_revision": null,
  "mteb_dataset_name": "PPC",
  "mteb_version": "1.1.1",
  "test": {
    "cos_sim": {
      "accuracy": 0.77,
      "accuracy_threshold": 0.9578814506530762,
      "ap": 0.8801297290722654,
      "f1": 0.8088235294117646,
      "f1_threshold": 0.9544734954833984,
      "precision": 0.7983870967741935,
      "recall": 0.8195364238410596
    },
    "dot": {
      "accuracy": 0.77,
      "accuracy_threshold": 0.957881510257721,
      "ap": 0.8801297290722654,
      "f1": 0.8088235294117646,
      "f1_threshold": 0.9544734954833984,
      "precision": 0.7983870967741935,
      "recall": 0.8195364238410596
    },
    "euclidean": {
      "accuracy": 0.77,
      "accuracy_threshold": 0.29023629426956177,
      "ap": 0.8801297290722654,
      "f1": 0.8088235294117646,
      "f1_threshold": 0.3017500042915344,
      "precision": 0.7983870967741935,
      "recall": 0.8195364238410596
    },
    "evaluation_time": 1.31,
    "manhattan": {
      "accuracy": 0.77,
      "accuracy_threshold": 6.385583877563477,
      "ap": 0.8798490985681612,
      "f1": 0.807131280388979,
      "f1_threshold": 6.715773105621338,
      "precision": 0.7904761904761904,
      "recall": 0.8245033112582781
    },
    "max": {
      "accuracy": 0.77,
      "ap": 0.8801297290722654,
      "f1": 0.8088235294117646
    }
  }
}