{
  "dataset_revision": null,
  "mteb_dataset_name": "PSC",
  "mteb_version": "1.1.1",
  "test": {
    "cos_sim": {
      "accuracy": 0.9758812615955473,
      "accuracy_threshold": 0.879205048084259,
      "ap": 0.9914177780551108,
      "f1": 0.9608433734939757,
      "f1_threshold": 0.879205048084259,
      "precision": 0.9494047619047619,
      "recall": 0.9725609756097561
    },
    "dot": {
      "accuracy": 0.9758812615955473,
      "accuracy_threshold": 0.879205048084259,
      "ap": 0.9914177780551108,
      "f1": 0.9608433734939757,
      "f1_threshold": 0.879205048084259,
      "precision": 0.9494047619047619,
      "recall": 0.9725609756097561
    },
    "euclidean": {
      "accuracy": 0.9758812615955473,
      "accuracy_threshold": 0.4915176033973694,
      "ap": 0.9914177780551108,
      "f1": 0.9608433734939757,
      "f1_threshold": 0.4915176033973694,
      "precision": 0.9494047619047619,
      "recall": 0.9725609756097561
    },
    "evaluation_time": 1.81,
    "manhattan": {
      "accuracy": 0.9730983302411874,
      "accuracy_threshold": 10.854864120483398,
      "ap": 0.9910225810019844,
      "f1": 0.9561270801815432,
      "f1_threshold": 10.854864120483398,
      "precision": 0.948948948948949,
      "recall": 0.9634146341463414
    },
    "max": {
      "accuracy": 0.9758812615955473,
      "ap": 0.9914177780551108,
      "f1": 0.9608433734939757
    }
  }
}