{
  "dataset_revision": null,
  "mteb_dataset_name": "Quora-PL",
  "mteb_version": "1.1.1",
  "test": {
    "evaluation_time": 205.05,
    "map_at_1": 0.62794,
    "map_at_10": 0.76571,
    "map_at_100": 0.77359,
    "map_at_1000": 0.77386,
    "map_at_3": 0.73377,
    "map_at_5": 0.75401,
    "mrr_at_1": 0.7253,
    "mrr_at_10": 0.80205,
    "mrr_at_100": 0.80439,
    "mrr_at_1000": 0.80444,
    "mrr_at_3": 0.78712,
    "mrr_at_5": 0.79729,
    "ndcg_at_1": 0.7248,
    "ndcg_at_10": 0.81219,
    "ndcg_at_100": 0.83213,
    "ndcg_at_1000": 0.83497,
    "ndcg_at_3": 0.77426,
    "ndcg_at_5": 0.7957,
    "precision_at_1": 0.7248,
    "precision_at_10": 0.12504,
    "precision_at_100": 0.01484,
    "precision_at_1000": 0.00155,
    "precision_at_3": 0.33983,
    "precision_at_5": 0.2269,
    "recall_at_1": 0.62794,
    "recall_at_10": 0.90653,
    "recall_at_100": 0.98021,
    "recall_at_1000": 0.99643,
    "recall_at_3": 0.80103,
    "recall_at_5": 0.85804
  }
}