{
  "dataset_revision": null,
  "mteb_dataset_name": "SCIDOCS-PL",
  "mteb_version": "1.1.1",
  "test": {
    "evaluation_time": 73.32,
    "map_at_1": 0.03013,
    "map_at_10": 0.07053,
    "map_at_100": 0.08344,
    "map_at_1000": 0.08573,
    "map_at_3": 0.05303,
    "map_at_5": 0.06118,
    "mrr_at_1": 0.149,
    "mrr_at_10": 0.22242,
    "mrr_at_100": 0.2335,
    "mrr_at_1000": 0.23443,
    "mrr_at_3": 0.19767,
    "mrr_at_5": 0.21037,
    "ndcg_at_1": 0.149,
    "ndcg_at_10": 0.12355,
    "ndcg_at_100": 0.18344,
    "ndcg_at_1000": 0.23405,
    "ndcg_at_3": 0.12023,
    "ndcg_at_5": 0.10221,
    "precision_at_1": 0.149,
    "precision_at_10": 0.0635,
    "precision_at_100": 0.01515,
    "precision_at_1000": 0.00274,
    "precision_at_3": 0.11267,
    "precision_at_5": 0.0886,
    "recall_at_1": 0.03013,
    "recall_at_10": 0.12858,
    "recall_at_100": 0.30702,
    "recall_at_1000": 0.5575,
    "recall_at_3": 0.06838,
    "recall_at_5": 0.08948
  }
}