{
  "dataset_revision": "4755de8baebc07bed0c60cec9f796e9a346600cb",
  "mteb_dataset_name": "SciDefRetrieval",
  "mteb_version": "1.7.49",
  "test": {
    "evaluation_time": 2.08,
    "map_at_1": 0.69514,
    "map_at_10": 0.76455,
    "map_at_100": 0.76784,
    "map_at_1000": 0.76797,
    "map_at_20": 0.76676,
    "map_at_3": 0.74988,
    "map_at_5": 0.75849,
    "mrr_at_1": 0.69809,
    "mrr_at_10": 0.76641,
    "mrr_at_100": 0.76968,
    "mrr_at_1000": 0.7698,
    "mrr_at_20": 0.76861,
    "mrr_at_3": 0.7516,
    "mrr_at_5": 0.76051,
    "ndcg_at_1": 0.69514,
    "ndcg_at_10": 0.79802,
    "ndcg_at_100": 0.81368,
    "ndcg_at_1000": 0.81691,
    "ndcg_at_20": 0.80616,
    "ndcg_at_3": 0.76795,
    "ndcg_at_5": 0.78329,
    "precision_at_1": 0.69514,
    "precision_at_10": 0.09028,
    "precision_at_100": 0.00975,
    "precision_at_1000": 0.001,
    "precision_at_20": 0.04676,
    "precision_at_3": 0.27344,
    "precision_at_5": 0.17143,
    "recall_at_1": 0.69514,
    "recall_at_10": 0.9028,
    "recall_at_100": 0.97496,
    "recall_at_1000": 1.0,
    "recall_at_20": 0.9352,
    "recall_at_3": 0.82032,
    "recall_at_5": 0.85714
  }
}