{
  "dataset_revision": null,
  "mteb_dataset_name": "SciFact-PL",
  "mteb_version": "1.1.1",
  "test": {
    "evaluation_time": 18.51,
    "map_at_1": 0.469,
    "map_at_10": 0.57299,
    "map_at_100": 0.57908,
    "map_at_1000": 0.57955,
    "map_at_3": 0.54711,
    "map_at_5": 0.56076,
    "mrr_at_1": 0.49,
    "mrr_at_10": 0.58644,
    "mrr_at_100": 0.59134,
    "mrr_at_1000": 0.59176,
    "mrr_at_3": 0.56722,
    "mrr_at_5": 0.57806,
    "ndcg_at_1": 0.49,
    "ndcg_at_10": 0.62111,
    "ndcg_at_100": 0.6493,
    "ndcg_at_1000": 0.66224,
    "ndcg_at_3": 0.57727,
    "ndcg_at_5": 0.59718,
    "precision_at_1": 0.49,
    "precision_at_10": 0.08467,
    "precision_at_100": 0.01,
    "precision_at_1000": 0.00111,
    "precision_at_3": 0.22778,
    "precision_at_5": 0.15067,
    "recall_at_1": 0.469,
    "recall_at_10": 0.75167,
    "recall_at_100": 0.88033,
    "recall_at_1000": 0.98333,
    "recall_at_3": 0.63628,
    "recall_at_5": 0.685
  }
}