{
  "dataset_revision": "8064b4442da038aa0482a2542370f9a2441cc50a",
  "mteb_dataset_name": "SciField",
  "mteb_version": "1.7.49",
  "test": {
    "accuracy": 0.8140472878998608,
    "accuracy_stderr": 0.022149008848463075,
    "evaluation_time": 7.89,
    "f1": 0.8095076940344814,
    "f1_stderr": 0.025578599869977695,
    "main_score": 0.8140472878998608
  }
}