{
  "dataset_revision": null,
  "mteb_dataset_name": "SICK-E-PL",
  "mteb_version": "1.1.1",
  "test": {
    "cos_sim": {
      "accuracy": 0.8043212392988178,
      "accuracy_threshold": 0.9698166251182556,
      "ap": 0.6876522966787185,
      "f1": 0.6370860927152319,
      "f1_threshold": 0.9526810646057129,
      "precision": 0.5952970297029703,
      "recall": 0.6851851851851852
    },
    "dot": {
      "accuracy": 0.8043212392988178,
      "accuracy_threshold": 0.9698166847229004,
      "ap": 0.6876522669374134,
      "f1": 0.6370860927152319,
      "f1_threshold": 0.9526810646057129,
      "precision": 0.5952970297029703,
      "recall": 0.6851851851851852
    },
    "euclidean": {
      "accuracy": 0.8043212392988178,
      "accuracy_threshold": 0.24569636583328247,
      "ap": 0.6876529459563938,
      "f1": 0.6370860927152319,
      "f1_threshold": 0.3076326251029968,
      "precision": 0.5952970297029703,
      "recall": 0.6851851851851852
    },
    "evaluation_time": 2.65,
    "manhattan": {
      "accuracy": 0.8035059111292295,
      "accuracy_threshold": 5.572608947753906,
      "ap": 0.6865160214639143,
      "f1": 0.6368402656413841,
      "f1_threshold": 6.483153343200684,
      "precision": 0.6252573781743308,
      "recall": 0.6488603988603988
    },
    "max": {
      "accuracy": 0.8043212392988178,
      "ap": 0.6876529459563938,
      "f1": 0.6370860927152319
    }
  }
}