{
  "dataset_revision": null,
  "mteb_dataset_name": "SICK-R-PL",
  "mteb_version": "1.1.1",
  "test": {
    "cos_sim": {
      "pearson": 0.7650023443464854,
      "spearman": 0.7122785334969882
    },
    "euclidean": {
      "pearson": 0.7323830160841447,
      "spearman": 0.7122786808495783
    },
    "evaluation_time": 3.07,
    "manhattan": {
      "pearson": 0.7334590401202055,
      "spearman": 0.7123465061232308
    }
  }
}