{
  "dataset_revision": "6d1ba47164174a496b7fa5d3569dae26a6813b80",
  "mteb_dataset_name": "STS22",
  "mteb_version": "1.1.1",
  "test": {
    "evaluation_time": 1.99,
    "pl": {
      "cos_sim": {
        "pearson": 0.2845838648367622,
        "spearman": 0.3406761348625685
      },
      "euclidean": {
        "pearson": 0.17965979611491978,
        "spearman": 0.3406761348625685
      },
      "manhattan": {
        "pearson": 0.18099997416963062,
        "spearman": 0.33966977882846877
      }
    }
  }
}