{
  "dataset_revision": "93d57ef91790589e3ce9c365164337a8a78b7632",
  "mteb_dataset_name": "STSBenchmarkMultilingualSTS",
  "mteb_version": "1.7.49",
  "test": {
    "evaluation_time": 1.08,
    "pl": {
      "cos_sim": {
        "pearson": 0.7523447197762597,
        "spearman": 0.7492857339225585
      },
      "euclidean": {
        "pearson": 0.7420135880318811,
        "spearman": 0.7492883819943036
      },
      "manhattan": {
        "pearson": 0.7400889783636939,
        "spearman": 0.7468441659592142
      }
    }
  }
}