{
  "dataset_revision": null,
  "mteb_dataset_name": "TRECCOVID-PL",
  "mteb_version": "1.1.1",
  "test": {
    "evaluation_time": 448.75,
    "map_at_1": 0.00208,
    "map_at_10": 0.01636,
    "map_at_100": 0.08769,
    "map_at_1000": 0.22009,
    "map_at_3": 0.00594,
    "map_at_5": 0.00908,
    "mrr_at_1": 0.74,
    "mrr_at_10": 0.85233,
    "mrr_at_100": 0.85233,
    "mrr_at_1000": 0.85233,
    "mrr_at_3": 0.84333,
    "mrr_at_5": 0.85233,
    "ndcg_at_1": 0.69,
    "ndcg_at_10": 0.66056,
    "ndcg_at_100": 0.50036,
    "ndcg_at_1000": 0.46794,
    "ndcg_at_3": 0.70827,
    "ndcg_at_5": 0.68466,
    "precision_at_1": 0.74,
    "precision_at_10": 0.716,
    "precision_at_100": 0.517,
    "precision_at_1000": 0.20932,
    "precision_at_3": 0.78,
    "precision_at_5": 0.748,
    "recall_at_1": 0.00208,
    "recall_at_10": 0.01893,
    "recall_at_100": 0.12425,
    "recall_at_1000": 0.44612,
    "recall_at_3": 0.0064,
    "recall_at_5": 0.01
  }
}