{
  "dataset_revision": null,
  "mteb_dataset_name": "AllegroReviews",
  "mteb_version": "1.1.1",
  "test": {
    "accuracy": 0.40258449304174954,
    "accuracy_stderr": 0.038145597097801735,
    "evaluation_time": 3.32,
    "f1": 0.35596852654189165,
    "f1_stderr": 0.027415678537808904,
    "main_score": 0.40258449304174954
  }
}