{
  "dataset_revision": null,
  "mteb_dataset_name": "ArguAna-PL",
  "mteb_version": "1.1.1",
  "test": {
    "evaluation_time": 22.64,
    "map_at_1": 0.33073,
    "map_at_10": 0.50223,
    "map_at_100": 0.50942,
    "map_at_1000": 0.50945,
    "map_at_3": 0.45721,
    "map_at_5": 0.48413,
    "mrr_at_1": 0.34424,
    "mrr_at_10": 0.50689,
    "mrr_at_100": 0.51438,
    "mrr_at_1000": 0.51441,
    "mrr_at_3": 0.46219,
    "mrr_at_5": 0.48921,
    "ndcg_at_1": 0.33073,
    "ndcg_at_10": 0.59021,
    "ndcg_at_100": 0.61902,
    "ndcg_at_1000": 0.61984,
    "ndcg_at_3": 0.49818,
    "ndcg_at_5": 0.54645,
    "precision_at_1": 0.33073,
    "precision_at_10": 0.08684,
    "precision_at_100": 0.0099,
    "precision_at_1000": 0.001,
    "precision_at_3": 0.20555,
    "precision_at_5": 0.14666,
    "recall_at_1": 0.33073,
    "recall_at_10": 0.86842,
    "recall_at_100": 0.99004,
    "recall_at_1000": 0.99644,
    "recall_at_3": 0.61664,
    "recall_at_5": 0.73329
  }
}