{
  "dataset_revision": null,
  "mteb_dataset_name": "CBD",
  "mteb_version": "1.1.1",
  "test": {
    "accuracy": 0.6811,
    "accuracy_stderr": 0.04977840897417272,
    "ap": 0.20916633959031267,
    "ap_stderr": 0.03954313464931345,
    "evaluation_time": 9.03,
    "f1": 0.5685804802205465,
    "f1_stderr": 0.0518232587170782,
    "main_score": 0.6811
  }
}