{
  "dataset_revision": null,
  "mteb_dataset_name": "CDSC-R",
  "mteb_version": "1.1.1",
  "test": {
    "cos_sim": {
      "pearson": 0.9179559442663039,
      "spearman": 0.9254381689626411
    },
    "euclidean": {
      "pearson": 0.9202981265332857,
      "spearman": 0.9255482457334839
    },
    "evaluation_time": 0.89,
    "manhattan": {
      "pearson": 0.9195296287979178,
      "spearman": 0.9250279516120241
    }
  }
}