{
  "dataset_revision": null,
  "mteb_dataset_name": "DBPedia-PL",
  "mteb_version": "1.1.1",
  "test": {
    "evaluation_time": 3472.52,
    "map_at_1": 0.0783,
    "map_at_10": 0.16616,
    "map_at_100": 0.23629,
    "map_at_1000": 0.25236,
    "map_at_3": 0.12485,
    "map_at_5": 0.14077,
    "mrr_at_1": 0.6175,
    "mrr_at_10": 0.69852,
    "mrr_at_100": 0.70279,
    "mrr_at_1000": 0.70294,
    "mrr_at_3": 0.68375,
    "mrr_at_5": 0.69187,
    "ndcg_at_1": 0.4975,
    "ndcg_at_10": 0.36217,
    "ndcg_at_100": 0.41235,
    "ndcg_at_1000": 0.48952,
    "ndcg_at_3": 0.41669,
    "ndcg_at_5": 0.38285,
    "precision_at_1": 0.615,
    "precision_at_10": 0.285,
    "precision_at_100": 0.09572,
    "precision_at_1000": 0.02025,
    "precision_at_3": 0.44083,
    "precision_at_5": 0.363,
    "recall_at_1": 0.0783,
    "recall_at_10": 0.21463,
    "recall_at_100": 0.47095,
    "recall_at_1000": 0.71883,
    "recall_at_3": 0.13891,
    "recall_at_5": 0.16327
  }
}