{
  "dataset_revision": null,
  "mteb_dataset_name": "FiQA-PL",
  "mteb_version": "1.1.1",
  "test": {
    "evaluation_time": 120.37,
    "map_at_1": 0.1695,
    "map_at_10": 0.27422,
    "map_at_100": 0.29146,
    "map_at_1000": 0.29328,
    "map_at_3": 0.23736,
    "map_at_5": 0.25671,
    "mrr_at_1": 0.33796,
    "mrr_at_10": 0.42689,
    "mrr_at_100": 0.43522,
    "mrr_at_1000": 0.43563,
    "mrr_at_3": 0.40226,
    "mrr_at_5": 0.41685,
    "ndcg_at_1": 0.33642,
    "ndcg_at_10": 0.35008,
    "ndcg_at_100": 0.41839,
    "ndcg_at_1000": 0.45035,
    "ndcg_at_3": 0.31359,
    "ndcg_at_5": 0.32377,
    "precision_at_1": 0.33642,
    "precision_at_10": 0.09938,
    "precision_at_100": 0.01685,
    "precision_at_1000": 0.00227,
    "precision_at_3": 0.21142,
    "precision_at_5": 0.15586,
    "recall_at_1": 0.1695,
    "recall_at_10": 0.42286,
    "recall_at_100": 0.68519,
    "recall_at_1000": 0.87471,
    "recall_at_3": 0.28834,
    "recall_at_5": 0.34274
  }
}