{
  "dataset_revision": null,
  "mteb_dataset_name": "HotpotQA-PL",
  "mteb_version": "1.1.1",
  "test": {
    "evaluation_time": 4189.01,
    "map_at_1": 0.37711,
    "map_at_10": 0.57868,
    "map_at_100": 0.5877,
    "map_at_1000": 0.58837,
    "map_at_3": 0.54401,
    "map_at_5": 0.56564,
    "mrr_at_1": 0.75449,
    "mrr_at_10": 0.81575,
    "mrr_at_100": 0.81783,
    "mrr_at_1000": 0.81792,
    "mrr_at_3": 0.80504,
    "mrr_at_5": 0.81172,
    "ndcg_at_1": 0.75422,
    "ndcg_at_10": 0.66635,
    "ndcg_at_100": 0.6985,
    "ndcg_at_1000": 0.71179,
    "ndcg_at_3": 0.61648,
    "ndcg_at_5": 0.64412,
    "precision_at_1": 0.75422,
    "precision_at_10": 0.13962,
    "precision_at_100": 0.01649,
    "precision_at_1000": 0.00183,
    "precision_at_3": 0.39172,
    "precision_at_5": 0.25691,
    "recall_at_1": 0.37711,
    "recall_at_10": 0.69811,
    "recall_at_100": 0.82471,
    "recall_at_1000": 0.9129,
    "recall_at_3": 0.58758,
    "recall_at_5": 0.64227
  }
}