{
  "dataset_revision": "7d571f92784cd94a019292a1f45445077d0ef634",
  "mteb_dataset_name": "MassiveScenarioClassification",
  "mteb_version": "1.1.1",
  "test": {
    "evaluation_time": 4.26,
    "pl": {
      "accuracy": 0.7552790854068594,
      "accuracy_stderr": 0.016890069295442255,
      "f1": 0.754053872472259,
      "f1_stderr": 0.012238799510642764,
      "main_score": 0.7552790854068594
    }
  }
}