{
  "dataset_revision": "31efe3c427b0bae9c22cbb560b8f15491cc6bed7",
  "mteb_dataset_name": "MassiveIntentClassification",
  "mteb_version": "1.1.1",
  "test": {
    "evaluation_time": 23.73,
    "pl": {
      "accuracy": 0.7231002017484868,
      "accuracy_stderr": 0.010768584691609106,
      "f1": 0.6961603671063031,
      "f1_stderr": 0.010810866421937635,
      "main_score": 0.7231002017484868
    }
  }
}