{
  "dataset_revision": null,
  "mteb_dataset_name": "MSMARCO-PL",
  "mteb_version": "1.1.1",
  "validation": {
    "evaluation_time": 8401.43,
    "map_at_1": 0.17033,
    "map_at_10": 0.27242,
    "map_at_100": 0.28452,
    "map_at_1000": 0.28515,
    "map_at_3": 0.24046,
    "map_at_5": 0.25841,
    "mrr_at_1": 0.17493,
    "mrr_at_10": 0.2767,
    "mrr_at_100": 0.28824,
    "mrr_at_1000": 0.28881,
    "mrr_at_3": 0.2453,
    "mrr_at_5": 0.2627,
    "ndcg_at_1": 0.17479,
    "ndcg_at_10": 0.33048,
    "ndcg_at_100": 0.39071,
    "ndcg_at_1000": 0.4074,
    "ndcg_at_3": 0.26493,
    "ndcg_at_5": 0.29701,
    "precision_at_1": 0.17479,
    "precision_at_10": 0.05324,
    "precision_at_100": 0.00838,
    "precision_at_1000": 0.00098,
    "precision_at_3": 0.11409,
    "precision_at_5": 0.0847,
    "recall_at_1": 0.17033,
    "recall_at_10": 0.50929,
    "recall_at_100": 0.79262,
    "recall_at_1000": 0.92239,
    "recall_at_3": 0.3306,
    "recall_at_5": 0.40747
  }
}