{
  "dataset_revision": null,
  "mteb_dataset_name": "NFCorpus-PL",
  "mteb_version": "1.1.1",
  "test": {
    "evaluation_time": 13.07,
    "map_at_1": 0.05877,
    "map_at_10": 0.12817,
    "map_at_100": 0.16247,
    "map_at_1000": 0.17683,
    "map_at_3": 0.09334,
    "map_at_5": 0.10887,
    "mrr_at_1": 0.45201,
    "mrr_at_10": 0.527,
    "mrr_at_100": 0.53426,
    "mrr_at_1000": 0.53461,
    "mrr_at_3": 0.50464,
    "mrr_at_5": 0.51827,
    "ndcg_at_1": 0.4195,
    "ndcg_at_10": 0.34145,
    "ndcg_at_100": 0.31556,
    "ndcg_at_1000": 0.40265,
    "ndcg_at_3": 0.3807,
    "ndcg_at_5": 0.36571,
    "precision_at_1": 0.44272,
    "precision_at_10": 0.25697,
    "precision_at_100": 0.08077,
    "precision_at_1000": 0.02084,
    "precision_at_3": 0.36017,
    "precision_at_5": 0.31703,
    "recall_at_1": 0.05877,
    "recall_at_10": 0.16986,
    "recall_at_100": 0.32719,
    "recall_at_1000": 0.63763,
    "recall_at_3": 0.10292,
    "recall_at_5": 0.12886
  }
}