{
  "dataset_revision": null,
  "mteb_dataset_name": "NQ-PL",
  "mteb_version": "1.1.1",
  "test": {
    "evaluation_time": 3301.45,
    "map_at_1": 0.25476,
    "map_at_10": 0.3867,
    "map_at_100": 0.39784,
    "map_at_1000": 0.39831,
    "map_at_3": 0.34829,
    "map_at_5": 0.37025,
    "mrr_at_1": 0.28621,
    "mrr_at_10": 0.4113,
    "mrr_at_100": 0.42028,
    "mrr_at_1000": 0.4206,
    "mrr_at_3": 0.37877,
    "mrr_at_5": 0.39764,
    "ndcg_at_1": 0.28563,
    "ndcg_at_10": 0.45654,
    "ndcg_at_100": 0.50695,
    "ndcg_at_1000": 0.51874,
    "ndcg_at_3": 0.38359,
    "ndcg_at_5": 0.42045,
    "precision_at_1": 0.28563,
    "precision_at_10": 0.07645,
    "precision_at_100": 0.01052,
    "precision_at_1000": 0.00117,
    "precision_at_3": 0.17458,
    "precision_at_5": 0.12613,
    "recall_at_1": 0.25476,
    "recall_at_10": 0.64484,
    "recall_at_100": 0.86962,
    "recall_at_1000": 0.95872,
    "recall_at_3": 0.45527,
    "recall_at_5": 0.54029
  }
}