{
  "dataset_revision": null,
  "mteb_dataset_name": "PAC",
  "mteb_version": "1.1.1",
  "test": {
    "accuracy": 0.6587315377932232,
    "accuracy_stderr": 0.04806667097157248,
    "ap": 0.7641966964416534,
    "ap_stderr": 0.032473697993383836,
    "evaluation_time": 2.71,
    "f1": 0.6364417488639011,
    "f1_stderr": 0.052362775376323854,
    "main_score": 0.6587315377932232
  }
}