{
  "dataset_revision": null,
  "mteb_dataset_name": "PolEmo2.0-OUT",
  "mteb_version": "1.1.1",
  "test": {
    "accuracy": 0.4659919028340081,
    "accuracy_stderr": 0.022719008658458613,
    "evaluation_time": 3.09,
    "f1": 0.3721639294994895,
    "f1_stderr": 0.018937962115525155,
    "main_score": 0.4659919028340081
  }
}