{
  "dataset_revision": null,
  "mteb_dataset_name": "PolEmo2.0-IN",
  "mteb_version": "1.1.1",
  "test": {
    "accuracy": 0.7173130193905818,
    "accuracy_stderr": 0.04104703308729079,
    "evaluation_time": 3.46,
    "f1": 0.7117731918813324,
    "f1_stderr": 0.025964535774738784,
    "main_score": 0.7173130193905818
  }
}