{
  "dataset_revision": null,
  "mteb_dataset_name": "PPC",
  "mteb_version": "1.1.1",
  "test": {
    "cos_sim": {
      "accuracy": 0.877,
      "accuracy_threshold": 0.9620914424420802,
      "ap": 0.9281319372631636,
      "f1": 0.9004048582995952,
      "f1_threshold": 0.9620914424420802,
      "precision": 0.8811410459587956,
      "recall": 0.9205298013245033
    },
    "dot": {
      "accuracy": 0.75,
      "accuracy_threshold": 241.75,
      "ap": 0.836308995794326,
      "f1": 0.8076923076923077,
      "f1_threshold": 241.25,
      "precision": 0.7543103448275862,
      "recall": 0.8692052980132451
    },
    "euclidean": {
      "accuracy": 0.877,
      "accuracy_threshold": 4.342956068576378,
      "ap": 0.9294772245932825,
      "f1": 0.9010458567980691,
      "f1_threshold": 4.501179979863997,
      "precision": 0.8763693270735524,
      "recall": 0.9271523178807947
    },
    "evaluation_time": 1.22,
    "manhattan": {
      "accuracy": 0.878,
      "accuracy_threshold": 96.22849655151367,
      "ap": 0.9295330512127123,
      "f1": 0.9008130081300812,
      "f1_threshold": 96.22849655151367,
      "precision": 0.8849840255591054,
      "recall": 0.9172185430463576
    },
    "max": {
      "accuracy": 0.878,
      "ap": 0.9295330512127123,
      "f1": 0.9010458567980691
    }
  }
}