{
  "dataset_revision": null,
  "mteb_dataset_name": "PSC",
  "mteb_version": "1.1.1",
  "test": {
    "cos_sim": {
      "accuracy": 0.9619666048237476,
      "accuracy_threshold": 0.9025397405262343,
      "ap": 0.9861237969571301,
      "f1": 0.9377845220030349,
      "f1_threshold": 0.9011249648300677,
      "precision": 0.9335347432024169,
      "recall": 0.9420731707317073
    },
    "dot": {
      "accuracy": 0.9489795918367347,
      "accuracy_threshold": 222.5,
      "ap": 0.9702853491357943,
      "f1": 0.9185185185185186,
      "f1_threshold": 222.5,
      "precision": 0.8933717579250721,
      "recall": 0.9451219512195121
    },
    "euclidean": {
      "accuracy": 0.963821892393321,
      "accuracy_threshold": 6.995295249388865,
      "ap": 0.9858145584134217,
      "f1": 0.9404580152671755,
      "f1_threshold": 6.995295249388865,
      "precision": 0.9418960244648318,
      "recall": 0.9390243902439024
    },
    "evaluation_time": 1.37,
    "manhattan": {
      "accuracy": 0.9647495361781077,
      "accuracy_threshold": 154.5035172700882,
      "ap": 0.9861082210247809,
      "f1": 0.9418960244648318,
      "f1_threshold": 154.5035172700882,
      "precision": 0.9447852760736196,
      "recall": 0.9390243902439024
    },
    "max": {
      "accuracy": 0.9647495361781077,
      "ap": 0.9861237969571301,
      "f1": 0.9418960244648318
    }
  }
}