{
  "dataset_revision": null,
  "mteb_dataset_name": "Quora-PL",
  "mteb_version": "1.1.1",
  "test": {
    "evaluation_time": 199.8,
    "map_at_1": 0.66134,
    "map_at_10": 0.8019,
    "map_at_100": 0.80937,
    "map_at_1000": 0.80956,
    "map_at_3": 0.77074,
    "map_at_5": 0.79054,
    "mrr_at_1": 0.7588,
    "mrr_at_10": 0.83226,
    "mrr_at_100": 0.83403,
    "mrr_at_1000": 0.83406,
    "mrr_at_3": 0.82032,
    "mrr_at_5": 0.82843,
    "ndcg_at_1": 0.7594,
    "ndcg_at_10": 0.84437,
    "ndcg_at_100": 0.8613,
    "ndcg_at_1000": 0.86293,
    "ndcg_at_3": 0.81078,
    "ndcg_at_5": 0.83,
    "precision_at_1": 0.7594,
    "precision_at_10": 0.12954,
    "precision_at_100": 0.01514,
    "precision_at_1000": 0.00156,
    "precision_at_3": 0.3561,
    "precision_at_5": 0.23652,
    "recall_at_1": 0.66134,
    "recall_at_10": 0.92991,
    "recall_at_100": 0.99003,
    "recall_at_1000": 0.9986,
    "recall_at_3": 0.83643,
    "recall_at_5": 0.88811
  }
}