{
  "dataset_revision": null,
  "mteb_dataset_name": "SCIDOCS-PL",
  "mteb_version": "1.1.1",
  "test": {
    "evaluation_time": 65.89,
    "map_at_1": 0.04183,
    "map_at_10": 0.10626,
    "map_at_100": 0.12485,
    "map_at_1000": 0.12793,
    "map_at_3": 0.07531,
    "map_at_5": 0.09037,
    "mrr_at_1": 0.205,
    "mrr_at_10": 0.30175,
    "mrr_at_100": 0.31356,
    "mrr_at_1000": 0.31421,
    "mrr_at_3": 0.269,
    "mrr_at_5": 0.2869,
    "ndcg_at_1": 0.206,
    "ndcg_at_10": 0.1784,
    "ndcg_at_100": 0.25518,
    "ndcg_at_1000": 0.31138,
    "ndcg_at_3": 0.16677,
    "ndcg_at_5": 0.14641,
    "precision_at_1": 0.206,
    "precision_at_10": 0.093,
    "precision_at_100": 0.02048,
    "precision_at_1000": 0.0034,
    "precision_at_3": 0.15533,
    "precision_at_5": 0.1284,
    "recall_at_1": 0.04183,
    "recall_at_10": 0.18862,
    "recall_at_100": 0.41592,
    "recall_at_1000": 0.69037,
    "recall_at_3": 0.09443,
    "recall_at_5": 0.13028
  }
}