{
  "dataset_revision": "4755de8baebc07bed0c60cec9f796e9a346600cb",
  "mteb_dataset_name": "SciDefRetrieval",
  "mteb_version": "1.7.49",
  "test": {
    "evaluation_time": 2.14,
    "map_at_1": 0.59352,
    "map_at_10": 0.68128,
    "map_at_100": 0.68611,
    "map_at_1000": 0.68633,
    "map_at_20": 0.68406,
    "map_at_3": 0.66421,
    "map_at_5": 0.67423,
    "mrr_at_1": 0.59352,
    "mrr_at_10": 0.68134,
    "mrr_at_100": 0.68634,
    "mrr_at_1000": 0.68654,
    "mrr_at_20": 0.68435,
    "mrr_at_3": 0.66421,
    "mrr_at_5": 0.67496,
    "ndcg_at_1": 0.59352,
    "ndcg_at_10": 0.72284,
    "ndcg_at_100": 0.74568,
    "ndcg_at_1000": 0.7512,
    "ndcg_at_20": 0.73292,
    "ndcg_at_3": 0.68728,
    "ndcg_at_5": 0.70572,
    "precision_at_1": 0.59352,
    "precision_at_10": 0.08527,
    "precision_at_100": 0.00957,
    "precision_at_1000": 0.001,
    "precision_at_20": 0.04462,
    "precision_at_3": 0.25135,
    "precision_at_5": 0.15994,
    "recall_at_1": 0.59352,
    "recall_at_10": 0.85272,
    "recall_at_100": 0.95729,
    "recall_at_1000": 1.0,
    "recall_at_20": 0.89249,
    "recall_at_3": 0.75405,
    "recall_at_5": 0.79971
  }
}