{
  "dataset_revision": null,
  "mteb_dataset_name": "SciFact-PL",
  "mteb_version": "1.1.1",
  "test": {
    "evaluation_time": 17.71,
    "map_at_1": 0.49428,
    "map_at_10": 0.60423,
    "map_at_100": 0.61037,
    "map_at_1000": 0.61066,
    "map_at_3": 0.56989,
    "map_at_5": 0.59042,
    "mrr_at_1": 0.52667,
    "mrr_at_10": 0.61746,
    "mrr_at_100": 0.62273,
    "mrr_at_1000": 0.62301,
    "mrr_at_3": 0.59278,
    "mrr_at_5": 0.60611,
    "ndcg_at_1": 0.52333,
    "ndcg_at_10": 0.6575,
    "ndcg_at_100": 0.68566,
    "ndcg_at_1000": 0.69314,
    "ndcg_at_3": 0.59768,
    "ndcg_at_5": 0.62808,
    "precision_at_1": 0.52333,
    "precision_at_10": 0.09167,
    "precision_at_100": 0.01063,
    "precision_at_1000": 0.00113,
    "precision_at_3": 0.23778,
    "precision_at_5": 0.162,
    "recall_at_1": 0.49428,
    "recall_at_10": 0.81078,
    "recall_at_100": 0.93933,
    "recall_at_1000": 0.99667,
    "recall_at_3": 0.65061,
    "recall_at_5": 0.72667
  }
}