{
  "dataset_revision": null,
  "mteb_dataset_name": "SICK-R-PL",
  "mteb_version": "1.1.1",
  "test": {
    "cos_sim": {
      "pearson": 0.8307566183637852,
      "spearman": 0.7920198022242548
    },
    "euclidean": {
      "pearson": 0.8127875473517936,
      "spearman": 0.7921560102311154
    },
    "evaluation_time": 3.21,
    "manhattan": {
      "pearson": 0.812155947488046,
      "spearman": 0.791537846814979
    }
  }
}