{
  "dataset_revision": null,
  "mteb_dataset_name": "SICK-E-PL",
  "mteb_version": "1.1.1",
  "test": {
    "cos_sim": {
      "accuracy": 0.8632286995515696,
      "accuracy_threshold": 0.9691414771591935,
      "ap": 0.8204302619416443,
      "f1": 0.7495572086432873,
      "f1_threshold": 0.9637605330872431,
      "precision": 0.7455954897815363,
      "recall": 0.7535612535612536
    },
    "dot": {
      "accuracy": 0.8391765185487159,
      "accuracy_threshold": 254.5,
      "ap": 0.768608733580272,
      "f1": 0.7231936654569449,
      "f1_threshold": 251.0,
      "precision": 0.6736324523663184,
      "recall": 0.7806267806267806
    },
    "euclidean": {
      "accuracy": 0.8632286995515696,
      "accuracy_threshold": 3.994062300691837,
      "ap": 0.819648986659308,
      "f1": 0.749379652605459,
      "f1_threshold": 4.3612951055735625,
      "precision": 0.7459421312632322,
      "recall": 0.7528490028490028
    },
    "evaluation_time": 2.46,
    "manhattan": {
      "accuracy": 0.8630248675091724,
      "accuracy_threshold": 87.22445553541183,
      "ap": 0.8192853980116879,
      "f1": 0.7480968858131489,
      "f1_threshold": 99.52164098620415,
      "precision": 0.7274562584118439,
      "recall": 0.76994301994302
    },
    "max": {
      "accuracy": 0.8632286995515696,
      "ap": 0.8204302619416443,
      "f1": 0.7495572086432873
    }
  }
}