{
  "dataset_revision": "6d1ba47164174a496b7fa5d3569dae26a6813b80",
  "mteb_dataset_name": "STS22",
  "mteb_version": "1.1.1",
  "test": {
    "evaluation_time": 1.79,
    "pl": {
      "cos_sim": {
        "pearson": 0.3639657573900194,
        "spearman": 0.4036403461037013
      },
      "euclidean": {
        "pearson": 0.2914341600477632,
        "spearman": 0.4043197841306375
      },
      "manhattan": {
        "pearson": 0.2918632337290767,
        "spearman": 0.40505633433954813
      }
    }
  }
}