{
  "dataset_revision": null,
  "mteb_dataset_name": "TRECCOVID-PL",
  "mteb_version": "1.1.1",
  "test": {
    "evaluation_time": 461.49,
    "map_at_1": 0.00221,
    "map_at_10": 0.01788,
    "map_at_100": 0.09937,
    "map_at_1000": 0.24763,
    "map_at_3": 0.00579,
    "map_at_5": 0.00947,
    "mrr_at_1": 0.78,
    "mrr_at_10": 0.88067,
    "mrr_at_100": 0.88067,
    "mrr_at_1000": 0.88067,
    "mrr_at_3": 0.87667,
    "mrr_at_5": 0.88067,
    "ndcg_at_1": 0.76,
    "ndcg_at_10": 0.71332,
    "ndcg_at_100": 0.54805,
    "ndcg_at_1000": 0.49505,
    "ndcg_at_3": 0.73693,
    "ndcg_at_5": 0.73733,
    "precision_at_1": 0.82,
    "precision_at_10": 0.768,
    "precision_at_100": 0.5668,
    "precision_at_1000": 0.22236,
    "precision_at_3": 0.78667,
    "precision_at_5": 0.792,
    "recall_at_1": 0.00221,
    "recall_at_10": 0.02033,
    "recall_at_100": 0.13432,
    "recall_at_1000": 0.46913,
    "recall_at_3": 0.00625,
    "recall_at_5": 0.01052
  }
}