{
  "dataset_revision": null,
  "mteb_dataset_name": "AllegroReviews",
  "mteb_version": "1.1.1",
  "test": {
    "accuracy": 0.2803180914512923,
    "accuracy_stderr": 0.03174695710272626,
    "evaluation_time": 2.82,
    "f1": 0.25709304364236957,
    "f1_stderr": 0.02122008949682582,
    "main_score": 0.2803180914512923
  }
}