{
  "dataset_revision": null,
  "mteb_dataset_name": "ArguAna-PL",
  "mteb_version": "1.1.1",
  "test": {
    "evaluation_time": 14.98,
    "map_at_1": 0.18065,
    "map_at_10": 0.29667,
    "map_at_100": 0.31014,
    "map_at_1000": 0.31061,
    "map_at_3": 0.25545,
    "map_at_5": 0.27658,
    "mrr_at_1": 0.18208,
    "mrr_at_10": 0.29755,
    "mrr_at_100": 0.31096,
    "mrr_at_1000": 0.31142,
    "mrr_at_3": 0.25652,
    "mrr_at_5": 0.27715,
    "ndcg_at_1": 0.18065,
    "ndcg_at_10": 0.36702,
    "ndcg_at_100": 0.43188,
    "ndcg_at_1000": 0.44324,
    "ndcg_at_3": 0.28074,
    "ndcg_at_5": 0.31897,
    "precision_at_1": 0.18065,
    "precision_at_10": 0.05946,
    "precision_at_100": 0.00895,
    "precision_at_1000": 0.00098,
    "precision_at_3": 0.11807,
    "precision_at_5": 0.08947,
    "recall_at_1": 0.18065,
    "recall_at_10": 0.59459,
    "recall_at_100": 0.89545,
    "recall_at_1000": 0.98293,
    "recall_at_3": 0.3542,
    "recall_at_5": 0.44737
  }
}