{
  "dataset_revision": null,
  "mteb_dataset_name": "CBD",
  "mteb_version": "1.1.1",
  "test": {
    "accuracy": 0.5999999999999999,
    "accuracy_stderr": 0.0770077918135561,
    "ap": 0.17750940523312303,
    "ap_stderr": 0.027493685777151798,
    "evaluation_time": 7.79,
    "f1": 0.5064816305402164,
    "f1_stderr": 0.053486848473757294,
    "main_score": 0.5999999999999999
  }
}