{
  "dataset_revision": null,
  "mteb_dataset_name": "CDSC-R",
  "mteb_version": "1.1.1",
  "test": {
    "cos_sim": {
      "pearson": 0.8712515277230913,
      "spearman": 0.8766768707858178
    },
    "euclidean": {
      "pearson": 0.8500055675428471,
      "spearman": 0.8737247256554768
    },
    "evaluation_time": 1.26,
    "manhattan": {
      "pearson": 0.8469065914672027,
      "spearman": 0.8696851339765682
    }
  }
}