{
  "dataset_revision": null,
  "mteb_dataset_name": "DBPedia-PL",
  "mteb_version": "1.1.1",
  "test": {
    "evaluation_time": 4946.09,
    "map_at_1": 0.02222,
    "map_at_10": 0.04563,
    "map_at_100": 0.06718,
    "map_at_1000": 0.07524,
    "map_at_3": 0.03376,
    "map_at_5": 0.03847,
    "mrr_at_1": 0.2,
    "mrr_at_10": 0.2852,
    "mrr_at_100": 0.29437,
    "mrr_at_1000": 0.29493,
    "mrr_at_3": 0.25417,
    "mrr_at_5": 0.26967,
    "ndcg_at_1": 0.13875,
    "ndcg_at_10": 0.12356,
    "ndcg_at_100": 0.15871,
    "ndcg_at_1000": 0.22354,
    "ndcg_at_3": 0.12939,
    "ndcg_at_5": 0.12413,
    "precision_at_1": 0.2,
    "precision_at_10": 0.113,
    "precision_at_100": 0.0443,
    "precision_at_1000": 0.01296,
    "precision_at_3": 0.15417,
    "precision_at_5": 0.133,
    "recall_at_1": 0.02222,
    "recall_at_10": 0.07798,
    "recall_at_100": 0.22,
    "recall_at_1000": 0.43974,
    "recall_at_3": 0.04147,
    "recall_at_5": 0.05343
  }
}