{
  "dataset_revision": null,
  "mteb_dataset_name": "FiQA-PL",
  "mteb_version": "1.1.1",
  "test": {
    "evaluation_time": 75.43,
    "map_at_1": 0.03716,
    "map_at_10": 0.05821,
    "map_at_100": 0.0661,
    "map_at_1000": 0.0678,
    "map_at_3": 0.05124,
    "map_at_5": 0.05396,
    "mrr_at_1": 0.06636,
    "mrr_at_10": 0.10201,
    "mrr_at_100": 0.11148,
    "mrr_at_1000": 0.11261,
    "mrr_at_3": 0.09079,
    "mrr_at_5": 0.09511,
    "ndcg_at_1": 0.06636,
    "ndcg_at_10": 0.08015,
    "ndcg_at_100": 0.12319,
    "ndcg_at_1000": 0.16874,
    "ndcg_at_3": 0.06922,
    "ndcg_at_5": 0.07085,
    "precision_at_1": 0.06636,
    "precision_at_10": 0.02346,
    "precision_at_100": 0.00654,
    "precision_at_1000": 0.00145,
    "precision_at_3": 0.04527,
    "precision_at_5": 0.03333,
    "recall_at_1": 0.03716,
    "recall_at_10": 0.10238,
    "recall_at_100": 0.27388,
    "recall_at_1000": 0.5629,
    "recall_at_3": 0.06744,
    "recall_at_5": 0.07564
  }
}