{
  "dataset_revision": null,
  "mteb_dataset_name": "HotpotQA-PL",
  "mteb_version": "1.1.1",
  "test": {
    "evaluation_time": 5416.39,
    "map_at_1": 0.10479,
    "map_at_10": 0.1551,
    "map_at_100": 0.16309,
    "map_at_1000": 0.16419,
    "map_at_3": 0.13907,
    "map_at_5": 0.14807,
    "mrr_at_1": 0.20959,
    "mrr_at_10": 0.2755,
    "mrr_at_100": 0.28398,
    "mrr_at_1000": 0.28476,
    "mrr_at_3": 0.25528,
    "mrr_at_5": 0.26704,
    "ndcg_at_1": 0.20959,
    "ndcg_at_10": 0.20833,
    "ndcg_at_100": 0.2489,
    "ndcg_at_1000": 0.2774,
    "ndcg_at_3": 0.17505,
    "ndcg_at_5": 0.19149,
    "precision_at_1": 0.20959,
    "precision_at_10": 0.04903,
    "precision_at_100": 0.00816,
    "precision_at_1000": 0.0012,
    "precision_at_3": 0.1133,
    "precision_at_5": 0.081,
    "recall_at_1": 0.10479,
    "recall_at_10": 0.24517,
    "recall_at_100": 0.4079,
    "recall_at_1000": 0.59845,
    "recall_at_3": 0.16995,
    "recall_at_5": 0.2025
  }
}