{
  "dataset_revision": "7d571f92784cd94a019292a1f45445077d0ef634",
  "mteb_dataset_name": "MassiveScenarioClassification",
  "mteb_version": "1.1.1",
  "test": {
    "evaluation_time": 2.61,
    "pl": {
      "accuracy": 0.6128782784129119,
      "accuracy_stderr": 0.015000595073118924,
      "f1": 0.5936495517929654,
      "f1_stderr": 0.015505031155806273,
      "main_score": 0.6128782784129119
    }
  }
}