{
  "dataset_revision": null,
  "mteb_dataset_name": "NFCorpus-PL",
  "mteb_version": "1.1.1",
  "test": {
    "evaluation_time": 5.57,
    "map_at_1": 0.01501,
    "map_at_10": 0.03904,
    "map_at_100": 0.05564,
    "map_at_1000": 0.06602,
    "map_at_3": 0.02637,
    "map_at_5": 0.03196,
    "mrr_at_1": 0.21053,
    "mrr_at_10": 0.30109,
    "mrr_at_100": 0.30913,
    "mrr_at_1000": 0.31,
    "mrr_at_3": 0.27451,
    "mrr_at_5": 0.29092,
    "ndcg_at_1": 0.19659,
    "ndcg_at_10": 0.16278,
    "ndcg_at_100": 0.15975,
    "ndcg_at_1000": 0.2509,
    "ndcg_at_3": 0.18416,
    "ndcg_at_5": 0.17719,
    "precision_at_1": 0.21053,
    "precision_at_10": 0.13189,
    "precision_at_100": 0.04997,
    "precision_at_1000": 0.01743,
    "precision_at_3": 0.18266,
    "precision_at_5": 0.16347,
    "recall_at_1": 0.01501,
    "recall_at_10": 0.06982,
    "recall_at_100": 0.19396,
    "recall_at_1000": 0.50922,
    "recall_at_3": 0.03401,
    "recall_at_5": 0.04757
  }
}