{
  "dataset_revision": null,
  "mteb_dataset_name": "NQ-PL",
  "mteb_version": "1.1.1",
  "test": {
    "evaluation_time": 3190.38,
    "map_at_1": 0.02013,
    "map_at_10": 0.04117,
    "map_at_100": 0.04808,
    "map_at_1000": 0.04926,
    "map_at_3": 0.03101,
    "map_at_5": 0.03519,
    "mrr_at_1": 0.02346,
    "mrr_at_10": 0.04705,
    "mrr_at_100": 0.05379,
    "mrr_at_1000": 0.05488,
    "mrr_at_3": 0.03607,
    "mrr_at_5": 0.04054,
    "ndcg_at_1": 0.02346,
    "ndcg_at_10": 0.05851,
    "ndcg_at_100": 0.09806,
    "ndcg_at_1000": 0.13475,
    "ndcg_at_3": 0.03612,
    "ndcg_at_5": 0.0438,
    "precision_at_1": 0.02346,
    "precision_at_10": 0.01263,
    "precision_at_100": 0.00359,
    "precision_at_1000": 0.00071,
    "precision_at_3": 0.01786,
    "precision_at_5": 0.01489,
    "recall_at_1": 0.02013,
    "recall_at_10": 0.10815,
    "recall_at_100": 0.3,
    "recall_at_1000": 0.59038,
    "recall_at_3": 0.04606,
    "recall_at_5": 0.06431
  }
}