{
  "dataset_revision": null,
  "mteb_dataset_name": "PAC",
  "mteb_version": "1.1.1",
  "test": {
    "accuracy": 0.6817260353315957,
    "accuracy_stderr": 0.03951911897091346,
    "ap": 0.7682380977458111,
    "ap_stderr": 0.023038250306799485,
    "evaluation_time": 3.82,
    "f1": 0.6558688931169696,
    "f1_stderr": 0.039968459650404124,
    "main_score": 0.6817260353315957
  }
}