{
  "dataset_revision": null,
  "mteb_dataset_name": "PolEmo2.0-IN",
  "mteb_version": "1.1.1",
  "test": {
    "accuracy": 0.48836565096952905,
    "accuracy_stderr": 0.028828833905516698,
    "evaluation_time": 2.56,
    "f1": 0.5019094842139131,
    "f1_stderr": 0.033713408132686994,
    "main_score": 0.48836565096952905
  }
}