{
  "dataset_revision": null,
  "mteb_dataset_name": "PolEmo2.0-OUT",
  "mteb_version": "1.1.1",
  "test": {
    "accuracy": 0.3,
    "accuracy_stderr": 0.05256769713940568,
    "evaluation_time": 2.01,
    "f1": 0.23642029629720857,
    "f1_stderr": 0.03322546465620394,
    "main_score": 0.3
  }
}