{
  "dataset_revision": null,
  "mteb_dataset_name": "Quora-PL",
  "mteb_version": "1.1.1",
  "test": {
    "evaluation_time": 275.24,
    "map_at_1": 0.54755,
    "map_at_10": 0.66975,
    "map_at_100": 0.67879,
    "map_at_1000": 0.67925,
    "map_at_3": 0.63898,
    "map_at_5": 0.65717,
    "mrr_at_1": 0.6311,
    "mrr_at_10": 0.71035,
    "mrr_at_100": 0.71422,
    "mrr_at_1000": 0.71437,
    "mrr_at_3": 0.69215,
    "mrr_at_5": 0.70309,
    "ndcg_at_1": 0.6309,
    "ndcg_at_10": 0.71953,
    "ndcg_at_100": 0.74821,
    "ndcg_at_1000": 0.75514,
    "ndcg_at_3": 0.67721,
    "ndcg_at_5": 0.69828,
    "precision_at_1": 0.6309,
    "precision_at_10": 0.11165,
    "precision_at_100": 0.01399,
    "precision_at_1000": 0.00151,
    "precision_at_3": 0.29617,
    "precision_at_5": 0.1982,
    "recall_at_1": 0.54755,
    "recall_at_10": 0.82218,
    "recall_at_100": 0.93648,
    "recall_at_1000": 0.98125,
    "recall_at_3": 0.70367,
    "recall_at_5": 0.76007
  }
}