{
  "dataset_revision": "4755de8baebc07bed0c60cec9f796e9a346600cb",
  "mteb_dataset_name": "SciDefRetrieval",
  "mteb_version": "1.7.49",
  "test": {
    "evaluation_time": 1.78,
    "map_at_1": 0.25773,
    "map_at_10": 0.36221,
    "map_at_100": 0.37281,
    "map_at_1000": 0.37347,
    "map_at_20": 0.36837,
    "map_at_3": 0.32867,
    "map_at_5": 0.34995,
    "mrr_at_1": 0.25773,
    "mrr_at_10": 0.3622,
    "mrr_at_100": 0.3728,
    "mrr_at_1000": 0.37347,
    "mrr_at_20": 0.36836,
    "mrr_at_3": 0.32867,
    "mrr_at_5": 0.34995,
    "ndcg_at_1": 0.25773,
    "ndcg_at_10": 0.41835,
    "ndcg_at_100": 0.47195,
    "ndcg_at_1000": 0.49084,
    "ndcg_at_20": 0.4417,
    "ndcg_at_3": 0.35134,
    "ndcg_at_5": 0.38931,
    "precision_at_1": 0.25773,
    "precision_at_10": 0.05965,
    "precision_at_100": 0.0085,
    "precision_at_1000": 0.001,
    "precision_at_20": 0.03454,
    "precision_at_3": 0.13893,
    "precision_at_5": 0.10162,
    "recall_at_1": 0.25773,
    "recall_at_10": 0.59647,
    "recall_at_100": 0.84978,
    "recall_at_1000": 1.0,
    "recall_at_20": 0.69072,
    "recall_at_3": 0.41679,
    "recall_at_5": 0.5081
  }
}