{
  "dataset_revision": null,
  "mteb_dataset_name": "SCIDOCS-PL",
  "mteb_version": "1.1.1",
  "test": {
    "evaluation_time": 34.78,
    "map_at_1": 0.01255,
    "map_at_10": 0.0338,
    "map_at_100": 0.04382,
    "map_at_1000": 0.04591,
    "map_at_3": 0.02347,
    "map_at_5": 0.02884,
    "mrr_at_1": 0.062,
    "mrr_at_10": 0.11485,
    "mrr_at_100": 0.12677,
    "mrr_at_1000": 0.12799,
    "mrr_at_3": 0.09083,
    "mrr_at_5": 0.10588,
    "ndcg_at_1": 0.062,
    "ndcg_at_10": 0.06502,
    "ndcg_at_100": 0.11604,
    "ndcg_at_1000": 0.16545,
    "ndcg_at_3": 0.0548,
    "ndcg_at_5": 0.05216,
    "precision_at_1": 0.062,
    "precision_at_10": 0.0363,
    "precision_at_100": 0.01108,
    "precision_at_1000": 0.00231,
    "precision_at_3": 0.053,
    "precision_at_5": 0.0492,
    "recall_at_1": 0.01255,
    "recall_at_10": 0.07355,
    "recall_at_100": 0.2251,
    "recall_at_1000": 0.46848,
    "recall_at_3": 0.0323,
    "recall_at_5": 0.0498
  }
}