{
  "dataset_revision": "8064b4442da038aa0482a2542370f9a2441cc50a",
  "mteb_dataset_name": "SciField",
  "mteb_version": "1.7.49",
  "test": {
    "accuracy": 0.7674547983310153,
    "accuracy_stderr": 0.017803590022475096,
    "evaluation_time": 7.01,
    "f1": 0.7603206661363519,
    "f1_stderr": 0.021203738127520227,
    "main_score": 0.7674547983310153
  }
}