{
  "dataset_revision": null,
  "mteb_dataset_name": "SciFact-PL",
  "mteb_version": "1.1.1",
  "test": {
    "evaluation_time": 7.83,
    "map_at_1": 0.22444,
    "map_at_10": 0.28971,
    "map_at_100": 0.29998,
    "map_at_1000": 0.30096,
    "map_at_3": 0.2675,
    "map_at_5": 0.28014,
    "mrr_at_1": 0.23333,
    "mrr_at_10": 0.30212,
    "mrr_at_100": 0.30996,
    "mrr_at_1000": 0.31085,
    "mrr_at_3": 0.28,
    "mrr_at_5": 0.29317,
    "ndcg_at_1": 0.23333,
    "ndcg_at_10": 0.33025,
    "ndcg_at_100": 0.37963,
    "ndcg_at_1000": 0.40758,
    "ndcg_at_3": 0.2857,
    "ndcg_at_5": 0.30756,
    "precision_at_1": 0.23333,
    "precision_at_10": 0.05,
    "precision_at_100": 0.0078,
    "precision_at_1000": 0.00103,
    "precision_at_3": 0.11778,
    "precision_at_5": 0.08267,
    "recall_at_1": 0.22444,
    "recall_at_10": 0.44344,
    "recall_at_100": 0.67889,
    "recall_at_1000": 0.9,
    "recall_at_3": 0.32194,
    "recall_at_5": 0.37583
  }
}