{
  "dataset_revision": null,
  "mteb_dataset_name": "SICK-R-PL",
  "mteb_version": "1.1.1",
  "test": {
    "cos_sim": {
      "pearson": 0.7154139792375498,
      "spearman": 0.6552718281409518
    },
    "euclidean": {
      "pearson": 0.6889634290855527,
      "spearman": 0.6568193034954988
    },
    "evaluation_time": 3.11,
    "manhattan": {
      "pearson": 0.6742229779129095,
      "spearman": 0.6363215960298578
    }
  }
}