{
  "dataset_revision": "93d57ef91790589e3ce9c365164337a8a78b7632",
  "mteb_dataset_name": "STSBenchmarkMultilingualSTS",
  "mteb_version": "1.7.49",
  "test": {
    "evaluation_time": 0.96,
    "pl": {
      "cos_sim": {
        "pearson": 0.7540019697280339,
        "spearman": 0.7405778389176845
      },
      "euclidean": {
        "pearson": 0.7138715947267912,
        "spearman": 0.7204646893959512
      },
      "manhattan": {
        "pearson": 0.7069927689949476,
        "spearman": 0.7116060757454369
      }
    }
  }
}