{
  "dataset_revision": null,
  "mteb_dataset_name": "TRECCOVID-PL",
  "mteb_version": "1.1.1",
  "test": {
    "evaluation_time": 196.5,
    "map_at_1": 0.00054,
    "map_at_10": 0.00258,
    "map_at_100": 0.009,
    "map_at_1000": 0.02011,
    "map_at_3": 0.00136,
    "map_at_5": 0.00178,
    "mrr_at_1": 0.2,
    "mrr_at_10": 0.34828,
    "mrr_at_100": 0.35599,
    "mrr_at_1000": 0.35686,
    "mrr_at_3": 0.32,
    "mrr_at_5": 0.334,
    "ndcg_at_1": 0.18,
    "ndcg_at_10": 0.16907,
    "ndcg_at_100": 0.10305,
    "ndcg_at_1000": 0.10621,
    "ndcg_at_3": 0.20492,
    "ndcg_at_5": 0.18721,
    "precision_at_1": 0.2,
    "precision_at_10": 0.176,
    "precision_at_100": 0.103,
    "precision_at_1000": 0.0484,
    "precision_at_3": 0.22667,
    "precision_at_5": 0.2,
    "recall_at_1": 0.00054,
    "recall_at_10": 0.00419,
    "recall_at_100": 0.02377,
    "recall_at_1000": 0.10489,
    "recall_at_3": 0.00183,
    "recall_at_5": 0.00257
  }
}