{
  "dataset_revision": null,
  "mteb_dataset_name": "AllegroReviews",
  "mteb_version": "1.1.1",
  "test": {
    "accuracy": 0.4748508946322067,
    "accuracy_stderr": 0.028461555060090203,
    "evaluation_time": 5.98,
    "f1": 0.4233327527584009,
    "f1_stderr": 0.02256157411962153,
    "main_score": 0.4748508946322067
  }
}