{
  "dataset_revision": null,
  "mteb_dataset_name": "ArguAna-PL",
  "mteb_version": "1.1.1",
  "test": {
    "evaluation_time": 51.78,
    "map_at_1": 0.38834,
    "map_at_10": 0.55229,
    "map_at_100": 0.55792,
    "map_at_1000": 0.55794,
    "map_at_3": 0.51233,
    "map_at_5": 0.53772,
    "mrr_at_1": 0.39687,
    "mrr_at_10": 0.55596,
    "mrr_at_100": 0.56157,
    "mrr_at_1000": 0.56158,
    "mrr_at_3": 0.5166,
    "mrr_at_5": 0.54135,
    "ndcg_at_1": 0.38834,
    "ndcg_at_10": 0.63402,
    "ndcg_at_100": 0.6578,
    "ndcg_at_1000": 0.65816,
    "ndcg_at_3": 0.55349,
    "ndcg_at_5": 0.59892,
    "precision_at_1": 0.38834,
    "precision_at_10": 0.08905,
    "precision_at_100": 0.00994,
    "precision_at_1000": 0.001,
    "precision_at_3": 0.22428,
    "precision_at_5": 0.15647,
    "recall_at_1": 0.38834,
    "recall_at_10": 0.89047,
    "recall_at_100": 0.9936,
    "recall_at_1000": 0.99644,
    "recall_at_3": 0.67283,
    "recall_at_5": 0.78236
  }
}