{
  "dataset_revision": null,
  "mteb_dataset_name": "CBD",
  "mteb_version": "1.1.1",
  "test": {
    "accuracy": 0.6932999999999999,
    "accuracy_stderr": 0.05452898311907165,
    "ap": 0.2297240952144451,
    "ap_stderr": 0.037231752165794316,
    "evaluation_time": 6.61,
    "f1": 0.5891072163784952,
    "f1_stderr": 0.0441993306125592,
    "main_score": 0.6932999999999999
  }
}