{
  "dataset_revision": null,
  "mteb_dataset_name": "CDSC-R",
  "mteb_version": "1.1.1",
  "test": {
    "cos_sim": {
      "pearson": 0.921088892402831,
      "spearman": 0.9254126377343102
    },
    "euclidean": {
      "pearson": 0.9199022371986012,
      "spearman": 0.9255235973775511
    },
    "evaluation_time": 1.31,
    "manhattan": {
      "pearson": 0.9192170171331356,
      "spearman": 0.9247797623672449
    }
  }
}