{
  "dataset_revision": null,
  "mteb_dataset_name": "CDSC-E",
  "mteb_version": "1.1.1",
  "test": {
    "cos_sim": {
      "accuracy": 0.898,
      "accuracy_threshold": 0.982276779583672,
      "ap": 0.7987039801032494,
      "f1": 0.6853932584269663,
      "f1_threshold": 0.9625510866580376,
      "precision": 0.7349397590361446,
      "recall": 0.6421052631578947
    },
    "dot": {
      "accuracy": 0.861,
      "accuracy_threshold": 316.75,
      "ap": 0.6368497586169404,
      "f1": 0.6361746361746362,
      "f1_threshold": 305.0,
      "precision": 0.5257731958762887,
      "recall": 0.8052631578947368
    },
    "euclidean": {
      "accuracy": 0.898,
      "accuracy_threshold": 3.4420011987963273,
      "ap": 0.797527126811392,
      "f1": 0.6846361185983827,
      "f1_threshold": 5.180107842331948,
      "precision": 0.7016574585635359,
      "recall": 0.6684210526315789
    },
    "evaluation_time": 0.97,
    "manhattan": {
      "accuracy": 0.897,
      "accuracy_threshold": 84.23189660906792,
      "ap": 0.7964632771093657,
      "f1": 0.684931506849315,
      "f1_threshold": 127.75224584341049,
      "precision": 0.7142857142857143,
      "recall": 0.6578947368421053
    },
    "max": {
      "accuracy": 0.898,
      "ap": 0.7987039801032494,
      "f1": 0.6853932584269663
    }
  }
}