{
  "dataset_revision": null,
  "mteb_dataset_name": "DBPedia-PL",
  "mteb_version": "1.1.1",
  "test": {
    "evaluation_time": 9146.06,
    "map_at_1": 0.08683,
    "map_at_10": 0.189,
    "map_at_100": 0.26933,
    "map_at_1000": 0.28558,
    "map_at_3": 0.13638,
    "map_at_5": 0.159,
    "mrr_at_1": 0.6375,
    "mrr_at_10": 0.73566,
    "mrr_at_100": 0.73817,
    "mrr_at_1000": 0.73824,
    "mrr_at_3": 0.71875,
    "mrr_at_5": 0.732,
    "ndcg_at_1": 0.53125,
    "ndcg_at_10": 0.40271,
    "ndcg_at_100": 0.4551,
    "ndcg_at_1000": 0.52968,
    "ndcg_at_3": 0.45122,
    "ndcg_at_5": 0.42306,
    "precision_at_1": 0.6375,
    "precision_at_10": 0.3155,
    "precision_at_100": 0.1044,
    "precision_at_1000": 0.0201,
    "precision_at_3": 0.48333,
    "precision_at_5": 0.405,
    "recall_at_1": 0.08683,
    "recall_at_10": 0.2463,
    "recall_at_100": 0.51762,
    "recall_at_1000": 0.7565,
    "recall_at_3": 0.15136,
    "recall_at_5": 0.18678
  }
}