{
  "dataset_revision": null,
  "mteb_dataset_name": "FiQA-PL",
  "mteb_version": "1.1.1",
  "test": {
    "evaluation_time": 326.05,
    "map_at_1": 0.19873,
    "map_at_10": 0.32923,
    "map_at_100": 0.34819,
    "map_at_1000": 0.3499,
    "map_at_3": 0.28501,
    "map_at_5": 0.31088,
    "mrr_at_1": 0.40432,
    "mrr_at_10": 0.49243,
    "mrr_at_100": 0.50014,
    "mrr_at_1000": 0.50055,
    "mrr_at_3": 0.47145,
    "mrr_at_5": 0.48171,
    "ndcg_at_1": 0.40586,
    "ndcg_at_10": 0.40887,
    "ndcg_at_100": 0.47701,
    "ndcg_at_1000": 0.50624,
    "ndcg_at_3": 0.37143,
    "ndcg_at_5": 0.38329,
    "precision_at_1": 0.40586,
    "precision_at_10": 0.11497,
    "precision_at_100": 0.01838,
    "precision_at_1000": 0.00237,
    "precision_at_3": 0.25,
    "precision_at_5": 0.18549,
    "recall_at_1": 0.19873,
    "recall_at_10": 0.48073,
    "recall_at_100": 0.73473,
    "recall_at_1000": 0.9094,
    "recall_at_3": 0.33645,
    "recall_at_5": 0.39711
  }
}