{
  "dataset_revision": null,
  "mteb_dataset_name": "HotpotQA-PL",
  "mteb_version": "1.1.1",
  "test": {
    "evaluation_time": 10476.25,
    "map_at_1": 0.39399,
    "map_at_10": 0.62604,
    "map_at_100": 0.63475,
    "map_at_1000": 0.63534,
    "map_at_3": 0.58871,
    "map_at_5": 0.61217,
    "mrr_at_1": 0.78758,
    "mrr_at_10": 0.84584,
    "mrr_at_100": 0.84753,
    "mrr_at_1000": 0.84759,
    "mrr_at_3": 0.83657,
    "mrr_at_5": 0.84283,
    "ndcg_at_1": 0.78798,
    "ndcg_at_10": 0.7104,
    "ndcg_at_100": 0.74048,
    "ndcg_at_1000": 0.75163,
    "ndcg_at_3": 0.65862,
    "ndcg_at_5": 0.68776,
    "precision_at_1": 0.78798,
    "precision_at_10": 0.14949,
    "precision_at_100": 0.01731,
    "precision_at_1000": 0.00188,
    "precision_at_3": 0.42237,
    "precision_at_5": 0.27635,
    "recall_at_1": 0.39399,
    "recall_at_10": 0.74747,
    "recall_at_100": 0.86529,
    "recall_at_1000": 0.93849,
    "recall_at_3": 0.63356,
    "recall_at_5": 0.69088
  }
}