{
  "dataset_revision": "7d571f92784cd94a019292a1f45445077d0ef634",
  "mteb_dataset_name": "MassiveScenarioClassification",
  "mteb_version": "1.1.1",
  "test": {
    "evaluation_time": 17.55,
    "pl": {
      "accuracy": 0.7784465366509752,
      "accuracy_stderr": 0.016219854811941884,
      "f1": 0.7773439218970052,
      "f1_stderr": 0.015018475663039713,
      "main_score": 0.7784465366509752
    }
  }
}