{
  "dataset_revision": "31efe3c427b0bae9c22cbb560b8f15491cc6bed7",
  "mteb_dataset_name": "MassiveIntentClassification",
  "mteb_version": "1.1.1",
  "test": {
    "evaluation_time": 28.2,
    "pl": {
      "accuracy": 0.7481170141223941,
      "accuracy_stderr": 0.008444365219751847,
      "f1": 0.7202597301218889,
      "f1_stderr": 0.00713102083462691,
      "main_score": 0.7481170141223941
    }
  }
}