{
  "dataset_revision": null,
  "mteb_dataset_name": "MSMARCO-PL",
  "mteb_version": "1.1.1",
  "validation": {
    "evaluation_time": 21293.41,
    "map_at_1": 0.19598,
    "map_at_10": 0.30454,
    "map_at_100": 0.31601,
    "map_at_1000": 0.3166,
    "map_at_3": 0.27118,
    "map_at_5": 0.28943,
    "mrr_at_1": 0.201,
    "mrr_at_10": 0.30978,
    "mrr_at_100": 0.32057,
    "mrr_at_1000": 0.32112,
    "mrr_at_3": 0.27679,
    "mrr_at_5": 0.29493,
    "ndcg_at_1": 0.20158,
    "ndcg_at_10": 0.3663,
    "ndcg_at_100": 0.42291,
    "ndcg_at_1000": 0.43828,
    "ndcg_at_3": 0.29745,
    "ndcg_at_5": 0.33024,
    "precision_at_1": 0.20158,
    "precision_at_10": 0.05812,
    "precision_at_100": 0.00868,
    "precision_at_1000": 0.001,
    "precision_at_3": 0.12689,
    "precision_at_5": 0.09295,
    "recall_at_1": 0.19598,
    "recall_at_10": 0.55597,
    "recall_at_100": 0.82143,
    "recall_at_1000": 0.94015,
    "recall_at_3": 0.3672,
    "recall_at_5": 0.44606
  }
}