{
  "dataset_revision": null,
  "mteb_dataset_name": "NFCorpus-PL",
  "mteb_version": "1.1.1",
  "test": {
    "evaluation_time": 34.28,
    "map_at_1": 0.05604,
    "map_at_10": 0.12684,
    "map_at_100": 0.16274,
    "map_at_1000": 0.17669,
    "map_at_3": 0.09347,
    "map_at_5": 0.10752,
    "mrr_at_1": 0.43963,
    "mrr_at_10": 0.5294,
    "mrr_at_100": 0.53571,
    "mrr_at_1000": 0.53613,
    "mrr_at_3": 0.51032,
    "mrr_at_5": 0.52193,
    "ndcg_at_1": 0.41486,
    "ndcg_at_10": 0.33937,
    "ndcg_at_100": 0.31726,
    "ndcg_at_1000": 0.40331,
    "ndcg_at_3": 0.39217,
    "ndcg_at_5": 0.36521,
    "precision_at_1": 0.43034,
    "precision_at_10": 0.25325,
    "precision_at_100": 0.08022,
    "precision_at_1000": 0.02063,
    "precision_at_3": 0.36945,
    "precision_at_5": 0.31517,
    "recall_at_1": 0.05604,
    "recall_at_10": 0.16554,
    "recall_at_100": 0.33113,
    "recall_at_1000": 0.62832,
    "recall_at_3": 0.10397,
    "recall_at_5": 0.1263
  }
}