{
  "dataset_revision": null,
  "mteb_dataset_name": "NQ-PL",
  "mteb_version": "1.1.1",
  "test": {
    "evaluation_time": 8758.45,
    "map_at_1": 0.26642,
    "map_at_10": 0.40368,
    "map_at_100": 0.41487,
    "map_at_1000": 0.41528,
    "map_at_3": 0.36292,
    "map_at_5": 0.38548,
    "mrr_at_1": 0.30156,
    "mrr_at_10": 0.42853,
    "mrr_at_100": 0.43742,
    "mrr_at_1000": 0.43772,
    "mrr_at_3": 0.3947,
    "mrr_at_5": 0.41366,
    "ndcg_at_1": 0.30214,
    "ndcg_at_10": 0.4762,
    "ndcg_at_100": 0.52486,
    "ndcg_at_1000": 0.53482,
    "ndcg_at_3": 0.39864,
    "ndcg_at_5": 0.43645,
    "precision_at_1": 0.30214,
    "precision_at_10": 0.0803,
    "precision_at_100": 0.01074,
    "precision_at_1000": 0.00117,
    "precision_at_3": 0.18183,
    "precision_at_5": 0.13105,
    "recall_at_1": 0.26642,
    "recall_at_10": 0.67282,
    "recall_at_100": 0.88632,
    "recall_at_1000": 0.96109,
    "recall_at_3": 0.47048,
    "recall_at_5": 0.55791
  }
}