{
  "dataset_revision": null,
  "mteb_dataset_name": "PAC",
  "mteb_version": "1.1.1",
  "test": {
    "accuracy": 0.6469446857804807,
    "accuracy_stderr": 0.05269353896626031,
    "ap": 0.7558028779280512,
    "ap_stderr": 0.03210972234577259,
    "evaluation_time": 4.95,
    "f1": 0.623610392963539,
    "f1_stderr": 0.05609803729714198,
    "main_score": 0.6469446857804807
  }
}