{
  "dataset_revision": null,
  "mteb_dataset_name": "PolEmo2.0-IN",
  "mteb_version": "1.1.1",
  "test": {
    "accuracy": 0.7684210526315789,
    "accuracy_stderr": 0.04047450692310252,
    "evaluation_time": 7.1,
    "f1": 0.7549713789106988,
    "f1_stderr": 0.026732002886719924,
    "main_score": 0.7684210526315789
  }
}