{
  "dataset_revision": null,
  "mteb_dataset_name": "PolEmo2.0-OUT",
  "mteb_version": "1.1.1",
  "test": {
    "accuracy": 0.537246963562753,
    "accuracy_stderr": 0.04763067992289794,
    "evaluation_time": 5.71,
    "f1": 0.43060592194322983,
    "f1_stderr": 0.03396737669768814,
    "main_score": 0.537246963562753
  }
}