{
  "dataset_revision": null,
  "mteb_dataset_name": "PSC",
  "mteb_version": "1.1.1",
  "test": {
    "cos_sim": {
      "accuracy": 0.9703153988868275,
      "accuracy_threshold": 0.9037621852240301,
      "ap": 0.9863208302459416,
      "f1": 0.9506172839506174,
      "f1_threshold": 0.9037621852240301,
      "precision": 0.9625,
      "recall": 0.9390243902439024
    },
    "dot": {
      "accuracy": 0.8682745825602969,
      "accuracy_threshold": 285.0,
      "ap": 0.8377450133931302,
      "f1": 0.7930535455861071,
      "f1_threshold": 283.25,
      "precision": 0.7548209366391184,
      "recall": 0.8353658536585366
    },
    "euclidean": {
      "accuracy": 0.9703153988868275,
      "accuracy_threshold": 8.0477223583899,
      "ap": 0.9880678168225653,
      "f1": 0.9520958083832335,
      "f1_threshold": 8.09678800420398,
      "precision": 0.9352941176470588,
      "recall": 0.9695121951219512
    },
    "evaluation_time": 2.62,
    "manhattan": {
      "accuracy": 0.9721706864564007,
      "accuracy_threshold": 202.28048479557037,
      "ap": 0.9882279484224187,
      "f1": 0.9544072948328268,
      "f1_threshold": 202.28048479557037,
      "precision": 0.9515151515151515,
      "recall": 0.9573170731707317
    },
    "max": {
      "accuracy": 0.9721706864564007,
      "ap": 0.9882279484224187,
      "f1": 0.9544072948328268
    }
  }
}