{
  "dataset_revision": null,
  "mteb_dataset_name": "Quora-PL",
  "mteb_version": "1.1.1",
  "test": {
    "evaluation_time": 366.09,
    "map_at_1": 0.67021,
    "map_at_10": 0.81362,
    "map_at_100": 0.82067,
    "map_at_1000": 0.82084,
    "map_at_3": 0.78223,
    "map_at_5": 0.80219,
    "mrr_at_1": 0.7717,
    "mrr_at_10": 0.84222,
    "mrr_at_100": 0.84376,
    "mrr_at_1000": 0.84379,
    "mrr_at_3": 0.83003,
    "mrr_at_5": 0.83834,
    "ndcg_at_1": 0.7729,
    "ndcg_at_10": 0.85506,
    "ndcg_at_100": 0.87,
    "ndcg_at_1000": 0.87143,
    "ndcg_at_3": 0.8217,
    "ndcg_at_5": 0.84057,
    "precision_at_1": 0.7729,
    "precision_at_10": 0.1315,
    "precision_at_100": 0.01522,
    "precision_at_1000": 0.00156,
    "precision_at_3": 0.36173,
    "precision_at_5": 0.23988,
    "recall_at_1": 0.67021,
    "recall_at_10": 0.93943,
    "recall_at_100": 0.99167,
    "recall_at_1000": 0.99929,
    "recall_at_3": 0.84558,
    "recall_at_5": 0.89697
  }
}