{
  "dataset_revision": "4755de8baebc07bed0c60cec9f796e9a346600cb",
  "mteb_dataset_name": "SciDefRetrieval",
  "mteb_version": "1.7.49",
  "test": {
    "evaluation_time": 3.41,
    "map_at_1": 0.67305,
    "map_at_10": 0.75254,
    "map_at_100": 0.75651,
    "map_at_1000": 0.75661,
    "map_at_20": 0.75506,
    "map_at_3": 0.73883,
    "map_at_5": 0.74723,
    "mrr_at_1": 0.67599,
    "mrr_at_10": 0.75406,
    "mrr_at_100": 0.75813,
    "mrr_at_1000": 0.75823,
    "mrr_at_20": 0.75668,
    "mrr_at_3": 0.74055,
    "mrr_at_5": 0.74865,
    "ndcg_at_1": 0.67305,
    "ndcg_at_10": 0.78711,
    "ndcg_at_100": 0.80573,
    "ndcg_at_1000": 0.80837,
    "ndcg_at_20": 0.79613,
    "ndcg_at_3": 0.7591,
    "ndcg_at_5": 0.77424,
    "precision_at_1": 0.67305,
    "precision_at_10": 0.0894,
    "precision_at_100": 0.00979,
    "precision_at_1000": 0.001,
    "precision_at_20": 0.04647,
    "precision_at_3": 0.27246,
    "precision_at_5": 0.17084,
    "recall_at_1": 0.67305,
    "recall_at_10": 0.89396,
    "recall_at_100": 0.97938,
    "recall_at_1000": 1.0,
    "recall_at_20": 0.92931,
    "recall_at_3": 0.81738,
    "recall_at_5": 0.8542
  }
}