{
  "dataset_revision": null,
  "mteb_dataset_name": "SCIDOCS-PL",
  "mteb_version": "1.1.1",
  "test": {
    "evaluation_time": 185.67,
    "map_at_1": 0.04523,
    "map_at_10": 0.11584,
    "map_at_100": 0.13705,
    "map_at_1000": 0.14039,
    "map_at_3": 0.08188,
    "map_at_5": 0.09922,
    "mrr_at_1": 0.221,
    "mrr_at_10": 0.32947,
    "mrr_at_100": 0.3411,
    "mrr_at_1000": 0.34163,
    "mrr_at_3": 0.29633,
    "mrr_at_5": 0.31658,
    "ndcg_at_1": 0.222,
    "ndcg_at_10": 0.19466,
    "ndcg_at_100": 0.27725,
    "ndcg_at_1000": 0.33539,
    "ndcg_at_3": 0.1826,
    "ndcg_at_5": 0.16265,
    "precision_at_1": 0.222,
    "precision_at_10": 0.1011,
    "precision_at_100": 0.02204,
    "precision_at_1000": 0.0036,
    "precision_at_3": 0.171,
    "precision_at_5": 0.1444,
    "recall_at_1": 0.04523,
    "recall_at_10": 0.20497,
    "recall_at_100": 0.44757,
    "recall_at_1000": 0.73147,
    "recall_at_3": 0.10413,
    "recall_at_5": 0.14638
  }
}