{
  "dataset_revision": null,
  "mteb_dataset_name": "SciFact-PL",
  "mteb_version": "1.1.1",
  "test": {
    "evaluation_time": 48.9,
    "map_at_1": 0.5605,
    "map_at_10": 0.65933,
    "map_at_100": 0.66571,
    "map_at_1000": 0.666,
    "map_at_3": 0.63489,
    "map_at_5": 0.64918,
    "mrr_at_1": 0.59,
    "mrr_at_10": 0.67026,
    "mrr_at_100": 0.67559,
    "mrr_at_1000": 0.67586,
    "mrr_at_3": 0.65444,
    "mrr_at_5": 0.66278,
    "ndcg_at_1": 0.59,
    "ndcg_at_10": 0.70233,
    "ndcg_at_100": 0.72789,
    "ndcg_at_1000": 0.73637,
    "ndcg_at_3": 0.66407,
    "ndcg_at_5": 0.68206,
    "precision_at_1": 0.59,
    "precision_at_10": 0.09367,
    "precision_at_100": 0.0106,
    "precision_at_1000": 0.00113,
    "precision_at_3": 0.26222,
    "precision_at_5": 0.17067,
    "recall_at_1": 0.5605,
    "recall_at_10": 0.82089,
    "recall_at_100": 0.93167,
    "recall_at_1000": 1.0,
    "recall_at_3": 0.71822,
    "recall_at_5": 0.76483
  }
}