{
  "dataset_revision": "8064b4442da038aa0482a2542370f9a2441cc50a",
  "mteb_dataset_name": "SciField",
  "mteb_version": "1.7.49",
  "test": {
    "accuracy": 0.8500695410292071,
    "accuracy_stderr": 0.020732558968798068,
    "evaluation_time": 7.98,
    "f1": 0.8472910048773622,
    "f1_stderr": 0.020911983206950716,
    "main_score": 0.8500695410292071
  }
}