{
  "dataset_revision": null,
  "mteb_dataset_name": "SICK-R-PL",
  "mteb_version": "1.1.1",
  "test": {
    "cos_sim": {
      "pearson": 0.8305629619004273,
      "spearman": 0.7990632583043679
    },
    "euclidean": {
      "pearson": 0.8156426663515931,
      "spearman": 0.8005439220131294
    },
    "evaluation_time": 4.4,
    "manhattan": {
      "pearson": 0.8152958181013108,
      "spearman": 0.8003874671633829
    }
  }
}