{
  "dataset_revision": null,
  "mteb_dataset_name": "SICK-E-PL",
  "mteb_version": "1.1.1",
  "test": {
    "cos_sim": {
      "accuracy": 0.874235629841011,
      "accuracy_threshold": 0.9627668904786324,
      "ap": 0.8446531935663157,
      "f1": 0.7718910963944078,
      "f1_threshold": 0.9618282915061538,
      "precision": 0.7983257229832572,
      "recall": 0.7471509971509972
    },
    "dot": {
      "accuracy": 0.8110476966979209,
      "accuracy_threshold": 326.25,
      "ap": 0.7112231750543143,
      "f1": 0.6813455657492355,
      "f1_threshold": 318.75,
      "precision": 0.5969989281886388,
      "recall": 0.7934472934472935
    },
    "euclidean": {
      "accuracy": 0.8721973094170403,
      "accuracy_threshold": 4.895318895787215,
      "ap": 0.8433077991405356,
      "f1": 0.7681931132410365,
      "f1_threshold": 5.353070977342161,
      "precision": 0.7657466383581033,
      "recall": 0.7706552706552706
    },
    "evaluation_time": 3.83,
    "manhattan": {
      "accuracy": 0.8721973094170403,
      "accuracy_threshold": 121.07753562927246,
      "ap": 0.8435651252115137,
      "f1": 0.7687004481213375,
      "f1_threshold": 141.89126324653625,
      "precision": 0.7448229792919172,
      "recall": 0.7941595441595442
    },
    "max": {
      "accuracy": 0.874235629841011,
      "ap": 0.8446531935663157,
      "f1": 0.7718910963944078
    }
  }
}