{
  "dataset_revision": "93d57ef91790589e3ce9c365164337a8a78b7632",
  "mteb_dataset_name": "STSBenchmarkMultilingualSTS",
  "mteb_version": "1.7.49",
  "test": {
    "evaluation_time": 1.56,
    "pl": {
      "cos_sim": {
        "pearson": 0.8041742442052447,
        "spearman": 0.8325035858515176
      },
      "euclidean": {
        "pearson": 0.8292396690000021,
        "spearman": 0.8367344575456268
      },
      "manhattan": {
        "pearson": 0.8289552453806157,
        "spearman": 0.8361576118126872
      }
    }
  }
}