{
  "dataset_revision": null,
  "mteb_dataset_name": "TRECCOVID-PL",
  "mteb_version": "1.1.1",
  "test": {
    "evaluation_time": 1267.71,
    "map_at_1": 0.0021,
    "map_at_10": 0.01768,
    "map_at_100": 0.09448,
    "map_at_1000": 0.21728,
    "map_at_3": 0.00603,
    "map_at_5": 0.00961,
    "mrr_at_1": 0.8,
    "mrr_at_10": 0.88667,
    "mrr_at_100": 0.88667,
    "mrr_at_1000": 0.88667,
    "mrr_at_3": 0.87667,
    "mrr_at_5": 0.88667,
    "ndcg_at_1": 0.77,
    "ndcg_at_10": 0.70814,
    "ndcg_at_100": 0.52532,
    "ndcg_at_1000": 0.45636,
    "ndcg_at_3": 0.76542,
    "ndcg_at_5": 0.7324,
    "precision_at_1": 0.8,
    "precision_at_10": 0.75,
    "precision_at_100": 0.5388,
    "precision_at_1000": 0.20002,
    "precision_at_3": 0.8,
    "precision_at_5": 0.764,
    "recall_at_1": 0.0021,
    "recall_at_10": 0.02012,
    "recall_at_100": 0.12782,
    "recall_at_1000": 0.4205,
    "recall_at_3": 0.00644,
    "recall_at_5": 0.0104
  }
}