{
  "dataset_revision": null,
  "mteb_dataset_name": "AllegroReviews",
  "mteb_version": "1.1.1",
  "test": {
    "accuracy": 0.34552683896620284,
    "accuracy_stderr": 0.049904556566264725,
    "evaluation_time": 2.99,
    "f1": 0.31173979949990777,
    "f1_stderr": 0.030348226500883455,
    "main_score": 0.34552683896620284
  }
}