{
  "dataset_revision": null,
  "mteb_dataset_name": "ArguAna-PL",
  "mteb_version": "1.1.1",
  "test": {
    "evaluation_time": 21.84,
    "map_at_1": 0.25889,
    "map_at_10": 0.42596,
    "map_at_100": 0.43485,
    "map_at_1000": 0.43491,
    "map_at_3": 0.37447,
    "map_at_5": 0.40352,
    "mrr_at_1": 0.26956,
    "mrr_at_10": 0.43006,
    "mrr_at_100": 0.43881,
    "mrr_at_1000": 0.43887,
    "mrr_at_3": 0.3785,
    "mrr_at_5": 0.40791,
    "ndcg_at_1": 0.25889,
    "ndcg_at_10": 0.51869,
    "ndcg_at_100": 0.55735,
    "ndcg_at_1000": 0.55867,
    "ndcg_at_3": 0.41235,
    "ndcg_at_5": 0.4649,
    "precision_at_1": 0.25889,
    "precision_at_10": 0.08151,
    "precision_at_100": 0.00986,
    "precision_at_1000": 0.001,
    "precision_at_3": 0.17402,
    "precision_at_5": 0.13001,
    "recall_at_1": 0.25889,
    "recall_at_10": 0.81508,
    "recall_at_100": 0.98578,
    "recall_at_1000": 0.99573,
    "recall_at_3": 0.52205,
    "recall_at_5": 0.65007
  }
}