{
  "dataset_revision": null,
  "mteb_dataset_name": "CBD",
  "mteb_version": "1.1.1",
  "test": {
    "accuracy": 0.6748000000000001,
    "accuracy_stderr": 0.05850435881197228,
    "ap": 0.2219817059027739,
    "ap_stderr": 0.04024195652584455,
    "evaluation_time": 9.17,
    "f1": 0.5732902831746717,
    "f1_stderr": 0.050650216302793524,
    "main_score": 0.6748000000000001
  }
}