{
  "dataset_revision": null,
  "mteb_dataset_name": "CDSC-R",
  "mteb_version": "1.1.1",
  "test": {
    "cos_sim": {
      "pearson": 0.8766389128609898,
      "spearman": 0.8855496756981803
    },
    "euclidean": {
      "pearson": 0.9020711895953453,
      "spearman": 0.8945134611391315
    },
    "evaluation_time": 0.82,
    "manhattan": {
      "pearson": 0.899957241119001,
      "spearman": 0.8921846179248297
    }
  }
}