{
  "dataset_revision": null,
  "mteb_dataset_name": "CDSC-E",
  "mteb_version": "1.1.1",
  "test": {
    "cos_sim": {
      "accuracy": 0.891,
      "accuracy_threshold": 0.9704278111457825,
      "ap": 0.7506348728222773,
      "f1": 0.659400544959128,
      "f1_threshold": 0.9359005689620972,
      "precision": 0.6836158192090396,
      "recall": 0.6368421052631579
    },
    "dot": {
      "accuracy": 0.854,
      "accuracy_threshold": 7.994493007659912,
      "ap": 0.6210206841562621,
      "f1": 0.5839793281653748,
      "f1_threshold": 7.425873279571533,
      "precision": 0.5736040609137056,
      "recall": 0.5947368421052631
    },
    "euclidean": {
      "accuracy": 0.888,
      "accuracy_threshold": 0.565220832824707,
      "ap": 0.7495532646831222,
      "f1": 0.6611570247933884,
      "f1_threshold": 0.9970530867576599,
      "precision": 0.6936416184971098,
      "recall": 0.631578947368421
    },
    "evaluation_time": 0.73,
    "manhattan": {
      "accuracy": 0.888,
      "accuracy_threshold": 13.991250991821289,
      "ap": 0.7479208985948154,
      "f1": 0.6559139784946236,
      "f1_threshold": 21.830615997314453,
      "precision": 0.6703296703296703,
      "recall": 0.6421052631578947
    },
    "max": {
      "accuracy": 0.891,
      "ap": 0.7506348728222773,
      "f1": 0.6611570247933884
    }
  }
}