{
  "dataset_revision": null,
  "mteb_dataset_name": "DBPedia-PL",
  "mteb_version": "1.1.1",
  "test": {
    "evaluation_time": 3483.01,
    "map_at_1": 0.05453,
    "map_at_10": 0.10535,
    "map_at_100": 0.1395,
    "map_at_1000": 0.1488,
    "map_at_3": 0.07907,
    "map_at_5": 0.09087,
    "mrr_at_1": 0.4575,
    "mrr_at_10": 0.54137,
    "mrr_at_100": 0.54677,
    "mrr_at_1000": 0.54704,
    "mrr_at_3": 0.51958,
    "mrr_at_5": 0.53183,
    "ndcg_at_1": 0.355,
    "ndcg_at_10": 0.24595,
    "ndcg_at_100": 0.27027,
    "ndcg_at_1000": 0.33514,
    "ndcg_at_3": 0.29052,
    "ndcg_at_5": 0.26553,
    "precision_at_1": 0.4575,
    "precision_at_10": 0.19675,
    "precision_at_100": 0.05995,
    "precision_at_1000": 0.01387,
    "precision_at_3": 0.32917,
    "precision_at_5": 0.264,
    "recall_at_1": 0.05453,
    "recall_at_10": 0.14801,
    "recall_at_100": 0.32376,
    "recall_at_1000": 0.53714,
    "recall_at_3": 0.08772,
    "recall_at_5": 0.10883
  }
}