{
  "dataset_revision": null,
  "mteb_dataset_name": "FiQA-PL",
  "mteb_version": "1.1.1",
  "test": {
    "evaluation_time": 121.09,
    "map_at_1": 0.09255,
    "map_at_10": 0.1643,
    "map_at_100": 0.1768,
    "map_at_1000": 0.17903,
    "map_at_3": 0.13783,
    "map_at_5": 0.15173,
    "mrr_at_1": 0.19444,
    "mrr_at_10": 0.2748,
    "mrr_at_100": 0.28328,
    "mrr_at_1000": 0.2842,
    "mrr_at_3": 0.25051,
    "mrr_at_5": 0.26463,
    "ndcg_at_1": 0.19444,
    "ndcg_at_10": 0.22273,
    "ndcg_at_100": 0.27962,
    "ndcg_at_1000": 0.32486,
    "ndcg_at_3": 0.19024,
    "ndcg_at_5": 0.20154,
    "precision_at_1": 0.19444,
    "precision_at_10": 0.06651,
    "precision_at_100": 0.01256,
    "precision_at_1000": 0.00202,
    "precision_at_3": 0.13066,
    "precision_at_5": 0.09969,
    "recall_at_1": 0.09255,
    "recall_at_10": 0.28572,
    "recall_at_100": 0.50762,
    "recall_at_1000": 0.78754,
    "recall_at_3": 0.17579,
    "recall_at_5": 0.22193
  }
}