{
  "dataset_revision": null,
  "mteb_dataset_name": "HotpotQA-PL",
  "mteb_version": "1.1.1",
  "test": {
    "evaluation_time": 4225.73,
    "map_at_1": 0.18251,
    "map_at_10": 0.24894,
    "map_at_100": 0.25756,
    "map_at_1000": 0.25858,
    "map_at_3": 0.22986,
    "map_at_5": 0.2401,
    "mrr_at_1": 0.36502,
    "mrr_at_10": 0.43904,
    "mrr_at_100": 0.44646,
    "mrr_at_1000": 0.44702,
    "mrr_at_3": 0.41956,
    "mrr_at_5": 0.43072,
    "ndcg_at_1": 0.36502,
    "ndcg_at_10": 0.32108,
    "ndcg_at_100": 0.36143,
    "ndcg_at_1000": 0.38615,
    "ndcg_at_3": 0.28436,
    "ndcg_at_5": 0.30181,
    "precision_at_1": 0.36502,
    "precision_at_10": 0.06995,
    "precision_at_100": 0.01021,
    "precision_at_1000": 0.00135,
    "precision_at_3": 0.17785,
    "precision_at_5": 0.12051,
    "recall_at_1": 0.18251,
    "recall_at_10": 0.34976,
    "recall_at_100": 0.51053,
    "recall_at_1000": 0.67583,
    "recall_at_3": 0.26678,
    "recall_at_5": 0.30128
  }
}