{
  "dataset_revision": "7d571f92784cd94a019292a1f45445077d0ef634",
  "mteb_dataset_name": "MassiveScenarioClassification",
  "mteb_version": "1.1.1",
  "test": {
    "evaluation_time": 3.32,
    "pl": {
      "accuracy": 0.7184599865501008,
      "accuracy_stderr": 0.020653397472915284,
      "f1": 0.7187822867009778,
      "f1_stderr": 0.017797456637739083,
      "main_score": 0.7184599865501008
    }
  }
}