{
  "dataset_revision": "31efe3c427b0bae9c22cbb560b8f15491cc6bed7",
  "mteb_dataset_name": "MassiveIntentClassification",
  "mteb_version": "1.1.1",
  "test": {
    "evaluation_time": 19.26,
    "pl": {
      "accuracy": 0.6592804303967721,
      "accuracy_stderr": 0.012552483605211055,
      "f1": 0.6348919005120152,
      "f1_stderr": 0.01010941902813648,
      "main_score": 0.6592804303967721
    }
  }
}