{
  "dataset_revision": null,
  "mteb_dataset_name": "MSMARCO-PL",
  "mteb_version": "1.1.1",
  "validation": {
    "evaluation_time": 8535.58,
    "map_at_1": 0.0852,
    "map_at_10": 0.14271,
    "map_at_100": 0.15257,
    "map_at_1000": 0.15354,
    "map_at_3": 0.12096,
    "map_at_5": 0.13257,
    "mrr_at_1": 0.08797,
    "mrr_at_10": 0.14628,
    "mrr_at_100": 0.15606,
    "mrr_at_1000": 0.15697,
    "mrr_at_3": 0.12438,
    "mrr_at_5": 0.13603,
    "ndcg_at_1": 0.08797,
    "ndcg_at_10": 0.17913,
    "ndcg_at_100": 0.23198,
    "ndcg_at_1000": 0.25967,
    "ndcg_at_3": 0.13377,
    "ndcg_at_5": 0.15471,
    "precision_at_1": 0.08797,
    "precision_at_10": 0.03049,
    "precision_at_100": 0.00577,
    "precision_at_1000": 0.00082,
    "precision_at_3": 0.05783,
    "precision_at_5": 0.04539,
    "recall_at_1": 0.0852,
    "recall_at_10": 0.29266,
    "recall_at_100": 0.54862,
    "recall_at_1000": 0.76816,
    "recall_at_3": 0.1676,
    "recall_at_5": 0.21815
  }
}