{
  "dataset_revision": null,
  "mteb_dataset_name": "NFCorpus-PL",
  "mteb_version": "1.1.1",
  "test": {
    "evaluation_time": 12.76,
    "map_at_1": 0.03315,
    "map_at_10": 0.07398,
    "map_at_100": 0.09865,
    "map_at_1000": 0.11274,
    "map_at_3": 0.05343,
    "map_at_5": 0.06277,
    "mrr_at_1": 0.32817,
    "mrr_at_10": 0.41496,
    "mrr_at_100": 0.42182,
    "mrr_at_1000": 0.4224,
    "mrr_at_3": 0.39319,
    "mrr_at_5": 0.40372,
    "ndcg_at_1": 0.31579,
    "ndcg_at_10": 0.24049,
    "ndcg_at_100": 0.23452,
    "ndcg_at_1000": 0.33252,
    "ndcg_at_3": 0.28155,
    "ndcg_at_5": 0.26127,
    "precision_at_1": 0.32817,
    "precision_at_10": 0.18669,
    "precision_at_100": 0.06632,
    "precision_at_1000": 0.02016,
    "precision_at_3": 0.27038,
    "precision_at_5": 0.23282,
    "recall_at_1": 0.03315,
    "recall_at_10": 0.10817,
    "recall_at_100": 0.26288,
    "recall_at_1000": 0.6018,
    "recall_at_3": 0.0625,
    "recall_at_5": 0.07884
  }
}