{
  "dataset_revision": null,
  "mteb_dataset_name": "NQ-PL",
  "mteb_version": "1.1.1",
  "test": {
    "evaluation_time": 3325.72,
    "map_at_1": 0.10899,
    "map_at_10": 0.18744,
    "map_at_100": 0.19834,
    "map_at_1000": 0.19926,
    "map_at_3": 0.1595,
    "map_at_5": 0.1753,
    "mrr_at_1": 0.12486,
    "mrr_at_10": 0.20448,
    "mrr_at_100": 0.21394,
    "mrr_at_1000": 0.21469,
    "mrr_at_3": 0.17734,
    "mrr_at_5": 0.19315,
    "ndcg_at_1": 0.12486,
    "ndcg_at_10": 0.23536,
    "ndcg_at_100": 0.28982,
    "ndcg_at_1000": 0.31559,
    "ndcg_at_3": 0.17951,
    "ndcg_at_5": 0.20724,
    "precision_at_1": 0.12486,
    "precision_at_10": 0.04374,
    "precision_at_100": 0.00752,
    "precision_at_1000": 0.001,
    "precision_at_3": 0.08594,
    "precision_at_5": 0.06715,
    "recall_at_1": 0.10899,
    "recall_at_10": 0.36655,
    "recall_at_100": 0.61916,
    "recall_at_1000": 0.81921,
    "recall_at_3": 0.21958,
    "recall_at_5": 0.28394
  }
}