{
  "dataset_revision": null,
  "mteb_dataset_name": "PAC",
  "mteb_version": "1.1.1",
  "test": {
    "accuracy": 0.6324934839270199,
    "accuracy_stderr": 0.04193670963552059,
    "ap": 0.7510295262535192,
    "ap_stderr": 0.028627653005977218,
    "evaluation_time": 2.79,
    "f1": 0.6099255085398257,
    "f1_stderr": 0.04909277764143094,
    "main_score": 0.6324934839270199
  }
}