{
  "dataset_revision": null,
  "mteb_dataset_name": "PolEmo2.0-IN",
  "mteb_version": "1.1.1",
  "test": {
    "accuracy": 0.6836565096952907,
    "accuracy_stderr": 0.038871086881174986,
    "evaluation_time": 3.27,
    "f1": 0.6775951523712809,
    "f1_stderr": 0.029321508646234992,
    "main_score": 0.6836565096952907
  }
}