{
  "dataset_revision": null,
  "mteb_dataset_name": "PolEmo2.0-OUT",
  "mteb_version": "1.1.1",
  "test": {
    "accuracy": 0.30991902834008095,
    "accuracy_stderr": 0.0658280796102295,
    "evaluation_time": 2.65,
    "f1": 0.28261143848141523,
    "f1_stderr": 0.03611523270000337,
    "main_score": 0.30991902834008095
  }
}