{
  "dataset_revision": null,
  "mteb_dataset_name": "PPC",
  "mteb_version": "1.1.1",
  "test": {
    "cos_sim": {
      "accuracy": 0.89,
      "accuracy_threshold": 0.8442102670669556,
      "ap": 0.9348698065651139,
      "f1": 0.9135220125786163,
      "f1_threshold": 0.8442102670669556,
      "precision": 0.8697604790419161,
      "recall": 0.9619205298013245
    },
    "dot": {
      "accuracy": 0.805,
      "accuracy_threshold": 5.506281852722168,
      "ap": 0.8897347883973427,
      "f1": 0.8491704374057316,
      "f1_threshold": 5.164802551269531,
      "precision": 0.7797783933518005,
      "recall": 0.9321192052980133
    },
    "euclidean": {
      "accuracy": 0.895,
      "accuracy_threshold": 1.3751318454742432,
      "ap": 0.9363656512245648,
      "f1": 0.9169278996865203,
      "f1_threshold": 1.5175154209136963,
      "precision": 0.8705357142857143,
      "recall": 0.9685430463576159
    },
    "evaluation_time": 1.28,
    "manhattan": {
      "accuracy": 0.896,
      "accuracy_threshold": 29.668201446533203,
      "ap": 0.936717885767588,
      "f1": 0.9174454828660437,
      "f1_threshold": 33.42087173461914,
      "precision": 0.8661764705882353,
      "recall": 0.9751655629139073
    },
    "max": {
      "accuracy": 0.896,
      "ap": 0.936717885767588,
      "f1": 0.9174454828660437
    }
  }
}