{
  "dataset_revision": null,
  "mteb_dataset_name": "PSC",
  "mteb_version": "1.1.1",
  "test": {
    "cos_sim": {
      "accuracy": 0.9749536178107606,
      "accuracy_threshold": 0.6992124319076538,
      "ap": 0.990528589671728,
      "f1": 0.9592760180995474,
      "f1_threshold": 0.6934247016906738,
      "precision": 0.9492537313432836,
      "recall": 0.9695121951219512
    },
    "dot": {
      "accuracy": 0.9406307977736549,
      "accuracy_threshold": 3.4530458450317383,
      "ap": 0.9542203305657824,
      "f1": 0.9085714285714286,
      "f1_threshold": 3.438202381134033,
      "precision": 0.8548387096774194,
      "recall": 0.9695121951219512
    },
    "euclidean": {
      "accuracy": 0.9712430426716141,
      "accuracy_threshold": 1.9067175388336182,
      "ap": 0.9890886103615603,
      "f1": 0.9540740740740741,
      "f1_threshold": 1.9067175388336182,
      "precision": 0.9279538904899135,
      "recall": 0.9817073170731707
    },
    "evaluation_time": 1.6,
    "manhattan": {
      "accuracy": 0.9721706864564007,
      "accuracy_threshold": 40.691314697265625,
      "ap": 0.989328508091607,
      "f1": 0.9554896142433235,
      "f1_threshold": 40.691314697265625,
      "precision": 0.930635838150289,
      "recall": 0.9817073170731707
    },
    "max": {
      "accuracy": 0.9749536178107606,
      "ap": 0.990528589671728,
      "f1": 0.9592760180995474
    }
  }
}