{
  "dataset_revision": null,
  "mteb_dataset_name": "Quora-PL",
  "mteb_version": "1.1.1",
  "test": {
    "evaluation_time": 203.46,
    "map_at_1": 0.63521,
    "map_at_10": 0.77105,
    "map_at_100": 0.77929,
    "map_at_1000": 0.77953,
    "map_at_3": 0.73973,
    "map_at_5": 0.75945,
    "mrr_at_1": 0.7324,
    "mrr_at_10": 0.80419,
    "mrr_at_100": 0.80682,
    "mrr_at_1000": 0.80688,
    "mrr_at_3": 0.79052,
    "mrr_at_5": 0.79963,
    "ndcg_at_1": 0.7324,
    "ndcg_at_10": 0.8149,
    "ndcg_at_100": 0.83573,
    "ndcg_at_1000": 0.83838,
    "ndcg_at_3": 0.77887,
    "ndcg_at_5": 0.79896,
    "precision_at_1": 0.7324,
    "precision_at_10": 0.12556,
    "precision_at_100": 0.015,
    "precision_at_1000": 0.00155,
    "precision_at_3": 0.34197,
    "precision_at_5": 0.22776,
    "recall_at_1": 0.63521,
    "recall_at_10": 0.90369,
    "recall_at_100": 0.98111,
    "recall_at_1000": 0.99687,
    "recall_at_3": 0.80315,
    "recall_at_5": 0.8569
  }
}