{
  "dataset_revision": null,
  "mteb_dataset_name": "SCIDOCS-PL",
  "mteb_version": "1.1.1",
  "test": {
    "evaluation_time": 66.99,
    "map_at_1": 0.0305,
    "map_at_10": 0.0755,
    "map_at_100": 0.09062,
    "map_at_1000": 0.09328,
    "map_at_3": 0.05428,
    "map_at_5": 0.06541,
    "mrr_at_1": 0.15,
    "mrr_at_10": 0.2311,
    "mrr_at_100": 0.2427,
    "mrr_at_1000": 0.24363,
    "mrr_at_3": 0.2015,
    "mrr_at_5": 0.21855,
    "ndcg_at_1": 0.15,
    "ndcg_at_10": 0.13227,
    "ndcg_at_100": 0.19917,
    "ndcg_at_1000": 0.254,
    "ndcg_at_3": 0.12282,
    "ndcg_at_5": 0.10991,
    "precision_at_1": 0.15,
    "precision_at_10": 0.0696,
    "precision_at_100": 0.01676,
    "precision_at_1000": 0.003,
    "precision_at_3": 0.11567,
    "precision_at_5": 0.0986,
    "recall_at_1": 0.0305,
    "recall_at_10": 0.1409,
    "recall_at_100": 0.34017,
    "recall_at_1000": 0.61027,
    "recall_at_3": 0.0702,
    "recall_at_5": 0.0997
  }
}