{
  "dataset_revision": "4755de8baebc07bed0c60cec9f796e9a346600cb",
  "mteb_dataset_name": "SciDefRetrieval",
  "mteb_version": "1.7.49",
  "test": {
    "evaluation_time": 1.99,
    "map_at_1": 0.4433,
    "map_at_10": 0.52643,
    "map_at_100": 0.53518,
    "map_at_1000": 0.53564,
    "map_at_20": 0.53203,
    "map_at_3": 0.50442,
    "map_at_5": 0.51723,
    "mrr_at_1": 0.44183,
    "mrr_at_10": 0.52556,
    "mrr_at_100": 0.53431,
    "mrr_at_1000": 0.53477,
    "mrr_at_20": 0.53117,
    "mrr_at_3": 0.50368,
    "mrr_at_5": 0.51635,
    "ndcg_at_1": 0.4433,
    "ndcg_at_10": 0.57158,
    "ndcg_at_100": 0.61345,
    "ndcg_at_1000": 0.62512,
    "ndcg_at_20": 0.59179,
    "ndcg_at_3": 0.52533,
    "ndcg_at_5": 0.5484,
    "precision_at_1": 0.4433,
    "precision_at_10": 0.07158,
    "precision_at_100": 0.0091,
    "precision_at_1000": 0.001,
    "precision_at_20": 0.03976,
    "precision_at_3": 0.19539,
    "precision_at_5": 0.12842,
    "recall_at_1": 0.4433,
    "recall_at_10": 0.71576,
    "recall_at_100": 0.91016,
    "recall_at_1000": 1.0,
    "recall_at_20": 0.79529,
    "recall_at_3": 0.58616,
    "recall_at_5": 0.64212
  }
}