{
  "dataset_revision": null,
  "mteb_dataset_name": "SciFact-PL",
  "mteb_version": "1.1.1",
  "test": {
    "evaluation_time": 17.35,
    "map_at_1": 0.36028,
    "map_at_10": 0.47207,
    "map_at_100": 0.48081,
    "map_at_1000": 0.48138,
    "map_at_3": 0.44019,
    "map_at_5": 0.45969,
    "mrr_at_1": 0.38667,
    "mrr_at_10": 0.48298,
    "mrr_at_100": 0.49019,
    "mrr_at_1000": 0.49069,
    "mrr_at_3": 0.45389,
    "mrr_at_5": 0.47156,
    "ndcg_at_1": 0.38667,
    "ndcg_at_10": 0.52512,
    "ndcg_at_100": 0.56667,
    "ndcg_at_1000": 0.57995,
    "ndcg_at_3": 0.46643,
    "ndcg_at_5": 0.49709,
    "precision_at_1": 0.38667,
    "precision_at_10": 0.076,
    "precision_at_100": 0.0099,
    "precision_at_1000": 0.0011,
    "precision_at_3": 0.19222,
    "precision_at_5": 0.13267,
    "recall_at_1": 0.36028,
    "recall_at_10": 0.67956,
    "recall_at_100": 0.872,
    "recall_at_1000": 0.97333,
    "recall_at_3": 0.52306,
    "recall_at_5": 0.59639
  }
}