{
  "dataset_revision": null,
  "mteb_dataset_name": "SICK-R-PL",
  "mteb_version": "1.1.1",
  "test": {
    "cos_sim": {
      "pearson": 0.8134796838990593,
      "spearman": 0.7617884741024583
    },
    "euclidean": {
      "pearson": 0.8020222135683913,
      "spearman": 0.7655388469312626
    },
    "evaluation_time": 2.66,
    "manhattan": {
      "pearson": 0.8007978881799721,
      "spearman": 0.7644129545069346
    }
  }
}