{
  "dataset_revision": null,
  "mteb_dataset_name": "SICK-E-PL",
  "mteb_version": "1.1.1",
  "test": {
    "cos_sim": {
      "accuracy": 0.8456991439054219,
      "accuracy_threshold": 0.9192628860473633,
      "ap": 0.8056123168198905,
      "f1": 0.7299864314789688,
      "f1_threshold": 0.8773258924484253,
      "precision": 0.6968911917098446,
      "recall": 0.7663817663817664
    },
    "dot": {
      "accuracy": 0.8033020790868325,
      "accuracy_threshold": 7.386475563049316,
      "ap": 0.7007287670894903,
      "f1": 0.6646077825818406,
      "f1_threshold": 6.4866838455200195,
      "precision": 0.5866957470010905,
      "recall": 0.7663817663817664
    },
    "euclidean": {
      "accuracy": 0.8448838157358337,
      "accuracy_threshold": 1.267359733581543,
      "ap": 0.8029663970480356,
      "f1": 0.7310618590803838,
      "f1_threshold": 1.4293937683105469,
      "precision": 0.6825200741198271,
      "recall": 0.7870370370370371
    },
    "evaluation_time": 2.41,
    "manhattan": {
      "accuracy": 0.8450876477782308,
      "accuracy_threshold": 25.66462516784668,
      "ap": 0.8031060965932659,
      "f1": 0.7314814814814814,
      "f1_threshold": 30.77003288269043,
      "precision": 0.682716049382716,
      "recall": 0.7877492877492878
    },
    "max": {
      "accuracy": 0.8456991439054219,
      "ap": 0.8056123168198905,
      "f1": 0.7314814814814814
    }
  }
}