{
  "dataset_revision": "6d1ba47164174a496b7fa5d3569dae26a6813b80",
  "mteb_dataset_name": "STS22",
  "mteb_version": "1.1.1",
  "test": {
    "evaluation_time": 1.84,
    "pl": {
      "cos_sim": {
        "pearson": 0.3405373905321997,
        "spearman": 0.37339452228432096
      },
      "euclidean": {
        "pearson": 0.2734542282143589,
        "spearman": 0.3688659201308723
      },
      "manhattan": {
        "pearson": 0.2728777935938833,
        "spearman": 0.3695945927974416
      }
    }
  }
}