{
  "dataset_revision": "93d57ef91790589e3ce9c365164337a8a78b7632",
  "mteb_dataset_name": "STSBenchmarkMultilingualSTS",
  "mteb_version": "1.7.49",
  "test": {
    "evaluation_time": 0.95,
    "pl": {
      "cos_sim": {
        "pearson": 0.8284898929358555,
        "spearman": 0.8374496920028097
      },
      "euclidean": {
        "pearson": 0.837061539003278,
        "spearman": 0.8359403484613331
      },
      "manhattan": {
        "pearson": 0.8367057970472259,
        "spearman": 0.8348887518053479
      }
    }
  }
}