{
  "dataset_revision": null,
  "mteb_dataset_name": "TRECCOVID-PL",
  "mteb_version": "1.1.1",
  "test": {
    "evaluation_time": 449.88,
    "map_at_1": 0.00118,
    "map_at_10": 0.00676,
    "map_at_100": 0.03143,
    "map_at_1000": 0.07164,
    "map_at_3": 0.00311,
    "map_at_5": 0.00427,
    "mrr_at_1": 0.44,
    "mrr_at_10": 0.57626,
    "mrr_at_100": 0.58012,
    "mrr_at_1000": 0.58012,
    "mrr_at_3": 0.53667,
    "mrr_at_5": 0.55367,
    "ndcg_at_1": 0.43,
    "ndcg_at_10": 0.35227,
    "ndcg_at_100": 0.23541,
    "ndcg_at_1000": 0.24191,
    "ndcg_at_3": 0.41123,
    "ndcg_at_5": 0.37806,
    "precision_at_1": 0.44,
    "precision_at_10": 0.364,
    "precision_at_100": 0.2352,
    "precision_at_1000": 0.10944,
    "precision_at_3": 0.42667,
    "precision_at_5": 0.392,
    "recall_at_1": 0.00118,
    "recall_at_10": 0.00886,
    "recall_at_100": 0.05624,
    "recall_at_1000": 0.23926,
    "recall_at_3": 0.0035,
    "recall_at_5": 0.005
  }
}